label,hl_algorithm,goal_components,c,seed,err_vx,err_vy,err_yaw,ss_err_vx,ss_err_vy,t90_s,fall_rate,mean_ep_len,action_rate,act_legs,jacc,jacc_legs,jacc_arms,jacc_legs_p95,jacc_arms_p95,ajit_legs,ajit_legs_p95,qjit_legs,qjit_legs_p95,act_legs_rad,orient_dev,height_dev,ub_pose_dev,ub_arm_vel,mech_power_w,gait_match,cot,mech_power_copper_w,cot_copper,omega_xy,ss_vx_var,stride_period_s,T_pinned,payload_kg,vx_pinned,repeat,eval_steps
/home/iams/ramlab_ws/src/unitree_rl_mjlab/logs/rsl_rl/h1_2_velocity_a1_v2/2026-08-26_10-02-56_a1a_fullmirror_jacc1e-7_standing15_s42/model_10000.pt,td3,"['velocity', 'orientation', 'height']",8,42,0.05799362063407898,0.07120988517999649,0.08437837660312653,0.05200135335326195,0.07052209973335266,0.58,0.0,600.5,0.8534791469573975,0.7591195106506348,33.907657623291016,47.83086395263672,23.567981719970703,91.35002136230469,29.881732940673828,21492.47265625,67319.4140625,15202.3681640625,31291.404296875,0.1897798776626587,0.024708129465579987,0.00859702005982399,0.0035300906747579575,0.2721100449562073,174.23219299316406,0.9763281345367432,0.5175141588302307,3803.784912109375,11.298214885208509,0.21945302188396454,0.00027716465410776436,0.39359385009609227,0.4,0,0.5,0,1200
/home/iams/ramlab_ws/src/unitree_rl_mjlab/logs/rsl_rl/h1_2_velocity_a1_v2/2026-08-26_10-02-56_a1a_fullmirror_jacc1e-7_standing15_s42/model_10000.pt,td3,"['velocity', 'orientation', 'height']",8,42,0.05780840665102005,0.07033786922693253,0.08290892094373703,0.051818545907735825,0.06966223567724228,0.58,0.0,600.5,0.8547499775886536,0.7616794109344482,33.0043830871582,46.015926361083984,23.381752014160156,84.75604248046875,28.82242202758789,21410.60546875,66841.984375,14093.431640625,30803.67578125,0.19041985273361206,0.023825742304325104,0.008910896256566048,0.0034149789717048407,0.27312949299812317,175.25946044921875,0.9822786450386047,0.5207121656590541,3827.544189453125,11.371990348260871,0.22057807445526123,0.00024926470359787345,0.39369473279507883,0.4,0,0.5,1,1200
/home/iams/ramlab_ws/src/unitree_rl_mjlab/logs/rsl_rl/h1_2_velocity_a1_v2/2026-08-26_10-02-56_a1a_fullmirror_jacc1e-7_standing15_s42/model_10000.pt,td3,"['velocity', 'orientation', 'height']",8,42,0.05711090564727783,0.07116735726594925,0.07919064164161682,0.051020193845033646,0.07048554718494415,0.58,0.0,600.5,0.852161169052124,0.7586683034896851,32.781700134277344,45.739479064941406,23.176551818847656,85.53589630126953,29.674144744873047,21226.029296875,65829.5859375,14095.6630859375,30784.125,0.18966707587242126,0.022955458611249924,0.008776281960308552,0.0034022813197225332,0.27298036217689514,173.1626434326172,0.978600263595581,0.5133063690522539,3819.37451171875,11.321779955044617,0.21959805488586426,0.00030695224995724857,0.39344262295081966,0.4,0,0.5,2,1200
/home/iams/ramlab_ws/src/unitree_rl_mjlab/logs/rsl_rl/h1_2_velocity_a1_v2/2026-08-26_10-02-56_a1a_fullmirror_jacc1e-7_standing15_s42/model_10000.pt,td3,"['velocity', 'orientation', 'height']",8,42,0.057220153510570526,0.07039280980825424,0.08287492394447327,0.05127460137009621,0.06967975944280624,0.58,0.0,600.5,0.8551337718963623,0.7621262669563293,32.612449645996094,45.13151550292969,23.38995361328125,83.87409210205078,28.31714630126953,21281.4140625,65640.46875,13604.5166015625,30793.607421875,0.19053156673908234,0.023997608572244644,0.008932849392294884,0.003477266523987055,0.2740541100502014,174.81703186035156,0.9825390577316284,0.5185511843958825,3856.7978515625,11.440229386479993,0.2220066338777542,0.00028649039450101554,0.393795667222151,0.4,0,0.5,3,1200
/home/iams/ramlab_ws/src/unitree_rl_mjlab/logs/rsl_rl/h1_2_velocity_a1_v2/2026-08-26_10-02-56_a1a_fullmirror_jacc1e-7_standing15_s42/model_10000.pt,td3,"['velocity', 'orientation', 'height']",8,42,0.056646499782800674,0.0709272250533104,0.08089365065097809,0.05079393461346626,0.07024773955345154,0.56,0.0,600.5,0.8610255718231201,0.7638894319534302,33.63201904296875,46.62698745727539,24.051694869995117,85.02747344970703,30.31844711303711,21572.005859375,66063.1328125,14305.4765625,31635.388671875,0.19097235798835754,0.02661709114909172,0.008847863413393497,0.0037619583308696747,0.27373403310775757,177.0900421142578,0.979505181312561,0.5233760280109423,3831.5234375,11.32377227511204,0.221039816737175,0.0003155964659526944,0.3936442849820605,0.4,0,0.5,4,1200
/home/iams/ramlab_ws/src/unitree_rl_mjlab/logs/rsl_rl/h1_2_velocity_a1_v2/2026-08-26_10-02-56_a1a_fullmirror_jacc1e-7_standing15_s42/model_10000.pt,td3,"['velocity', 'orientation', 'height']",8,42,0.056833960115909576,0.07125686854124069,0.08558339625597,0.05083484202623367,0.07054929435253143,0.58,0.0,600.5,0.8517112731933594,0.7569916844367981,33.59153747558594,47.24761962890625,23.44464111328125,93.56488037109375,29.846149444580078,21471.541015625,65117.03515625,14855.65625,32189.958984375,0.18924792110919952,0.024207277223467827,0.008548871614038944,0.003452054690569639,0.27096137404441833,172.92733764648438,0.9791861772537231,0.5122136631502068,3797.405029296875,11.24797614727028,0.21821922063827515,0.000250777171459049,0.39384615384615385,0.4,0,0.5,5,1200
/home/iams/ramlab_ws/src/unitree_rl_mjlab/logs/rsl_rl/h1_2_velocity_a1_v2/2026-08-26_10-02-56_a1a_fullmirror_jacc1e-7_standing15_s42/model_10000.pt,td3,"['velocity', 'orientation', 'height']",8,42,0.05668120086193085,0.07146593928337097,0.07717999070882797,0.050768736749887466,0.07077072560787201,0.58,0.0,600.5,0.8558063507080078,0.7604142427444458,32.843109130859375,45.32175827026367,23.66330337524414,82.63008117675781,29.964021682739258,21237.646484375,66647.0234375,13565.6025390625,30511.244140625,0.19010356068611145,0.025745278224349022,0.008592967875301838,0.00361949042417109,0.2747670114040375,175.95669555664062,0.9827734231948853,0.5201232338827529,3816.081787109375,11.280233717247631,0.22348202764987946,0.00028608491993509233,0.393795667222151,0.4,0,0.5,6,1200
/home/iams/ramlab_ws/src/unitree_rl_mjlab/logs/rsl_rl/h1_2_velocity_a1_v2/2026-08-26_10-02-56_a1a_fullmirror_jacc1e-7_standing15_s42/model_10000.pt,td3,"['velocity', 'orientation', 'height']",8,42,0.057899270206689835,0.07071267813444138,0.08297320455312729,0.05183214694261551,0.07001771777868271,0.58,0.0,600.5,0.8520578145980835,0.7566575407981873,32.6527099609375,45.01864242553711,23.55558204650879,84.77862548828125,29.781461715698242,21190.025390625,68077.640625,13522.11328125,31064.96875,0.18916438519954681,0.023023027926683426,0.008629251271486282,0.0033229582477360964,0.27550533413887024,173.3361358642578,0.9789583086967468,0.5151309826047046,3801.470947265625,11.29744391355643,0.2205876111984253,0.00028017544536851346,0.39369473279507883,0.4,0,0.5,7,1200
/home/iams/ramlab_ws/src/unitree_rl_mjlab/logs/rsl_rl/h1_2_velocity_a1_v2/2026-08-26_10-02-56_a1a_fullmirror_jacc1e-7_standing15_s42/model_10000.pt,td3,"['velocity', 'orientation', 'height']",8,42,0.054918188601732254,0.07832982391119003,0.09067175537347794,0.04919779673218727,0.07751252502202988,0.6,0.0,600.5,0.8195406794548035,0.7137666344642639,32.4297981262207,44.25096893310547,23.782859802246094,91.7322769165039,31.208824157714844,20431.716796875,65731.671875,13766.865234375,33009.43359375,0.17844165861606598,0.026945987716317177,0.009069714695215225,0.0037255033385008574,0.26751068234443665,173.90220642089844,0.9572330713272095,0.4973931259086679,3964.97509765625,11.34057774547767,0.22388900816440582,0.0004735059046652168,0.4438664932813177,0.45,0,0.5,0,1200
/home/iams/ramlab_ws/src/unitree_rl_mjlab/logs/rsl_rl/h1_2_velocity_a1_v2/2026-08-26_10-02-56_a1a_fullmirror_jacc1e-7_standing15_s42/model_10000.pt,td3,"['velocity', 'orientation', 'height']",8,42,0.056541651487350464,0.07821043580770493,0.08515854179859161,0.05069948360323906,0.07733981311321259,0.6,0.0,600.5,0.8112908005714417,0.7073898315429688,31.30499267578125,42.14255142211914,23.43518829345703,86.64745330810547,30.2304744720459,20043.7734375,60801.56640625,12575.8447265625,30322.80078125,0.1768474578857422,0.024072343483567238,0.009095498360693455,0.0033405045978724957,0.2709833085536957,171.75143432617188,0.9584570527076721,0.4958852638840447,3948.902099609375,11.401374278155597,0.22276893258094788,0.00042249326361343265,0.44380236925744004,0.45,0,0.5,1,1200
/home/iams/ramlab_ws/src/unitree_rl_mjlab/logs/rsl_rl/h1_2_velocity_a1_v2/2026-08-26_10-02-56_a1a_fullmirror_jacc1e-7_standing15_s42/model_10000.pt,td3,"['velocity', 'orientation', 'height']",8,42,0.055338453501462936,0.07825639843940735,0.0865558385848999,0.04961342364549637,0.07743293792009354,0.6,0.0,600.5,0.8216796517372131,0.7156714797019958,32.15269470214844,43.65667724609375,23.773427963256836,90.81524658203125,30.98845672607422,20312.53125,66210.03125,13419.4970703125,32125.6484375,0.17891786992549896,0.027537791058421135,0.009469849057495594,0.003796709468588233,0.2701228857040405,174.61907958984375,0.95486980676651,0.4996730248051171,3983.1455078125,11.397782937218059,0.22497937083244324,0.0005547510227188468,0.4437382637584862,0.45,0,0.5,2,1200
/home/iams/ramlab_ws/src/unitree_rl_mjlab/logs/rsl_rl/h1_2_velocity_a1_v2/2026-08-26_10-02-56_a1a_fullmirror_jacc1e-7_standing15_s42/model_10000.pt,td3,"['velocity', 'orientation', 'height']",8,42,0.05634190887212753,0.07887350022792816,0.09040287137031555,0.05054027587175369,0.07807730883359909,0.6,0.0,600.5,0.8152073621749878,0.7105505466461182,31.178586959838867,41.823551177978516,23.4505615234375,84.0710678100586,31.049715042114258,20051.525390625,63619.3359375,12344.7080078125,30307.04296875,0.17763763666152954,0.025262657552957535,0.008884960785508156,0.0035293984692543745,0.26930588483810425,172.37557983398438,0.9583463668823242,0.4960164307775088,3961.39501953125,11.39904577505509,0.22352109849452972,0.0004352500254753977,0.4441873915558126,0.45,0,0.5,3,1200
/home/iams/ramlab_ws/src/unitree_rl_mjlab/logs/rsl_rl/h1_2_velocity_a1_v2/2026-08-26_10-02-56_a1a_fullmirror_jacc1e-7_standing15_s42/model_10000.pt,td3,"['velocity', 'orientation', 'height']",8,42,0.055711980909109116,0.07863936573266983,0.08628641813993454,0.049941010773181915,0.0778033658862114,0.6,0.0,600.5,0.8152055740356445,0.7094963192939758,32.20775604248047,43.8871955871582,23.673782348632812,91.96646118164062,30.892717361450195,20291.693359375,64793.91796875,13622.9541015625,32056.1171875,0.17737407982349396,0.02584780938923359,0.009151390753686428,0.0034536567982286215,0.269317626953125,171.58306884765625,0.9587825536727905,0.494155686752152,3935.681640625,11.334681752610333,0.22005562484264374,0.0003949159290641546,0.44335401933901,0.45,0,0.5,4,1200
/home/iams/ramlab_ws/src/unitree_rl_mjlab/logs/rsl_rl/h1_2_velocity_a1_v2/2026-08-26_10-02-56_a1a_fullmirror_jacc1e-7_standing15_s42/model_10000.pt,td3,"['velocity', 'orientation', 'height']",8,42,0.05893690139055252,0.07868149131536484,0.09137555211782455,0.05307527631521225,0.07788907736539841,0.6,0.0,600.5,0.8139638304710388,0.7112554311752319,30.878681182861328,41.4342041015625,23.235912322998047,81.74068450927734,30.376808166503906,20039.302734375,63490.3203125,12226.681640625,29674.837890625,0.17781385779380798,0.024487372487783432,0.00943965744227171,0.003491038456559181,0.2705511450767517,172.7657928466797,0.9594270586967468,0.5017444468344371,3982.568359375,11.56613081741068,0.22137853503227234,0.0005167219205759466,0.4442516268980477,0.45,0,0.5,5,1200
/home/iams/ramlab_ws/src/unitree_rl_mjlab/logs/rsl_rl/h1_2_velocity_a1_v2/2026-08-26_10-02-56_a1a_fullmirror_jacc1e-7_standing15_s42/model_10000.pt,td3,"['velocity', 'orientation', 'height']",8,42,0.05590319260954857,0.07911975681781769,0.08768782764673233,0.05012960359454155,0.07825978100299835,0.6,0.0,600.5,0.8155596256256104,0.7107406258583069,31.44228172302246,42.46253204345703,23.426721572875977,88.28490447998047,30.651453018188477,20134.341796875,63613.45703125,12675.3173828125,30318.189453125,0.17768515646457672,0.025861475616693497,0.00897982157766819,0.0034904186613857746,0.2678866684436798,172.52232360839844,0.9586263298988342,0.4952830769043966,3958.262939453125,11.363519709819148,0.2223263531923294,0.0004090298025403172,0.4441231747867573,0.45,0,0.5,6,1200
/home/iams/ramlab_ws/src/unitree_rl_mjlab/logs/rsl_rl/h1_2_velocity_a1_v2/2026-08-26_10-02-56_a1a_fullmirror_jacc1e-7_standing15_s42/model_10000.pt,td3,"['velocity', 'orientation', 'height']",8,42,0.05728505924344063,0.07866918295621872,0.09280550479888916,0.05147666111588478,0.07782261073589325,0.6,0.0,600.5,0.8171737194061279,0.710083544254303,31.1669864654541,41.294559478759766,23.904857635498047,82.8209228515625,30.8580322265625,19955.37109375,61351.6796875,12074.771484375,30093.33984375,0.17752088606357574,0.025746652856469154,0.00924339983612299,0.0036113255191594362,0.2731330096721649,173.44595336914062,0.9586197733879089,0.49971297331378434,3960.5849609375,11.410791488172626,0.22419163584709167,0.0004095401964150369,0.4444444444444444,0.45,0,0.5,7,1200
/home/iams/ramlab_ws/src/unitree_rl_mjlab/logs/rsl_rl/h1_2_velocity_a1_v2/2026-08-26_10-02-56_a1a_fullmirror_jacc1e-7_standing15_s42/model_10000.pt,td3,"['velocity', 'orientation', 'height']",8,42,0.05628139525651932,0.083371102809906,0.08562614023685455,0.05076022073626518,0.08234503120183945,0.46,0.0,600.5,0.8120256662368774,0.6845269203186035,30.042245864868164,38.27772521972656,24.37589454650879,77.73265075683594,31.881601333618164,18844.267578125,57623.51953125,11060.67578125,27833.6484375,0.17113173007965088,0.02647591009736061,0.010669413954019547,0.003708070144057274,0.27739566564559937,174.65774536132812,0.9320833086967468,0.48871219993471265,4126.79931640625,11.547254395511706,0.21723473072052002,0.00046383540029637516,0.4890162368672397,0.5,0,0.5,0,1200
/home/iams/ramlab_ws/src/unitree_rl_mjlab/logs/rsl_rl/h1_2_velocity_a1_v2/2026-08-26_10-02-56_a1a_fullmirror_jacc1e-7_standing15_s42/model_10000.pt,td3,"['velocity', 'orientation', 'height']",8,42,0.05653900280594826,0.0829310268163681,0.08601458370685577,0.05099913477897644,0.08192367851734161,0.46,0.0,600.5,0.8088836073875427,0.6827459335327148,30.388919830322266,39.2493896484375,24.212825775146484,83.87731170654297,32.05213928222656,19000.234375,59354.12890625,11577.4619140625,30156.4375,0.1706864833831787,0.027193227782845497,0.010258953087031841,0.0036013091448694468,0.2757395803928375,174.6062774658203,0.9339388012886047,0.48681852855920543,4100.85009765625,11.433551721320564,0.22008885443210602,0.0005035497597418725,0.4887050588609609,0.5,0,0.5,1,1200
/home/iams/ramlab_ws/src/unitree_rl_mjlab/logs/rsl_rl/h1_2_velocity_a1_v2/2026-08-26_10-02-56_a1a_fullmirror_jacc1e-7_standing15_s42/model_10000.pt,td3,"['velocity', 'orientation', 'height']",8,42,0.057791467756032944,0.08335888385772705,0.08527961373329163,0.05221075937151909,0.08231459558010101,0.46,0.0,600.5,0.8084847927093506,0.6810421943664551,30.444381713867188,39.37895965576172,24.215848922729492,83.45877838134766,31.914894104003906,18990.638671875,58207.29296875,11730.150390625,29224.62109375,0.17026054859161377,0.025665251538157463,0.010492311790585518,0.003574491711333394,0.2790904641151428,174.7419891357422,0.9324869513511658,0.4906004075684681,4107.48779296875,11.532059890258097,0.2192431390285492,0.0005773457232862711,0.4882390336935791,0.5,0,0.5,2,1200
/home/iams/ramlab_ws/src/unitree_rl_mjlab/logs/rsl_rl/h1_2_velocity_a1_v2/2026-08-26_10-02-56_a1a_fullmirror_jacc1e-7_standing15_s42/model_10000.pt,td3,"['velocity', 'orientation', 'height']",8,42,0.05503248795866966,0.08305326849222183,0.0842939019203186,0.049621373414993286,0.08197832107543945,0.46,0.0,600.5,0.8206401467323303,0.6911225914955139,30.90508460998535,39.72889709472656,24.806337356567383,82.91757202148438,32.184173583984375,19203.951171875,56458.37109375,11802.8427734375,30373.173828125,0.17278064787387848,0.02896140143275261,0.010752509348094463,0.003888628911226988,0.2789219915866852,177.5904998779297,0.932141900062561,0.4916071557904812,4140.68212890625,11.462262897698892,0.22131159901618958,0.0005857246578671038,0.48738695859114706,0.5,0,0.5,3,1200
/home/iams/ramlab_ws/src/unitree_rl_mjlab/logs/rsl_rl/h1_2_velocity_a1_v2/2026-08-26_10-02-56_a1a_fullmirror_jacc1e-7_standing15_s42/model_10000.pt,td3,"['velocity', 'orientation', 'height']",8,42,0.055570874363183975,0.08309067785739899,0.08715002983808517,0.05014105886220932,0.08203745633363724,0.46,0.0,600.5,0.8198676705360413,0.6892175078392029,30.967456817626953,39.83305358886719,24.8156795501709,84.84284210205078,32.42024612426758,19121.462890625,58595.85546875,11881.1279296875,31293.09375,0.17230437695980072,0.02924206666648388,0.010388754308223724,0.003990716300904751,0.2768361270427704,176.8036651611328,0.9337499737739563,0.4886746684582612,4102.890625,11.340141403149666,0.22214029729366302,0.000566275732126087,0.48746429704855604,0.5,0,0.5,4,1200
/home/iams/ramlab_ws/src/unitree_rl_mjlab/logs/rsl_rl/h1_2_velocity_a1_v2/2026-08-26_10-02-56_a1a_fullmirror_jacc1e-7_standing15_s42/model_10000.pt,td3,"['velocity', 'orientation', 'height']",8,42,0.05700189620256424,0.08258774131536484,0.08432239294052124,0.051455263048410416,0.08155403286218643,0.46,0.0,600.5,0.8086490631103516,0.6817877888679504,30.424243927001953,39.405967712402344,24.15174674987793,82.26853942871094,31.26344871520996,18934.791015625,57781.125,11651.9404296875,30650.548828125,0.1704469472169876,0.026268739253282547,0.010422243736684322,0.003619838273152709,0.2771092355251312,174.46153259277344,0.9330143332481384,0.4882213265632949,4108.55224609375,11.497564505245274,0.21816657483577728,0.0005397057975642383,0.48924988055422836,0.5,0,0.5,5,1200
/home/iams/ramlab_ws/src/unitree_rl_mjlab/logs/rsl_rl/h1_2_velocity_a1_v2/2026-08-26_10-02-56_a1a_fullmirror_jacc1e-7_standing15_s42/model_10000.pt,td3,"['velocity', 'orientation', 'height']",8,42,0.05723830685019493,0.08289803564548492,0.07986032217741013,0.05169886723160744,0.08187747001647949,0.46,0.0,600.5,0.8114196062088013,0.6834253668785095,30.633909225463867,39.565452575683594,24.428232192993164,82.52855682373047,32.14931106567383,18914.064453125,56999.43359375,11755.1630859375,30233.298828125,0.17085634171962738,0.026180695742368698,0.010688485577702522,0.0035829010885208845,0.2784973084926605,175.39393615722656,0.932910144329071,0.4904878668659557,4132.99072265625,11.557879894562479,0.21876659989356995,0.0006164027145132422,0.4878513577894235,0.5,0,0.5,6,1200
/home/iams/ramlab_ws/src/unitree_rl_mjlab/logs/rsl_rl/h1_2_velocity_a1_v2/2026-08-26_10-02-56_a1a_fullmirror_jacc1e-7_standing15_s42/model_10000.pt,td3,"['velocity', 'orientation', 'height']",8,42,0.05665144696831703,0.08303293585777283,0.08379871398210526,0.05117718130350113,0.08197560161352158,0.46,0.0,600.5,0.8143415451049805,0.6871559619903564,30.281536102294922,38.740333557128906,24.423309326171875,79.66435241699219,33.05864334106445,18994.3125,59738.03125,11228.8408203125,29021.63671875,0.1717889904975891,0.027850313112139702,0.010353933088481426,0.0038911374285817146,0.27617114782333374,175.5347900390625,0.9336458444595337,0.4873705991631687,4115.95751953125,11.427914288339812,0.22134821116924286,0.0006074875127524137,0.48862732622872596,0.5,0,0.5,7,1200
/home/iams/ramlab_ws/src/unitree_rl_mjlab/logs/rsl_rl/h1_2_velocity_a1_v2/2026-08-26_10-02-56_a1a_fullmirror_jacc1e-7_standing15_s42/model_10000.pt,td3,"['velocity', 'orientation', 'height']",8,42,0.05915643647313118,0.08797266334295273,0.08450042456388474,0.05417603626847267,0.08649145066738129,0.46,0.0,600.5,0.8500739336013794,0.6850195527076721,30.729732513427734,37.2652587890625,26.572086334228516,73.7086410522461,33.585296630859375,18954.99609375,57835.84375,10860.8544921875,28507.568359375,0.17125488817691803,0.028461189940571785,0.011961772106587887,0.0037772743962705135,0.30529096722602844,185.93502807617188,0.8761132955551147,0.497102092568204,4289.8251953125,11.468957248020631,0.21264269948005676,0.0008840953814797103,0.5297465080186239,0.55,0,0.5,0,1200
/home/iams/ramlab_ws/src/unitree_rl_mjlab/logs/rsl_rl/h1_2_velocity_a1_v2/2026-08-26_10-02-56_a1a_fullmirror_jacc1e-7_standing15_s42/model_10000.pt,td3,"['velocity', 'orientation', 'height']",8,42,0.0578012578189373,0.0873183086514473,0.09452347457408905,0.05271608754992485,0.08590885251760483,0.48,0.0,600.5,0.8458582758903503,0.6822015047073364,31.070707321166992,38.35266876220703,26.290584564208984,79.3158187866211,34.13774490356445,19129.033203125,59277.08984375,11571.236328125,30629.765625,0.1705503761768341,0.02766803465783596,0.012041081674396992,0.0037057518493384123,0.3051809072494507,185.07798767089844,0.8759765625,0.49698384441732796,4285.9306640625,11.50887045651948,0.21444104611873627,0.0006850366480648518,0.5318559556786704,0.55,0,0.5,1,1200
/home/iams/ramlab_ws/src/unitree_rl_mjlab/logs/rsl_rl/h1_2_velocity_a1_v2/2026-08-26_10-02-56_a1a_fullmirror_jacc1e-7_standing15_s42/model_10000.pt,td3,"['velocity', 'orientation', 'height']",8,42,0.059452228248119354,0.08776620030403137,0.08741778880357742,0.054562173783779144,0.0863177478313446,0.46,0.0,600.5,0.8591892123222351,0.6910131573677063,31.632984161376953,38.963600158691406,26.8469295501709,82.46781158447266,34.19467544555664,19394.34375,59912.90234375,11831.7197265625,31194.626953125,0.17275328934192657,0.02900833450257778,0.012680155225098133,0.0040428549982607365,0.3097078502178192,189.0496368408203,0.8734700679779053,0.5024417089648859,4316.76171875,11.472761079341044,0.21394315361976624,0.0010424789506942034,0.5275631117980423,0.55,0,0.5,2,1200
/home/iams/ramlab_ws/src/unitree_rl_mjlab/logs/rsl_rl/h1_2_velocity_a1_v2/2026-08-26_10-02-56_a1a_fullmirror_jacc1e-7_standing15_s42/model_10000.pt,td3,"['velocity', 'orientation', 'height']",8,42,0.06009722501039505,0.08866538107395172,0.08775725215673447,0.05527358874678612,0.08716916292905807,0.46,0.0,600.5,0.8604010343551636,0.6909569501876831,31.042200088500977,37.25630187988281,27.1466007232666,74.09607696533203,34.87571716308594,19198.501953125,58468.75390625,10754.9619140625,28502.4375,0.17273923754692078,0.02995872125029564,0.011556022800505161,0.0039342250674963,0.3076002895832062,187.54087829589844,0.8782617449760437,0.4932858977897805,4268.1572265625,11.226467113871145,0.22097839415073395,0.0009921456221491098,0.5315798581069389,0.55,0,0.5,3,1200
/home/iams/ramlab_ws/src/unitree_rl_mjlab/logs/rsl_rl/h1_2_velocity_a1_v2/2026-08-26_10-02-56_a1a_fullmirror_jacc1e-7_standing15_s42/model_10000.pt,td3,"['velocity', 'orientation', 'height']",8,42,0.0585818737745285,0.08735182136297226,0.08708394318819046,0.05357137694954872,0.08593542128801346,0.46,0.0,600.5,0.8471531867980957,0.6856552958488464,30.375253677368164,36.85390853881836,26.230806350708008,75.62964630126953,33.76960372924805,19027.958984375,59194.609375,10751.5966796875,29122.876953125,0.1714138239622116,0.028276849538087845,0.011945223435759544,0.0038955199997872114,0.3028905689716339,184.91188049316406,0.8757030963897705,0.4938474049336136,4287.3125,11.45020178129783,0.2145848274230957,0.0007859022007323802,0.5335185828412643,0.55,0,0.5,4,1200
/home/iams/ramlab_ws/src/unitree_rl_mjlab/logs/rsl_rl/h1_2_velocity_a1_v2/2026-08-26_10-02-56_a1a_fullmirror_jacc1e-7_standing15_s42/model_10000.pt,td3,"['velocity', 'orientation', 'height']",8,42,0.05972755327820778,0.08812157809734344,0.09184412658214569,0.05472000688314438,0.08668457716703415,0.46,0.0,600.5,0.8528851270675659,0.686954140663147,31.14559555053711,38.06341552734375,26.676172256469727,77.79669189453125,34.164222717285156,19205.107421875,59582.1484375,11344.8310546875,29844.556640625,0.17173853516578674,0.028242327272892,0.012025364674627781,0.0039130281656980515,0.30765679478645325,186.53369140625,0.875683605670929,0.49603076425592646,4288.646484375,11.404377295864975,0.21313688158988953,0.0010302000446245074,0.5304783284406838,0.55,0,0.5,5,1200
/home/iams/ramlab_ws/src/unitree_rl_mjlab/logs/rsl_rl/h1_2_velocity_a1_v2/2026-08-26_10-02-56_a1a_fullmirror_jacc1e-7_standing15_s42/model_10000.pt,td3,"['velocity', 'orientation', 'height']",8,42,0.06044008210301399,0.08779489994049072,0.09110032021999359,0.05552209913730621,0.08633086085319519,0.46,0.0,600.5,0.8526550531387329,0.6881094574928284,30.911012649536133,37.66154861450195,26.562292098999023,78.64110565185547,33.96814727783203,19075.572265625,59559.00390625,11114.375,29920.72265625,0.1720273643732071,0.029537057504057884,0.0119907446205616,0.004078435245901346,0.30507680773735046,187.10658264160156,0.8753840923309326,0.49726737565962964,4293.27099609375,11.410091601289306,0.21639946103096008,0.0011657584691420197,0.5282889079965606,0.55,0,0.5,6,1200
/home/iams/ramlab_ws/src/unitree_rl_mjlab/logs/rsl_rl/h1_2_velocity_a1_v2/2026-08-26_10-02-56_a1a_fullmirror_jacc1e-7_standing15_s42/model_10000.pt,td3,"['velocity', 'orientation', 'height']",8,42,0.06057346239686012,0.08758269250392914,0.0879155695438385,0.0556752011179924,0.08609071373939514,0.46,0.0,600.5,0.8554184436798096,0.6908879280090332,30.516965866088867,36.7740364074707,26.566997528076172,73.34831237792969,33.98490905761719,19057.640625,59567.8046875,10555.708984375,27931.83203125,0.1727219820022583,0.028236834332346916,0.01201917789876461,0.003893439657986164,0.30701184272766113,187.30320739746094,0.8758984208106995,0.49648381536361225,4308.388671875,11.420227994047362,0.21629254519939423,0.0011309157125651836,0.5323167561947669,0.55,0,0.5,7,1200
/home/iams/ramlab_ws/src/unitree_rl_mjlab/logs/rsl_rl/h1_2_velocity_a1_v2/2026-08-26_10-02-56_a1a_fullmirror_jacc1e-7_standing15_s42/model_10000.pt,td3,"['velocity', 'orientation', 'height']",8,42,0.0733119323849678,0.08985433727502823,0.11651735752820969,0.0688614621758461,0.08851282298564911,0.48,0.0,600.5,0.9260039925575256,0.7159661054611206,33.30599594116211,39.13134765625,29.72097396850586,75.07593536376953,41.076805114746094,19779.5078125,54045.34765625,12021.578125,31364.16796875,0.17899152636528015,0.032341040670871735,0.013830393552780151,0.004806167911738157,0.3519499599933624,207.74978637695312,0.8276171684265137,0.5176065380380556,4463.36474609375,11.120428400071402,0.22698380053043365,0.0020364646334201097,0.5594609360772173,0.6,0,0.5,0,1200
/home/iams/ramlab_ws/src/unitree_rl_mjlab/logs/rsl_rl/h1_2_velocity_a1_v2/2026-08-26_10-02-56_a1a_fullmirror_jacc1e-7_standing15_s42/model_10000.pt,td3,"['velocity', 'orientation', 'height']",8,42,0.0716799646615982,0.09088433533906937,0.11144787073135376,0.06731807440519333,0.0899188220500946,0.48,0.0,600.5,0.9223043322563171,0.7143410444259644,33.03404998779297,38.66994857788086,29.593965530395508,73.66341400146484,40.617591857910156,19875.220703125,55199.6953125,11760.080078125,31418.740234375,0.1785852611064911,0.032108839601278305,0.01380656287074089,0.0047004749067127705,0.35110265016555786,205.62234497070312,0.82958984375,0.5155921386070325,4451.54931640625,11.16213030256511,0.2272256761789322,0.001859024167060852,0.5594609360772173,0.6,0,0.5,1,1200
/home/iams/ramlab_ws/src/unitree_rl_mjlab/logs/rsl_rl/h1_2_velocity_a1_v2/2026-08-26_10-02-56_a1a_fullmirror_jacc1e-7_standing15_s42/model_10000.pt,td3,"['velocity', 'orientation', 'height']",8,42,0.07401499897241592,0.0932934582233429,0.1177283227443695,0.06950691342353821,0.09239547699689865,0.48,2.604166729724966e-05,594.7377319335938,0.9277234077453613,0.7153334021568298,33.51526641845703,39.33490753173828,29.921337127685547,74.7381362915039,41.424102783203125,19835.83203125,54456.640625,12049.7265625,31505.515625,0.17883335053920746,0.03289574757218361,0.013371307402849197,0.004877137485891581,0.3527805507183075,209.31695556640625,0.8308789134025574,0.5194434974352277,4446.78466796875,11.035194742314836,0.2339828759431839,0.0024577099829912186,0.553015301530153,0.6,0,0.5,2,1200
/home/iams/ramlab_ws/src/unitree_rl_mjlab/logs/rsl_rl/h1_2_velocity_a1_v2/2026-08-26_10-02-56_a1a_fullmirror_jacc1e-7_standing15_s42/model_10000.pt,td3,"['velocity', 'orientation', 'height']",8,42,0.06976209580898285,0.09030678123235703,0.11383306980133057,0.06531983613967896,0.08938272297382355,0.48,1.302083364862483e-05,595.8051147460938,0.9117910265922546,0.7052518129348755,32.45928955078125,37.92039489746094,29.17253303527832,72.40336608886719,39.48592758178711,19416.072265625,53032.6640625,11484.1435546875,30817.80859375,0.17631295323371887,0.030416879802942276,0.014119145460426807,0.004432145040482283,0.3461841344833374,203.31968688964844,0.8284244537353516,0.5153679617850608,4440.5517578125,11.25576196649256,0.22104573249816895,0.0027453151997178793,0.5534137993154387,0.6,0,0.5,3,1200
/home/iams/ramlab_ws/src/unitree_rl_mjlab/logs/rsl_rl/h1_2_velocity_a1_v2/2026-08-26_10-02-56_a1a_fullmirror_jacc1e-7_standing15_s42/model_10000.pt,td3,"['velocity', 'orientation', 'height']",8,42,0.07330844551324844,0.09045235812664032,0.11012755334377289,0.06889358162879944,0.08942542225122452,0.48,0.0,600.5,0.9196494221687317,0.712630033493042,32.437252044677734,37.681060791015625,29.306438446044922,70.0094223022461,40.76337432861328,19747.396484375,54859.80859375,11217.5390625,29772.5078125,0.1781575083732605,0.03074798174202442,0.01350389327853918,0.004562844056636095,0.3489365577697754,204.86244201660156,0.830065131187439,0.5151714402815818,4437.107421875,11.158077387151309,0.2263917326927185,0.0022651306353509426,0.5582409594766491,0.6,0,0.5,4,1200
/home/iams/ramlab_ws/src/unitree_rl_mjlab/logs/rsl_rl/h1_2_velocity_a1_v2/2026-08-26_10-02-56_a1a_fullmirror_jacc1e-7_standing15_s42/model_10000.pt,td3,"['velocity', 'orientation', 'height']",8,42,0.07573559880256653,0.09042137861251831,0.1305689662694931,0.07117374241352081,0.08911741524934769,0.48,1.302083364862483e-05,596.1195068359375,0.9277264475822449,0.7146796584129333,34.319480895996094,41.02687454223633,30.027503967285156,74.70437622070312,40.871707916259766,19847.048828125,53286.66796875,13061.544921875,32862.95703125,0.17866991460323334,0.03257903829216957,0.013689211569726467,0.004972394090145826,0.35367169976234436,211.12625122070312,0.8281770944595337,0.5222299382013813,4468.71142578125,11.053551661999794,0.23451034724712372,0.002331247553229332,0.5532144786601837,0.6,0,0.5,5,1200
/home/iams/ramlab_ws/src/unitree_rl_mjlab/logs/rsl_rl/h1_2_velocity_a1_v2/2026-08-26_10-02-56_a1a_fullmirror_jacc1e-7_standing15_s42/model_10000.pt,td3,"['velocity', 'orientation', 'height']",8,42,0.07091421633958817,0.0909707322716713,0.1032346859574318,0.06642825901508331,0.08987519890069962,0.48,0.0,600.5,0.9206928610801697,0.712053656578064,32.6262092590332,37.6828727722168,29.675533294677734,75.3013687133789,40.873924255371094,19534.87890625,53775.41015625,11217.4912109375,30069.36328125,0.178013414144516,0.03140145167708397,0.013533992692828178,0.004671222995966673,0.3479955494403839,203.5000762939453,0.8337500095367432,0.5100008342089118,4432.04345703125,11.107344505441981,0.2212660014629364,0.0018872367218136787,0.5567234505255527,0.6,0,0.5,6,1200
/home/iams/ramlab_ws/src/unitree_rl_mjlab/logs/rsl_rl/h1_2_velocity_a1_v2/2026-08-26_10-02-56_a1a_fullmirror_jacc1e-7_standing15_s42/model_10000.pt,td3,"['velocity', 'orientation', 'height']",8,42,0.07252512127161026,0.09168365597724915,0.12217652797698975,0.06789015978574753,0.09000635147094727,0.48,3.9062499126885086e-05,594.1211547851562,0.9225749373435974,0.7125304341316223,33.619049072265625,39.87300109863281,29.71352195739746,79.17012786865234,40.311378479003906,19669.404296875,53408.65234375,12551.2529296875,34725.28515625,0.17813260853290558,0.031840160489082336,0.013987462967634201,0.004711405839771032,0.3508642017841339,210.40760803222656,0.8290559649467468,0.5290811979889816,4482.80078125,11.272244291464128,0.22676177322864532,0.003173316363245249,0.5553145336225597,0.6,0,0.5,7,1200
/home/iams/ramlab_ws/src/unitree_rl_mjlab/logs/rsl_rl/h1_2_velocity_a1_v2/2026-08-26_10-02-56_a1a_fullmirror_jacc1e-7_standing15_s42/model_10000.pt,td3,"['velocity', 'orientation', 'height']",8,42,0.05945245176553726,0.06802608072757721,0.08922362327575684,0.053391944617033005,0.06726125627756119,0.58,0.0,600.5,0.8648104667663574,0.770788848400116,31.492643356323242,43.074222564697266,23.012693405151367,78.58955383300781,29.271160125732422,21250.1015625,64873.9921875,12899.16015625,27502.302734375,0.192697212100029,0.028541794046759605,0.011801699176430702,0.004156511276960373,0.2772207260131836,180.89950561523438,0.9877669215202332,0.5391213422981126,4255.03466796875,12.680962399127143,0.2281399816274643,0.00047089497093111277,0.3933922397233961,0.4,4,0.5,0,1200
/home/iams/ramlab_ws/src/unitree_rl_mjlab/logs/rsl_rl/h1_2_velocity_a1_v2/2026-08-26_10-02-56_a1a_fullmirror_jacc1e-7_standing15_s42/model_10000.pt,td3,"['velocity', 'orientation', 'height']",8,42,0.06381096690893173,0.06808707863092422,0.08239614963531494,0.057569753378629684,0.06733421981334686,0.58,0.0,600.5,0.8595820665359497,0.7655311822891235,31.630809783935547,43.40909957885742,23.02190589904785,80.47673034667969,28.654529571533203,21102.10546875,63768.5390625,13114.96875,27318.1484375,0.19138279557228088,0.024692675098776817,0.01142555195838213,0.003937946166843176,0.2804013192653656,178.84730529785156,0.9880924224853516,0.5401336661102152,4233.41357421875,12.785257743748971,0.22155791521072388,0.00043371599167585373,0.393543428132206,0.4,4,0.5,1,1200
/home/iams/ramlab_ws/src/unitree_rl_mjlab/logs/rsl_rl/h1_2_velocity_a1_v2/2026-08-26_10-02-56_a1a_fullmirror_jacc1e-7_standing15_s42/model_10000.pt,td3,"['velocity', 'orientation', 'height']",8,42,0.05849020555615425,0.06769154965877533,0.08586766570806503,0.052418261766433716,0.06696195155382156,0.58,0.0,600.5,0.8602277636528015,0.7703220248222351,30.75937843322754,42.223506927490234,22.320640563964844,78.09835052490234,28.4276180267334,21191.025390625,66555.2578125,12462.9052734375,27522.53515625,0.19258050620555878,0.028034938499331474,0.011328000575304031,0.004019423853605986,0.27287089824676514,178.60682678222656,0.9886067509651184,0.5307379916688794,4233.01513671875,12.578589587426011,0.22774042189121246,0.0004569796146824956,0.3933418693982074,0.4,4,0.5,2,1200
/home/iams/ramlab_ws/src/unitree_rl_mjlab/logs/rsl_rl/h1_2_velocity_a1_v2/2026-08-26_10-02-56_a1a_fullmirror_jacc1e-7_standing15_s42/model_10000.pt,td3,"['velocity', 'orientation', 'height']",8,42,0.06311489641666412,0.06790818274021149,0.08393792062997818,0.05686383321881294,0.06715399026870728,0.58,0.0,600.5,0.8600170016288757,0.7675866484642029,31.423248291015625,43.427833557128906,22.585365295410156,82.5815200805664,28.977357864379883,21090.947265625,66488.8984375,13164.755859375,29122.576171875,0.19189666211605072,0.025909125804901123,0.011263423599302769,0.003979714587330818,0.2805742025375366,178.89585876464844,0.9864583611488342,0.5390967829375007,4253.9765625,12.81921924130497,0.22688236832618713,0.0004545002884697169,0.393543428132206,0.4,4,0.5,3,1200
/home/iams/ramlab_ws/src/unitree_rl_mjlab/logs/rsl_rl/h1_2_velocity_a1_v2/2026-08-26_10-02-56_a1a_fullmirror_jacc1e-7_standing15_s42/model_10000.pt,td3,"['velocity', 'orientation', 'height']",8,42,0.06110555678606033,0.06791891902685165,0.08472330123186111,0.055035628378391266,0.06717383861541748,0.58,0.0,600.5,0.8629124760627747,0.770319938659668,31.80108642578125,43.92549514770508,22.898826599121094,82.54540252685547,28.99654197692871,21196.978515625,64646.1875,13306.4521484375,29724.60546875,0.192579984664917,0.027376404032111168,0.011360537260770798,0.003993035294115543,0.27746376395225525,180.51611328125,0.9884309768676758,0.5399233342615719,4229.0419921875,12.649055351208093,0.22482015192508698,0.0004275216197129339,0.3933922397233961,0.4,4,0.5,4,1200
/home/iams/ramlab_ws/src/unitree_rl_mjlab/logs/rsl_rl/h1_2_velocity_a1_v2/2026-08-26_10-02-56_a1a_fullmirror_jacc1e-7_standing15_s42/model_10000.pt,td3,"['velocity', 'orientation', 'height']",8,42,0.06127602234482765,0.06787168234586716,0.08303132653236389,0.05517595633864403,0.0671328529715538,0.58,0.0,600.5,0.8639315962791443,0.7722411751747131,30.831478118896484,42.193450927734375,22.534088134765625,77.0145263671875,28.447265625,21034.009765625,65817.03125,12452.775390625,28917.05859375,0.19306029379367828,0.029628649353981018,0.01204222533851862,0.004288381431251764,0.27656200528144836,180.48326110839844,0.99044269323349,0.5394969789400161,4285.0888671875,12.808902777099933,0.23076395690441132,0.00055791245540604,0.3933418693982074,0.4,4,0.5,5,1200
/home/iams/ramlab_ws/src/unitree_rl_mjlab/logs/rsl_rl/h1_2_velocity_a1_v2/2026-08-26_10-02-56_a1a_fullmirror_jacc1e-7_standing15_s42/model_10000.pt,td3,"['velocity', 'orientation', 'height']",8,42,0.06386473774909973,0.06792110204696655,0.0816475972533226,0.057675935328006744,0.06715964525938034,0.58,0.0,600.5,0.8577079772949219,0.765661358833313,31.184642791748047,42.74726486206055,22.735349655151367,79.87936401367188,28.265859603881836,21071.361328125,65987.3359375,12773.498046875,27314.822265625,0.19141533970832825,0.02545226737856865,0.011469680815935135,0.003926822450011969,0.2802491784095764,178.18515014648438,0.9875586032867432,0.538909736000764,4251.7099609375,12.859028932985952,0.22662755846977234,0.0004064785607624799,0.3932915119702983,0.4,4,0.5,6,1200
/home/iams/ramlab_ws/src/unitree_rl_mjlab/logs/rsl_rl/h1_2_velocity_a1_v2/2026-08-26_10-02-56_a1a_fullmirror_jacc1e-7_standing15_s42/model_10000.pt,td3,"['velocity', 'orientation', 'height']",8,42,0.061899591237306595,0.06795549392700195,0.08251222223043442,0.05574394389986992,0.06720628589391708,0.58,0.0,600.5,0.8585591912269592,0.7661392688751221,31.53725242614746,43.5824089050293,22.676490783691406,80.55594635009766,27.79523277282715,21148.40625,66164.84375,13263.0419921875,28657.857421875,0.19153481721878052,0.026446674019098282,0.011250491254031658,0.003981232643127441,0.27879220247268677,178.51202392578125,0.9853711128234863,0.5356016071038919,4226.60595703125,12.681369126961425,0.2264348864555359,0.0005062104901298881,0.39349301908543616,0.4,4,0.5,7,1200
/home/iams/ramlab_ws/src/unitree_rl_mjlab/logs/rsl_rl/h1_2_velocity_a1_v2/2026-08-26_10-02-56_a1a_fullmirror_jacc1e-7_standing15_s42/model_10000.pt,td3,"['velocity', 'orientation', 'height']",8,42,0.05841297283768654,0.07454783469438553,0.09012569487094879,0.05245622247457504,0.07366450130939484,0.6,0.0,600.5,0.8209415078163147,0.7206925749778748,29.784238815307617,39.767391204833984,22.605030059814453,76.66262817382812,29.48154067993164,20126.39453125,66133.0,11771.51171875,27945.642578125,0.1801731437444687,0.02846166305243969,0.0124668525531888,0.004078023135662079,0.2740881145000458,177.49514770507812,0.9486002326011658,0.5158894011510204,4423.06494140625,12.855631195083086,0.22609476745128632,0.000579510466195643,0.4436741767764298,0.45,4,0.5,0,1200
/home/iams/ramlab_ws/src/unitree_rl_mjlab/logs/rsl_rl/h1_2_velocity_a1_v2/2026-08-26_10-02-56_a1a_fullmirror_jacc1e-7_standing15_s42/model_10000.pt,td3,"['velocity', 'orientation', 'height']",8,42,0.0621381513774395,0.07533523440361023,0.0947989970445633,0.056049276143312454,0.0745040774345398,0.6,0.0,600.5,0.8131741881370544,0.7130849361419678,30.18293571472168,40.952720642089844,22.364208221435547,83.53086853027344,29.116403579711914,19976.498046875,65799.6875,12565.98046875,29127.41015625,0.17827123403549194,0.024857202544808388,0.0123765729367733,0.0037945390213280916,0.27681612968444824,174.68275451660156,0.9507747292518616,0.5157703473599339,4411.7958984375,13.026320995177219,0.21963877975940704,0.0005709811812266707,0.4443801533342977,0.45,4,0.5,1,1200
/home/iams/ramlab_ws/src/unitree_rl_mjlab/logs/rsl_rl/h1_2_velocity_a1_v2/2026-08-26_10-02-56_a1a_fullmirror_jacc1e-7_standing15_s42/model_10000.pt,td3,"['velocity', 'orientation', 'height']",8,42,0.059109266847372055,0.07496999204158783,0.08333408087491989,0.0531795360147953,0.07409913837909698,0.6,0.0,600.5,0.8217489123344421,0.7199673652648926,29.936094284057617,40.06721496582031,22.6138858795166,76.91889190673828,29.47565460205078,20123.890625,65558.1796875,11861.6142578125,27510.50390625,0.17999184131622314,0.028906062245368958,0.012092432007193565,0.004142159130424261,0.27231815457344055,177.407958984375,0.9500195384025574,0.5145076571602191,4383.22119140625,12.711948639179278,0.22498983144760132,0.0006367141613736749,0.4437382637584862,0.45,4,0.5,2,1200
/home/iams/ramlab_ws/src/unitree_rl_mjlab/logs/rsl_rl/h1_2_velocity_a1_v2/2026-08-26_10-02-56_a1a_fullmirror_jacc1e-7_standing15_s42/model_10000.pt,td3,"['velocity', 'orientation', 'height']",8,42,0.058728255331516266,0.07529371231794357,0.08940080553293228,0.05277058109641075,0.0743962824344635,0.6,0.0,600.5,0.8174955248832703,0.7156437635421753,29.86928367614746,39.848289489746094,22.7060489654541,77.65495300292969,29.666658401489258,20024.333984375,66417.6484375,11810.078125,28180.375,0.17891094088554382,0.027241090312600136,0.01200632844120264,0.003853307571262121,0.2747245132923126,176.7399444580078,0.9502995014190674,0.5147080059603604,4397.490234375,12.806519883642864,0.22656965255737305,0.0005511222989298403,0.44431588082152157,0.45,4,0.5,3,1200
/home/iams/ramlab_ws/src/unitree_rl_mjlab/logs/rsl_rl/h1_2_velocity_a1_v2/2026-08-26_10-02-56_a1a_fullmirror_jacc1e-7_standing15_s42/model_10000.pt,td3,"['velocity', 'orientation', 'height']",8,42,0.060616232454776764,0.07412581890821457,0.08839735388755798,0.054630909115076065,0.0732344314455986,0.6,0.0,600.5,0.8147523403167725,0.7145972847938538,29.590129852294922,39.55496597290039,22.423429489135742,77.20874786376953,28.84383201599121,19979.560546875,66958.015625,11655.533203125,28229.904296875,0.17864932119846344,0.02675212174654007,0.012327215634286404,0.0038832975551486015,0.2762928307056427,174.86135864257812,0.9476562738418579,0.513616106435492,4408.9619140625,12.950338929537827,0.22189907729625702,0.0005318032344803214,0.4441231747867573,0.45,4,0.5,4,1200
/home/iams/ramlab_ws/src/unitree_rl_mjlab/logs/rsl_rl/h1_2_velocity_a1_v2/2026-08-26_10-02-56_a1a_fullmirror_jacc1e-7_standing15_s42/model_10000.pt,td3,"['velocity', 'orientation', 'height']",8,42,0.058920200914144516,0.07600252330303192,0.08740878105163574,0.05295085534453392,0.07512253522872925,0.6,0.0,600.5,0.8179754614830017,0.7157648205757141,30.246213912963867,40.76258850097656,22.626182556152344,79.5905990600586,29.01240348815918,20127.591796875,66484.8359375,12335.6640625,28398.271484375,0.17894120514392853,0.027945172041654587,0.011708104982972145,0.0039014427457004786,0.2735295295715332,175.41818237304688,0.9500064849853516,0.5103627145934728,4366.94921875,12.705228747460016,0.2248251885175705,0.0005212356336414814,0.4442516268980477,0.45,4,0.5,5,1200
/home/iams/ramlab_ws/src/unitree_rl_mjlab/logs/rsl_rl/h1_2_velocity_a1_v2/2026-08-26_10-02-56_a1a_fullmirror_jacc1e-7_standing15_s42/model_10000.pt,td3,"['velocity', 'orientation', 'height']",8,42,0.05710998550057411,0.07552181929349899,0.09001851081848145,0.05131208524107933,0.07464101165533066,0.6,0.0,600.5,0.8271526098251343,0.7222546935081482,29.98834991455078,39.776947021484375,22.973962783813477,78.8710708618164,29.758214950561523,20088.837890625,67135.3046875,11703.771484375,27578.671875,0.18056367337703705,0.030992068350315094,0.012002059258520603,0.004359628539532423,0.273939847946167,178.26585388183594,0.9500064849853516,0.5121411357143825,4383.2509765625,12.592669467561961,0.22881121933460236,0.0006509548402391374,0.4441231747867573,0.45,4,0.5,6,1200
/home/iams/ramlab_ws/src/unitree_rl_mjlab/logs/rsl_rl/h1_2_velocity_a1_v2/2026-08-26_10-02-56_a1a_fullmirror_jacc1e-7_standing15_s42/model_10000.pt,td3,"['velocity', 'orientation', 'height']",8,42,0.0586586520075798,0.07547571510076523,0.0844404399394989,0.05268740653991699,0.07456120103597641,0.6,0.0,600.5,0.8179309368133545,0.7155673503875732,29.905071258544922,40.09919738769531,22.550464630126953,76.83428955078125,28.803543090820312,19993.580078125,65488.12109375,11915.3916015625,28031.998046875,0.1788918375968933,0.027894623577594757,0.011879684403538704,0.003921932075172663,0.27489739656448364,175.60348510742188,0.951158881187439,0.5109608031427242,4375.61474609375,12.731908185948345,0.2229188233613968,0.0005495469667948782,0.4440589765828274,0.45,4,0.5,7,1200
/home/iams/ramlab_ws/src/unitree_rl_mjlab/logs/rsl_rl/h1_2_velocity_a1_v2/2026-08-26_10-02-56_a1a_fullmirror_jacc1e-7_standing15_s42/model_10000.pt,td3,"['velocity', 'orientation', 'height']",8,42,0.058334045112133026,0.08078411221504211,0.08330946415662766,0.052584558725357056,0.07966770231723785,0.64,0.0,600.5,0.819530189037323,0.6920644640922546,29.63624382019043,38.02891159057617,23.87088966369629,73.2270278930664,29.884254455566406,19146.884765625,61708.91796875,11396.580078125,28799.56640625,0.17301611602306366,0.028848212212324142,0.013733415864408016,0.004228617995977402,0.2888790965080261,181.3493194580078,0.9208463430404663,0.5112066652678344,4577.81103515625,12.904418643550216,0.21875280141830444,0.0007924640085548162,0.4882390336935791,0.5,4,0.5,0,1200
/home/iams/ramlab_ws/src/unitree_rl_mjlab/logs/rsl_rl/h1_2_velocity_a1_v2/2026-08-26_10-02-56_a1a_fullmirror_jacc1e-7_standing15_s42/model_10000.pt,td3,"['velocity', 'orientation', 'height']",8,42,0.05686366558074951,0.08143088966608047,0.08196154981851578,0.0512252040207386,0.08037988841533661,0.46,0.0,600.5,0.8219156861305237,0.6970412731170654,29.584941864013672,37.85792922973633,23.872020721435547,75.09921264648438,31.434553146362305,19098.470703125,58383.31640625,11232.947265625,28439.24609375,0.17426031827926636,0.03207220509648323,0.013493762351572514,0.004414638038724661,0.28501996397972107,181.49191284179688,0.9219986796379089,0.5046711968600164,4530.18408203125,12.596999025258725,0.22376538813114166,0.0008748277905397117,0.48862732622872596,0.5,4,0.5,1,1200
/home/iams/ramlab_ws/src/unitree_rl_mjlab/logs/rsl_rl/h1_2_velocity_a1_v2/2026-08-26_10-02-56_a1a_fullmirror_jacc1e-7_standing15_s42/model_10000.pt,td3,"['velocity', 'orientation', 'height']",8,42,0.05809881165623665,0.07996638864278793,0.0790284052491188,0.052354998886585236,0.07887933403253555,0.64,0.0,600.5,0.8210474252700806,0.6944751143455505,29.521888732910156,37.659725189208984,23.954715728759766,74.35204315185547,30.92477035522461,18968.6015625,59717.328125,11123.966796875,28619.40625,0.17361877858638763,0.029167549684643745,0.014121408574283123,0.004242578521370888,0.28911641240119934,181.12637329101562,0.9213671684265137,0.5100469208892411,4584.23388671875,12.909077781225669,0.21830900013446808,0.0008026170544326305,0.4884719351248211,0.5,4,0.5,2,1200
/home/iams/ramlab_ws/src/unitree_rl_mjlab/logs/rsl_rl/h1_2_velocity_a1_v2/2026-08-26_10-02-56_a1a_fullmirror_jacc1e-7_standing15_s42/model_10000.pt,td3,"['velocity', 'orientation', 'height']",8,42,0.05816885456442833,0.0812842920422554,0.0853831097483635,0.052397891879081726,0.0801999494433403,0.64,0.0,600.5,0.8129896521568298,0.6876770257949829,29.576793670654297,38.12827682495117,23.677629470825195,78.34913635253906,30.619522094726562,18887.595703125,59466.171875,11458.5751953125,29949.2578125,0.17191925644874573,0.028149861842393875,0.01349592488259077,0.00396465789526701,0.2860676050186157,179.26393127441406,0.9231836199760437,0.5072660367719246,4567.4365234375,12.924549304400017,0.21792688965797424,0.0007535184849984944,0.48746429704855604,0.5,4,0.5,3,1200
/home/iams/ramlab_ws/src/unitree_rl_mjlab/logs/rsl_rl/h1_2_velocity_a1_v2/2026-08-26_10-02-56_a1a_fullmirror_jacc1e-7_standing15_s42/model_10000.pt,td3,"['velocity', 'orientation', 'height']",8,42,0.05818059295415878,0.08055577427148819,0.08366715908050537,0.052410148084163666,0.07946241647005081,0.64,0.0,600.5,0.8194712996482849,0.6930181384086609,30.300748825073242,39.4350700378418,23.920934677124023,80.27493286132812,30.540264129638672,19139.330078125,59655.61328125,12241.8681640625,30862.83984375,0.17325453460216522,0.029850203543901443,0.013793697580695152,0.0042626140639185905,0.28877946734428406,180.25880432128906,0.9206510186195374,0.507047947433584,4553.79736328125,12.809325794249363,0.21495631337165833,0.0007976468186825514,0.48854961832061067,0.5,4,0.5,4,1200
/home/iams/ramlab_ws/src/unitree_rl_mjlab/logs/rsl_rl/h1_2_velocity_a1_v2/2026-08-26_10-02-56_a1a_fullmirror_jacc1e-7_standing15_s42/model_10000.pt,td3,"['velocity', 'orientation', 'height']",8,42,0.058076921850442886,0.0802004337310791,0.08441141992807388,0.0523773618042469,0.0791182667016983,0.64,0.0,600.5,0.8173240423202515,0.6919894814491272,29.972692489624023,38.939125061035156,23.727285385131836,84.05589294433594,30.374094009399414,19186.642578125,60860.21875,11956.5087890625,29715.0625,0.1729973703622818,0.029886875301599503,0.013415491208434105,0.004014149308204651,0.28403258323669434,180.0301971435547,0.9234830737113953,0.5063524008881312,4550.0283203125,12.797397386675188,0.21935336291790009,0.0008326494134962559,0.48886059834500317,0.5,4,0.5,5,1200
/home/iams/ramlab_ws/src/unitree_rl_mjlab/logs/rsl_rl/h1_2_velocity_a1_v2/2026-08-26_10-02-56_a1a_fullmirror_jacc1e-7_standing15_s42/model_10000.pt,td3,"['velocity', 'orientation', 'height']",8,42,0.05824107304215431,0.08034009486436844,0.08432577550411224,0.05251598358154297,0.07925128191709518,0.64,0.0,600.5,0.8237122297286987,0.6950131058692932,29.93837547302246,38.43064498901367,24.099580764770508,76.43916320800781,31.071269989013672,19010.8515625,58989.734375,11624.4208984375,28982.93359375,0.1737532764673233,0.0295439213514328,0.013324474915862083,0.004201781004667282,0.28878313302993774,181.90879821777344,0.9225911498069763,0.5086510335136695,4577.02734375,12.798224864520478,0.2211959809064865,0.0009799300460144877,0.48854961832061067,0.5,4,0.5,6,1200
/home/iams/ramlab_ws/src/unitree_rl_mjlab/logs/rsl_rl/h1_2_velocity_a1_v2/2026-08-26_10-02-56_a1a_fullmirror_jacc1e-7_standing15_s42/model_10000.pt,td3,"['velocity', 'orientation', 'height']",8,42,0.0575893335044384,0.08025511354207993,0.08110157400369644,0.05193641036748886,0.07917371392250061,0.64,0.0,600.5,0.8195533156394958,0.6940288543701172,29.62816047668457,38.16371536254883,23.71688461303711,79.79708099365234,30.22446632385254,19085.74609375,59916.05078125,11525.033203125,29494.783203125,0.1735072135925293,0.030820999294519424,0.013539078645408154,0.004151318222284317,0.285036563873291,180.7605743408203,0.9228125214576721,0.5063753820046681,4550.34033203125,12.747140694467054,0.22271862626075745,0.0008410047157667577,0.48878281622911696,0.5,4,0.5,7,1200
/home/iams/ramlab_ws/src/unitree_rl_mjlab/logs/rsl_rl/h1_2_velocity_a1_v2/2026-08-26_10-02-56_a1a_fullmirror_jacc1e-7_standing15_s42/model_10000.pt,td3,"['velocity', 'orientation', 'height']",8,42,0.06215544417500496,0.08691275864839554,0.0932571291923523,0.05677495896816254,0.0854053869843483,0.48,0.0,600.5,0.8523972034454346,0.6837266087532043,30.976802825927734,37.82592010498047,26.571704864501953,76.10243225097656,33.98537826538086,18835.47265625,57781.63671875,11537.3359375,29158.384765625,0.1709316521883011,0.02869930863380432,0.015068297274410725,0.004309060517698526,0.31926560401916504,191.08885192871094,0.8646939992904663,0.5155720944438603,4737.9921875,12.783456620534459,0.21104741096496582,0.001620584400370717,0.5276537272414977,0.55,4,0.5,0,1200
/home/iams/ramlab_ws/src/unitree_rl_mjlab/logs/rsl_rl/h1_2_velocity_a1_v2/2026-08-26_10-02-56_a1a_fullmirror_jacc1e-7_standing15_s42/model_10000.pt,td3,"['velocity', 'orientation', 'height']",8,42,0.060609422624111176,0.0855347290635109,0.09218224883079529,0.05546016991138458,0.08398546278476715,0.48,0.0,600.5,0.8603855967521667,0.6918593645095825,30.31857681274414,36.4770622253418,26.463274002075195,70.47665405273438,34.56089782714844,18912.974609375,58956.5,10840.9892578125,29208.224609375,0.17296484112739563,0.030710494145751,0.015261847525835037,0.004385020583868027,0.3178059756755829,193.557861328125,0.8620703220367432,0.5152205326480075,4723.06689453125,12.572060195118588,0.2176303118467331,0.0014244623016566038,0.5274725274725275,0.55,4,0.5,1,1200
/home/iams/ramlab_ws/src/unitree_rl_mjlab/logs/rsl_rl/h1_2_velocity_a1_v2/2026-08-26_10-02-56_a1a_fullmirror_jacc1e-7_standing15_s42/model_10000.pt,td3,"['velocity', 'orientation', 'height']",8,42,0.061781298369169235,0.08601482212543488,0.0944320484995842,0.05676925182342529,0.08454589545726776,0.48,0.0,600.5,0.8633748292922974,0.6962069272994995,30.102096557617188,36.009674072265625,26.409032821655273,69.8338851928711,34.782264709472656,19044.814453125,58731.5859375,10433.576171875,27851.572265625,0.17405173182487488,0.03161143511533737,0.01523621566593647,0.004561156500130892,0.3185727298259735,194.02459716796875,0.8635677099227905,0.5139038611820937,4706.76806640625,12.466595298192221,0.21605642139911652,0.0015388164902105927,0.5281072717895823,0.55,4,0.5,2,1200
/home/iams/ramlab_ws/src/unitree_rl_mjlab/logs/rsl_rl/h1_2_velocity_a1_v2/2026-08-26_10-02-56_a1a_fullmirror_jacc1e-7_standing15_s42/model_10000.pt,td3,"['velocity', 'orientation', 'height']",8,42,0.06017225980758667,0.08602332323789597,0.09748537838459015,0.05510625243186951,0.0844695195555687,0.48,0.0,600.5,0.8649274110794067,0.6961999535560608,31.039979934692383,37.95270538330078,26.56307601928711,76.44109344482422,34.73308563232422,19206.734375,59062.41796875,11593.21484375,29713.490234375,0.1740499883890152,0.03255628049373627,0.01565614715218544,0.004571493715047836,0.3203084468841553,196.10877990722656,0.8599088788032532,0.5204563705054926,4749.26513671875,12.604155515553474,0.2180921882390976,0.0014842611271888018,0.5246797608881298,0.55,4,0.5,3,1200
/home/iams/ramlab_ws/src/unitree_rl_mjlab/logs/rsl_rl/h1_2_velocity_a1_v2/2026-08-26_10-02-56_a1a_fullmirror_jacc1e-7_standing15_s42/model_10000.pt,td3,"['velocity', 'orientation', 'height']",8,42,0.06066039949655533,0.08526884764432907,0.08863633126020432,0.05540864169597626,0.08366160094738007,0.48,0.0,600.5,0.8595203757286072,0.6891974806785583,30.562259674072266,36.755611419677734,26.718332290649414,69.92890167236328,33.90681838989258,18777.099609375,58278.58984375,10910.3173828125,27643.861328125,0.1722993701696396,0.02953145280480385,0.01595488376915455,0.004257353022694588,0.32076847553253174,193.38357543945312,0.8606836199760437,0.5201242092172409,4754.10546875,12.786636781239409,0.2118626981973648,0.0012888561468571424,0.5295638682985692,0.55,4,0.5,4,1200
/home/iams/ramlab_ws/src/unitree_rl_mjlab/logs/rsl_rl/h1_2_velocity_a1_v2/2026-08-26_10-02-56_a1a_fullmirror_jacc1e-7_standing15_s42/model_10000.pt,td3,"['velocity', 'orientation', 'height']",8,42,0.0608116015791893,0.08662647008895874,0.09262574464082718,0.055569183081388474,0.08509702980518341,0.48,0.0,600.5,0.8541305661201477,0.6879236102104187,29.804162979125977,35.574947357177734,26.262269973754883,69.48686218261719,34.08625793457031,18789.775390625,58085.03125,10285.2861328125,26665.900390625,0.17198090255260468,0.029705366119742393,0.015356291085481644,0.004253658931702375,0.3165551722049713,191.49720764160156,0.8627864718437195,0.5143389729621132,4726.533203125,12.694911514796663,0.2124672383069992,0.001333932625129819,0.5282889079965606,0.55,4,0.5,5,1200
/home/iams/ramlab_ws/src/unitree_rl_mjlab/logs/rsl_rl/h1_2_velocity_a1_v2/2026-08-26_10-02-56_a1a_fullmirror_jacc1e-7_standing15_s42/model_10000.pt,td3,"['velocity', 'orientation', 'height']",8,42,0.06130685284733772,0.08609436452388763,0.09391319751739502,0.0561399906873703,0.08463969826698303,0.48,0.0,600.5,0.8534875512123108,0.6880952715873718,29.858531951904297,35.72260665893555,26.23543930053711,70.15985107421875,33.93561935424805,18845.521484375,59399.61328125,10342.306640625,27235.73828125,0.17202381789684296,0.030039021745324135,0.015008467249572277,0.004261842928826809,0.31574100255966187,191.10018920898438,0.86356121301651,0.5118018192228991,4703.7578125,12.597538833095527,0.21284589171409607,0.00133368163369596,0.5282889079965606,0.55,4,0.5,6,1200
/home/iams/ramlab_ws/src/unitree_rl_mjlab/logs/rsl_rl/h1_2_velocity_a1_v2/2026-08-26_10-02-56_a1a_fullmirror_jacc1e-7_standing15_s42/model_10000.pt,td3,"['velocity', 'orientation', 'height']",8,42,0.06274331361055374,0.08576349169015884,0.0967886745929718,0.05776097625494003,0.08429691195487976,0.48,0.0,600.5,0.8649492859840393,0.6973991990089417,30.193378448486328,36.15694808959961,26.450904846191406,70.6636734008789,34.71962356567383,19069.658203125,60141.3984375,10496.740234375,27769.275390625,0.1743497997522354,0.03312002494931221,0.015280208550393581,0.004771954845637083,0.318136602640152,194.6586456298828,0.8629036545753479,0.5142866213292894,4719.0224609375,12.467619819979959,0.21913917362689972,0.0017320605693385005,0.5286525554981931,0.55,4,0.5,7,1200
/home/iams/ramlab_ws/src/unitree_rl_mjlab/logs/rsl_rl/h1_2_velocity_a1_v2/2026-08-26_10-02-56_a1a_fullmirror_jacc1e-7_standing15_s42/model_10000.pt,td3,"['velocity', 'orientation', 'height']",8,42,0.07399831712245941,0.09092923253774643,0.11818626523017883,0.06976456940174103,0.08990085870027542,0.48,1.302083364862483e-05,596.1570434570312,0.9283756017684937,0.7107629179954529,33.107303619384766,37.861385345458984,30.44190788269043,68.38481903076172,40.581783294677734,19066.953125,52001.71484375,11386.89453125,28199.2265625,0.17769072949886322,0.033067747950553894,0.017890118062496185,0.005351339001208544,0.368094265460968,216.961181640625,0.8091015815734863,0.5440772115375239,4963.009765625,12.445822613883491,0.22261565923690796,0.003074792679399252,0.5514270328486807,0.6,4,0.5,0,1200
/home/iams/ramlab_ws/src/unitree_rl_mjlab/logs/rsl_rl/h1_2_velocity_a1_v2/2026-08-26_10-02-56_a1a_fullmirror_jacc1e-7_standing15_s42/model_10000.pt,td3,"['velocity', 'orientation', 'height']",8,42,0.07503865659236908,0.09045212715864182,0.11676479130983353,0.07087642699480057,0.08965048938989639,0.48,0.0,600.5,0.9343399405479431,0.7165945768356323,33.42298889160156,38.79171371459961,30.216758728027344,71.59467315673828,41.22787094116211,19544.291015625,53600.07421875,11986.9267578125,29451.53515625,0.17914864420890808,0.032463543117046356,0.017450636252760887,0.0052703977562487125,0.3701091706752777,218.2803497314453,0.8106705546379089,0.5430608446038628,4941.75341796875,12.294614089106327,0.22396361827850342,0.0025983538944274187,0.5528162677703797,0.6,4,0.5,1,1200
/home/iams/ramlab_ws/src/unitree_rl_mjlab/logs/rsl_rl/h1_2_velocity_a1_v2/2026-08-26_10-02-56_a1a_fullmirror_jacc1e-7_standing15_s42/model_10000.pt,td3,"['velocity', 'orientation', 'height']",8,42,0.08027464896440506,0.0899234488606453,0.11519075930118561,0.07636620849370956,0.08902409672737122,0.48,0.0,600.5,0.9348481297492981,0.7197636365890503,33.461578369140625,38.91586685180664,30.14694595336914,70.45420837402344,41.113704681396484,19589.28125,53363.82421875,11908.8095703125,29649.005859375,0.17994090914726257,0.03556995466351509,0.017022226005792618,0.005700590554624796,0.36628666520118713,217.57484436035156,0.8132617473602295,0.535175120591148,4896.81103515625,12.044826485006748,0.22801193594932556,0.0030378440860658884,0.5623283909939594,0.6,4,0.5,2,1200
/home/iams/ramlab_ws/src/unitree_rl_mjlab/logs/rsl_rl/h1_2_velocity_a1_v2/2026-08-26_10-02-56_a1a_fullmirror_jacc1e-7_standing15_s42/model_10000.pt,td3,"['velocity', 'orientation', 'height']",8,42,0.07010293006896973,0.09035728126764297,0.11458492279052734,0.06549106538295746,0.08933544903993607,0.48,0.0,600.5,0.9215580821037292,0.7075343728065491,32.11079788208008,36.231407165527344,29.942811965942383,70.6143798828125,40.50154113769531,18746.296875,52503.671875,10554.74609375,28812.625,0.17688359320163727,0.03201712295413017,0.018003571778535843,0.00516712898388505,0.3624832034111023,212.90809631347656,0.8121809959411621,0.5367012311322747,4937.20263671875,12.445757475557285,0.2171936333179474,0.0017678734147921205,0.542468656189299,0.6,4,0.5,3,1200
/home/iams/ramlab_ws/src/unitree_rl_mjlab/logs/rsl_rl/h1_2_velocity_a1_v2/2026-08-26_10-02-56_a1a_fullmirror_jacc1e-7_standing15_s42/model_10000.pt,td3,"['velocity', 'orientation', 'height']",8,42,0.07341700792312622,0.0902291089296341,0.11485040187835693,0.06892166286706924,0.08918733894824982,0.5,0.0,600.5,0.9207167029380798,0.7073655128479004,32.43526077270508,37.171329498291016,29.76136016845703,70.2226333618164,41.03745651245117,19033.49609375,53027.8828125,11178.056640625,30288.982421875,0.1768413782119751,0.03181179612874985,0.017359521239995956,0.005115000996738672,0.3609751760959625,212.52931213378906,0.8145507574081421,0.5338671028944337,4903.55078125,12.317568255429876,0.2189510613679886,0.002467116340994835,0.5532144786601837,0.6,4,0.5,4,1200
/home/iams/ramlab_ws/src/unitree_rl_mjlab/logs/rsl_rl/h1_2_velocity_a1_v2/2026-08-26_10-02-56_a1a_fullmirror_jacc1e-7_standing15_s42/model_10000.pt,td3,"['velocity', 'orientation', 'height']",8,42,0.07903595268726349,0.09156900644302368,0.1301807463169098,0.07471555471420288,0.09048018604516983,0.48,2.604166729724966e-05,594.478515625,0.9367891550064087,0.7179101705551147,33.6949577331543,39.05131149291992,30.504901885986328,71.14114379882812,41.19218826293945,19424.046875,52371.80859375,12061.6689453125,30305.189453125,0.1794775426387787,0.034417979419231415,0.018158989027142525,0.005772360600531101,0.37005266547203064,221.28843688964844,0.8097721338272095,0.5484498967201715,4956.8564453125,12.285265427809458,0.23230178654193878,0.0033923813607543707,0.5490616621983915,0.6,4,0.5,5,1200
/home/iams/ramlab_ws/src/unitree_rl_mjlab/logs/rsl_rl/h1_2_velocity_a1_v2/2026-08-26_10-02-56_a1a_fullmirror_jacc1e-7_standing15_s42/model_10000.pt,td3,"['velocity', 'orientation', 'height']",8,42,0.07513568550348282,0.08887674659490585,0.12134972959756851,0.07080528140068054,0.08785796910524368,0.48,0.0,600.5,0.9303144216537476,0.7161778211593628,32.99256896972656,38.31905746459961,29.796470642089844,72.52229309082031,41.009521484375,19417.123046875,53229.21484375,11827.642578125,30720.677734375,0.1790444552898407,0.03291746601462364,0.017110420390963554,0.005244142841547728,0.3638220429420471,214.62042236328125,0.815345048904419,0.5344036091407702,4885.86767578125,12.165782026466138,0.22388994693756104,0.0024039042182266712,0.5552141695282848,0.6,4,0.5,6,1200
/home/iams/ramlab_ws/src/unitree_rl_mjlab/logs/rsl_rl/h1_2_velocity_a1_v2/2026-08-26_10-02-56_a1a_fullmirror_jacc1e-7_standing15_s42/model_10000.pt,td3,"['velocity', 'orientation', 'height']",8,42,0.08015428483486176,0.09339025616645813,0.1292651742696762,0.07604511082172394,0.09182503074407578,0.48,5.208333459449932e-05,594.7010498046875,0.954018771648407,0.7286567091941833,34.68733596801758,40.436744689941406,31.16682243347168,75.40914154052734,43.149234771728516,19903.857421875,52417.93359375,12780.45703125,32422.12109375,0.18216417729854584,0.036591075360774994,0.017693275585770607,0.006008780095726252,0.3762761652469635,227.3428192138672,0.8103646039962769,0.5554175938476494,4969.568359375,12.141074009319206,0.2374013215303421,0.004247481003403664,0.5502418054809243,0.6,4,0.5,7,1200
/home/iams/ramlab_ws/src/unitree_rl_mjlab/logs/rsl_rl/h1_2_velocity_a1_v2/2026-08-26_10-02-56_a1a_fullmirror_jacc1e-7_standing15_s42/model_10000.pt,td3,"['velocity', 'orientation', 'height']",8,42,0.06441718339920044,0.06490825116634369,0.07978711277246475,0.05806638300418854,0.06412165611982346,0.58,0.0,600.5,0.8778619766235352,0.7821266651153564,29.66749382019043,39.688968658447266,22.43619155883789,72.71353912353516,29.162017822265625,21246.37890625,61770.01171875,11500.8271484375,29540.69140625,0.1955316662788391,0.031280502676963806,0.014936204068362713,0.004601897206157446,0.28506404161453247,187.55262756347656,0.9885026216506958,0.5636567577512067,4732.7158203125,14.223352795772458,0.24504631757736206,0.0008646733476780355,0.3932915119702983,0.4,8,0.5,0,1200
/home/iams/ramlab_ws/src/unitree_rl_mjlab/logs/rsl_rl/h1_2_velocity_a1_v2/2026-08-26_10-02-56_a1a_fullmirror_jacc1e-7_standing15_s42/model_10000.pt,td3,"['velocity', 'orientation', 'height']",8,42,0.06600190699100494,0.0651649460196495,0.08621811121702194,0.05968663841485977,0.06436629593372345,0.58,0.0,600.5,0.87386155128479,0.77793288230896,29.907594680786133,39.8371467590332,22.7712459564209,71.86908721923828,29.126445770263672,21220.76953125,56433.73046875,11472.876953125,28896.037109375,0.19448322057724,0.028960110619664192,0.014744806103408337,0.00445299968123436,0.2879141569137573,187.7822265625,0.9887499809265137,0.5688062492274993,4712.9423828125,14.275851218440328,0.24305333197116852,0.0007047448889352381,0.3933922397233961,0.4,8,0.5,1,1200
/home/iams/ramlab_ws/src/unitree_rl_mjlab/logs/rsl_rl/h1_2_velocity_a1_v2/2026-08-26_10-02-56_a1a_fullmirror_jacc1e-7_standing15_s42/model_10000.pt,td3,"['velocity', 'orientation', 'height']",8,42,0.06309235095977783,0.06405945122241974,0.08671034872531891,0.056885071098804474,0.0632450208067894,0.58,0.0,600.5,0.8814977407455444,0.7857750654220581,30.045747756958008,40.53410720825195,22.446866989135742,73.94021606445312,27.699615478515625,21371.130859375,59964.765625,11945.208984375,27715.09375,0.19644376635551453,0.03296191990375519,0.014884951524436474,0.004873962607234716,0.28202712535858154,188.33705139160156,0.9891992211341858,0.563593055620258,4704.072265625,14.076795968070337,0.24078704416751862,0.0008204984478652477,0.3930399181166837,0.4,8,0.5,2,1200
/home/iams/ramlab_ws/src/unitree_rl_mjlab/logs/rsl_rl/h1_2_velocity_a1_v2/2026-08-26_10-02-56_a1a_fullmirror_jacc1e-7_standing15_s42/model_10000.pt,td3,"['velocity', 'orientation', 'height']",8,42,0.06433922052383423,0.06451155245304108,0.08161713182926178,0.05806892365217209,0.06373327225446701,0.58,0.0,600.5,0.8746955990791321,0.7814757227897644,29.272987365722656,39.26715087890625,22.028892517089844,72.70569610595703,27.874649047851562,21224.267578125,62911.79296875,11256.208984375,28285.88671875,0.1953689306974411,0.03144644945859909,0.014877497218549252,0.004640636034309864,0.2827066481113434,186.9894256591797,0.9884830713272095,0.5624473973789854,4725.3857421875,14.21353609043105,0.24525311589241028,0.0008080704719759524,0.3932915119702983,0.4,8,0.5,3,1200
/home/iams/ramlab_ws/src/unitree_rl_mjlab/logs/rsl_rl/h1_2_velocity_a1_v2/2026-08-26_10-02-56_a1a_fullmirror_jacc1e-7_standing15_s42/model_10000.pt,td3,"['velocity', 'orientation', 'height']",8,42,0.06603211164474487,0.06445831060409546,0.0811445489525795,0.05966874957084656,0.06361250579357147,0.58,0.0,600.5,0.8738395571708679,0.7796472907066345,30.306608200073242,40.9161262512207,22.616262435913086,76.30643463134766,28.6208553314209,21295.5546875,59424.046875,12003.6533203125,29648.49609375,0.19491182267665863,0.027721045538783073,0.014526299200952053,0.004518982954323292,0.2898486852645874,187.5791473388672,0.9898372292518616,0.5683734808273289,4730.208984375,14.33275213325846,0.2365349382162094,0.0006731288158334792,0.39319083578650965,0.4,8,0.5,4,1200
/home/iams/ramlab_ws/src/unitree_rl_mjlab/logs/rsl_rl/h1_2_velocity_a1_v2/2026-08-26_10-02-56_a1a_fullmirror_jacc1e-7_standing15_s42/model_10000.pt,td3,"['velocity', 'orientation', 'height']",8,42,0.06796734780073166,0.06380248069763184,0.08076857030391693,0.061633434146642685,0.06297209858894348,0.58,0.0,600.5,0.8789509534835815,0.7816531658172607,30.31021499633789,40.46550750732422,23.01154327392578,72.07595825195312,28.78852081298828,21440.341796875,56091.2578125,11926.5869140625,28615.822265625,0.19541329145431519,0.028414204716682434,0.015219197608530521,0.004608639050275087,0.28935277462005615,188.88648986816406,0.986523449420929,0.5750521726275668,4744.59033203125,14.44458451471254,0.24103182554244995,0.0008191101951524615,0.3933418693982074,0.4,8,0.5,5,1200
/home/iams/ramlab_ws/src/unitree_rl_mjlab/logs/rsl_rl/h1_2_velocity_a1_v2/2026-08-26_10-02-56_a1a_fullmirror_jacc1e-7_standing15_s42/model_10000.pt,td3,"['velocity', 'orientation', 'height']",8,42,0.06702384352684021,0.06433479487895966,0.08475904911756516,0.06065084785223007,0.06351391971111298,0.6,0.0,600.5,0.8761614561080933,0.7818261384963989,29.45694351196289,39.2961311340332,22.37027931213379,72.28614807128906,28.243982315063477,21285.78515625,60401.62109375,11335.080078125,28430.990234375,0.19545653462409973,0.028826141729950905,0.015075734816491604,0.004603663459420204,0.2883935570716858,187.48468017578125,0.9872786402702332,0.5691793406543174,4754.61181640625,14.434388488035031,0.24331392347812653,0.000840350694488734,0.39309021113243764,0.4,8,0.5,6,1200
/home/iams/ramlab_ws/src/unitree_rl_mjlab/logs/rsl_rl/h1_2_velocity_a1_v2/2026-08-26_10-02-56_a1a_fullmirror_jacc1e-7_standing15_s42/model_10000.pt,td3,"['velocity', 'orientation', 'height']",8,42,0.06732592731714249,0.0653303936123848,0.08722683042287827,0.060905180871486664,0.06450612843036652,0.76,0.0,600.5,0.8735975623130798,0.77546626329422,30.953147888183594,41.907108306884766,23.020109176635742,77.63856506347656,28.559337615966797,21281.095703125,56208.01953125,12686.966796875,28810.75,0.193866565823555,0.02854014001786709,0.014428269118070602,0.0043811737559735775,0.29069578647613525,188.02658081054688,0.9871549606323242,0.5720473847279807,4692.1689453125,14.275338781172886,0.24034573137760162,0.0006801104755140841,0.3930399181166837,0.4,8,0.5,7,1200
/home/iams/ramlab_ws/src/unitree_rl_mjlab/logs/rsl_rl/h1_2_velocity_a1_v2/2026-08-26_10-02-56_a1a_fullmirror_jacc1e-7_standing15_s42/model_10000.pt,td3,"['velocity', 'orientation', 'height']",8,42,0.06182046979665756,0.07193150371313095,0.0897277295589447,0.05571335181593895,0.07100103795528412,0.62,0.0,600.5,0.8362982869148254,0.7315763235092163,30.0302791595459,40.34968566894531,22.610742568969727,82.35580444335938,29.00709342956543,20562.583984375,65359.13671875,12594.712890625,28064.078125,0.18289408087730408,0.03257601335644722,0.015931162983179092,0.004720901604741812,0.28440621495246887,186.89784240722656,0.9391406178474426,0.5488518818829567,4922.84521484375,14.456628997325483,0.23949696123600006,0.000847204471938312,0.4439947969359734,0.45,8,0.5,0,1200
/home/iams/ramlab_ws/src/unitree_rl_mjlab/logs/rsl_rl/h1_2_velocity_a1_v2/2026-08-26_10-02-56_a1a_fullmirror_jacc1e-7_standing15_s42/model_10000.pt,td3,"['velocity', 'orientation', 'height']",8,42,0.06237512454390526,0.0722508653998375,0.08782681077718735,0.056204263120889664,0.07121268659830093,0.62,0.0,600.5,0.8356581330299377,0.7300710678100586,29.682945251464844,39.56355285644531,22.60976791381836,76.61843872070312,28.6379451751709,20439.09375,64973.578125,12126.634765625,27591.30078125,0.18251776695251465,0.031291183084249496,0.01549012865871191,0.004516642540693283,0.2872021496295929,186.0065460205078,0.9388411641120911,0.5465734285691779,4910.91650390625,14.430548188271745,0.24114033579826355,0.0009756626095622778,0.44380236925744004,0.45,8,0.5,1,1200
/home/iams/ramlab_ws/src/unitree_rl_mjlab/logs/rsl_rl/h1_2_velocity_a1_v2/2026-08-26_10-02-56_a1a_fullmirror_jacc1e-7_standing15_s42/model_10000.pt,td3,"['velocity', 'orientation', 'height']",8,42,0.060353513807058334,0.07253649085760117,0.09088347852230072,0.05427543818950653,0.0714828297495842,0.6,0.0,600.5,0.8426886200904846,0.7354190349578857,30.035032272338867,39.90315246582031,22.986146926879883,81.2110595703125,28.988933563232422,20513.607421875,65962.65625,12237.5078125,27436.923828125,0.18385475873947144,0.03341769054532051,0.01564507558941841,0.00485289515927434,0.2858560383319855,188.46400451660156,0.9390429854393005,0.5474086966175118,4906.0087890625,14.249891991600702,0.2391820251941681,0.000938251381739974,0.4429065743944637,0.45,8,0.5,2,1200
/home/iams/ramlab_ws/src/unitree_rl_mjlab/logs/rsl_rl/h1_2_velocity_a1_v2/2026-08-26_10-02-56_a1a_fullmirror_jacc1e-7_standing15_s42/model_10000.pt,td3,"['velocity', 'orientation', 'height']",8,42,0.06473034620285034,0.07285472005605698,0.08750692009925842,0.05852090194821358,0.07178623974323273,0.62,0.0,600.5,0.8343302607536316,0.7272351980209351,29.864595413208008,39.52024841308594,23.004362106323242,77.83787536621094,29.196802139282227,20254.599609375,63659.01171875,12025.2041015625,28311.560546875,0.18180879950523376,0.029497312381863594,0.01561895851045847,0.004563869442790747,0.28923800587654114,186.44085693359375,0.9395117163658142,0.5521057174399591,4935.02734375,14.614055338939615,0.2395361363887787,0.0009572402341291308,0.4438664932813177,0.45,8,0.5,3,1200
/home/iams/ramlab_ws/src/unitree_rl_mjlab/logs/rsl_rl/h1_2_velocity_a1_v2/2026-08-26_10-02-56_a1a_fullmirror_jacc1e-7_standing15_s42/model_10000.pt,td3,"['velocity', 'orientation', 'height']",8,42,0.060271598398685455,0.07190795987844467,0.09132897853851318,0.05419141426682472,0.07097487151622772,0.6,0.0,600.5,0.8375389575958252,0.7327333092689514,29.793861389160156,39.88638687133789,22.547130584716797,80.36449432373047,28.856664657592773,20482.962890625,64921.8125,12267.232421875,28212.31640625,0.18318332731723785,0.032411109656095505,0.015469699166715145,0.004581856541335583,0.28359755873680115,186.19850158691406,0.9398242235183716,0.5419551612229642,4888.037109375,14.227272678897824,0.23885121941566467,0.0009597624884918332,0.4440589765828274,0.45,8,0.5,4,1200
/home/iams/ramlab_ws/src/unitree_rl_mjlab/logs/rsl_rl/h1_2_velocity_a1_v2/2026-08-26_10-02-56_a1a_fullmirror_jacc1e-7_standing15_s42/model_10000.pt,td3,"['velocity', 'orientation', 'height']",8,42,0.061428941786289215,0.07166695594787598,0.09248160570859909,0.05532198026776314,0.07066294550895691,0.62,0.0,600.5,0.8416385054588318,0.7326328158378601,29.77846336364746,39.111907958984375,23.18577766418457,77.87373352050781,29.626310348510742,20418.23828125,66541.640625,11839.7880859375,27675.87109375,0.18315820395946503,0.031096722930669785,0.015965094789862633,0.004569384269416332,0.2902475893497467,188.37889099121094,0.9391796588897705,0.550603391986292,4917.439453125,14.372942313940024,0.24258646368980408,0.0009460910223424435,0.4441873915558126,0.45,8,0.5,5,1200
/home/iams/ramlab_ws/src/unitree_rl_mjlab/logs/rsl_rl/h1_2_velocity_a1_v2/2026-08-26_10-02-56_a1a_fullmirror_jacc1e-7_standing15_s42/model_10000.pt,td3,"['velocity', 'orientation', 'height']",8,42,0.057149115949869156,0.0734969973564148,0.08703561127185822,0.05119621753692627,0.07262678444385529,0.6,0.0,600.5,0.8419853448867798,0.7362064719200134,29.39225196838379,38.982479095458984,22.548458099365234,75.68953704833984,28.721776962280273,20380.814453125,65906.234375,11760.201171875,27889.318359375,0.18405161798000336,0.035046499222517014,0.015243811532855034,0.004886248614639044,0.28350481390953064,186.82223510742188,0.9397395849227905,0.536676386121714,4893.2197265625,14.056546882942222,0.24490270018577576,0.0009588508983142674,0.4439947969359734,0.45,8,0.5,6,1200
/home/iams/ramlab_ws/src/unitree_rl_mjlab/logs/rsl_rl/h1_2_velocity_a1_v2/2026-08-26_10-02-56_a1a_fullmirror_jacc1e-7_standing15_s42/model_10000.pt,td3,"['velocity', 'orientation', 'height']",8,42,0.06372246146202087,0.07202671468257904,0.09064875543117523,0.05756138265132904,0.07102957367897034,0.62,0.0,600.5,0.8305464386940002,0.7289842963218689,29.204317092895508,38.98590087890625,22.175580978393555,75.91517639160156,28.88018226623535,20316.583984375,65150.80078125,11732.0166015625,26859.26953125,0.18224607408046722,0.030752617865800858,0.015169946476817131,0.004436666611582041,0.2825564444065094,184.5107879638672,0.9408593773841858,0.5422350865885445,4880.576171875,14.342899876673359,0.23547697067260742,0.0010719679994508624,0.4441231747867573,0.45,8,0.5,7,1200
/home/iams/ramlab_ws/src/unitree_rl_mjlab/logs/rsl_rl/h1_2_velocity_a1_v2/2026-08-26_10-02-56_a1a_fullmirror_jacc1e-7_standing15_s42/model_10000.pt,td3,"['velocity', 'orientation', 'height']",8,42,0.06093546375632286,0.07807597517967224,0.08332042396068573,0.055011700838804245,0.07693280279636383,0.66,0.0,600.5,0.8384819626808167,0.7032493948936462,29.311716079711914,36.55549240112305,24.539960861206055,71.6288070678711,31.367067337036133,19136.48828125,63791.1171875,10841.416015625,26697.625,0.17581234872341156,0.03123699501156807,0.01734195463359356,0.0045765782706439495,0.30460742115974426,190.8026580810547,0.9077213406562805,0.5397084596478762,5098.330078125,14.421246304378915,0.23215030133724213,0.0013561727246269584,0.4881614492293024,0.5,8,0.5,0,1200
/home/iams/ramlab_ws/src/unitree_rl_mjlab/logs/rsl_rl/h1_2_velocity_a1_v2/2026-08-26_10-02-56_a1a_fullmirror_jacc1e-7_standing15_s42/model_10000.pt,td3,"['velocity', 'orientation', 'height']",8,42,0.05957784131169319,0.07867241650819778,0.09075813740491867,0.05384625867009163,0.07758665829896927,0.64,0.0,600.5,0.8414507508277893,0.7128808498382568,28.645397186279297,35.851985931396484,23.800987243652344,67.92745208740234,29.798688888549805,19263.04296875,62237.57421875,10554.1806640625,26786.4765625,0.1782202124595642,0.035968855023384094,0.016869040206074715,0.005222158972173929,0.3000282943248749,191.87303161621094,0.9109765887260437,0.5296060280015482,5032.47412109375,13.89058616572336,0.2403813898563385,0.0016419455641880631,0.4881614492293024,0.5,8,0.5,1,1200
/home/iams/ramlab_ws/src/unitree_rl_mjlab/logs/rsl_rl/h1_2_velocity_a1_v2/2026-08-26_10-02-56_a1a_fullmirror_jacc1e-7_standing15_s42/model_10000.pt,td3,"['velocity', 'orientation', 'height']",8,42,0.0608166828751564,0.07783126085996628,0.08804872632026672,0.05489165708422661,0.07666755467653275,0.64,0.0,600.5,0.8333654403686523,0.7013890743255615,29.125539779663086,36.59010314941406,24.138002395629883,71.16722106933594,30.615116119384766,19032.98828125,62344.06640625,10947.439453125,26481.49609375,0.17534726858139038,0.031830888241529465,0.01692359521985054,0.004500747192651033,0.3010716438293457,189.43492126464844,0.9111979007720947,0.5352785352621533,5060.458984375,14.299134045377155,0.23399920761585236,0.001303273718804121,0.4890940932972457,0.5,8,0.5,2,1200
/home/iams/ramlab_ws/src/unitree_rl_mjlab/logs/rsl_rl/h1_2_velocity_a1_v2/2026-08-26_10-02-56_a1a_fullmirror_jacc1e-7_standing15_s42/model_10000.pt,td3,"['velocity', 'orientation', 'height']",8,42,0.061408162117004395,0.07740306109189987,0.09419216215610504,0.05551278963685036,0.07626466453075409,0.64,0.0,600.5,0.8372018337249756,0.703356921672821,29.924856185913086,38.138946533203125,24.34942054748535,76.33661651611328,30.732378005981445,19310.544921875,62209.86328125,11879.92578125,27734.560546875,0.17583923041820526,0.03210687264800072,0.017022911459207535,0.004640838596969843,0.3015521764755249,190.09017944335938,0.9099544286727905,0.5357712358667132,5051.26123046875,14.237035120473081,0.23500892519950867,0.0015108161605894566,0.4875416600539597,0.5,8,0.5,3,1200
/home/iams/ramlab_ws/src/unitree_rl_mjlab/logs/rsl_rl/h1_2_velocity_a1_v2/2026-08-26_10-02-56_a1a_fullmirror_jacc1e-7_standing15_s42/model_10000.pt,td3,"['velocity', 'orientation', 'height']",8,42,0.061173927038908005,0.07671098411083221,0.09328435361385345,0.055231235921382904,0.07552118599414825,0.66,0.0,600.5,0.8459917306900024,0.7091023921966553,29.24397087097168,36.35953903198242,24.591428756713867,69.27410125732422,30.727140426635742,19099.849609375,64635.93359375,10708.71875,25498.66796875,0.17727559804916382,0.031245218589901924,0.01832832582294941,0.004643096122890711,0.31077030301094055,194.09909057617188,0.9047916531562805,0.5488106859086866,5166.40478515625,14.607892387873177,0.2356598973274231,0.0014979353873059154,0.4890940932972457,0.5,8,0.5,4,1200
/home/iams/ramlab_ws/src/unitree_rl_mjlab/logs/rsl_rl/h1_2_velocity_a1_v2/2026-08-26_10-02-56_a1a_fullmirror_jacc1e-7_standing15_s42/model_10000.pt,td3,"['velocity', 'orientation', 'height']",8,42,0.060097694396972656,0.07826123386621475,0.0900997743010521,0.05432876944541931,0.07718893885612488,0.64,0.0,600.5,0.8437318205833435,0.7131245136260986,28.928876876831055,36.200958251953125,24.063785552978516,69.594970703125,30.290376663208008,19257.02734375,60520.96875,10701.533203125,27113.869140625,0.17828112840652466,0.034990180283784866,0.017388932406902313,0.004971364513039589,0.3004109561443329,191.67083740234375,0.9107877612113953,0.5328597266070552,5052.92431640625,14.047517793667765,0.23527583479881287,0.0015314762713387609,0.4887050588609609,0.5,8,0.5,5,1200
/home/iams/ramlab_ws/src/unitree_rl_mjlab/logs/rsl_rl/h1_2_velocity_a1_v2/2026-08-26_10-02-56_a1a_fullmirror_jacc1e-7_standing15_s42/model_10000.pt,td3,"['velocity', 'orientation', 'height']",8,42,0.05954252928495407,0.0782415121793747,0.09015100449323654,0.053673502057790756,0.07713618874549866,0.64,0.0,600.5,0.8380404710769653,0.7066922783851624,29.737398147583008,38.21351623535156,23.898109436035156,74.08374786376953,29.87199592590332,19393.427734375,62603.65234375,12013.8671875,28103.619140625,0.1766730695962906,0.03357287868857384,0.01759442687034607,0.004793328233063221,0.30204346776008606,190.77549743652344,0.908776044845581,0.5349852800135994,5065.837890625,14.205959529327856,0.23489436507225037,0.001423151814378798,0.4860759493670886,0.5,8,0.5,6,1200
/home/iams/ramlab_ws/src/unitree_rl_mjlab/logs/rsl_rl/h1_2_velocity_a1_v2/2026-08-26_10-02-56_a1a_fullmirror_jacc1e-7_standing15_s42/model_10000.pt,td3,"['velocity', 'orientation', 'height']",8,42,0.058105628937482834,0.07831782102584839,0.0914270207285881,0.05231205374002457,0.07717517763376236,0.64,0.0,600.5,0.8470966815948486,0.7134900093078613,29.533203125,37.120914459228516,24.45806121826172,70.23979949951172,30.34899139404297,19363.947265625,63187.46875,11089.7294921875,25782.15625,0.17837250232696533,0.03451623395085335,0.017667939886450768,0.004907788243144751,0.30443012714385986,193.85491943359375,0.9077734351158142,0.53996504745135,5095.76953125,14.193798399590808,0.23720017075538635,0.0012438734993338585,0.48862732622872596,0.5,8,0.5,7,1200
/home/iams/ramlab_ws/src/unitree_rl_mjlab/logs/rsl_rl/h1_2_velocity_a1_v2/2026-08-26_10-02-56_a1a_fullmirror_jacc1e-7_standing15_s42/model_10000.pt,td3,"['velocity', 'orientation', 'height']",8,42,0.06486780196428299,0.084446020424366,0.10008656978607178,0.0595846027135849,0.0829366147518158,0.48,0.0,600.5,0.878689169883728,0.7022352814674377,30.427030563354492,35.6018180847168,27.3918399810791,67.45572662353516,35.87700653076172,18952.9765625,60958.84375,10440.2314453125,27504.9921875,0.17555882036685944,0.034017596393823624,0.01922985166311264,0.0051214201375842094,0.33641988039016724,205.37322998046875,0.8489322662353516,0.5439027354029056,5243.94189453125,13.887855882990067,0.23270373046398163,0.002296907128766179,0.5275631117980423,0.55,8,0.5,0,1200
/home/iams/ramlab_ws/src/unitree_rl_mjlab/logs/rsl_rl/h1_2_velocity_a1_v2/2026-08-26_10-02-56_a1a_fullmirror_jacc1e-7_standing15_s42/model_10000.pt,td3,"['velocity', 'orientation', 'height']",8,42,0.06469975411891937,0.08621232211589813,0.10455873608589172,0.0596025213599205,0.0846376046538353,0.48,0.0,600.5,0.8855686783790588,0.7068504095077515,30.928890228271484,36.5504150390625,27.526273727416992,69.37232208251953,36.41233825683594,19134.80078125,60320.53125,10902.4423828125,28965.662109375,0.17671260237693787,0.035632070153951645,0.018686136230826378,0.005460673943161964,0.3393673896789551,207.3300323486328,0.8486653566360474,0.5441084804889348,5254.60205078125,13.789963026658722,0.23540695011615753,0.002316446043550968,0.5267489711934157,0.55,8,0.5,1,1200
/home/iams/ramlab_ws/src/unitree_rl_mjlab/logs/rsl_rl/h1_2_velocity_a1_v2/2026-08-26_10-02-56_a1a_fullmirror_jacc1e-7_standing15_s42/model_10000.pt,td3,"['velocity', 'orientation', 'height']",8,42,0.06321804970502853,0.0853794515132904,0.10185664147138596,0.057750195264816284,0.08398137241601944,0.5,0.0,600.5,0.8698711395263672,0.6955320239067078,29.746244430541992,34.696048736572266,26.880897521972656,64.6585693359375,35.02330780029297,18751.1015625,59776.75390625,9961.8291015625,26008.130859375,0.17388300597667694,0.032651081681251526,0.019343912601470947,0.0049780323170125484,0.3344588875770569,202.64820861816406,0.8475651144981384,0.5466346396942952,5269.8310546875,14.215138093347464,0.22719500958919525,0.0020218943245708942,0.5318559556786704,0.55,8,0.5,2,1200
/home/iams/ramlab_ws/src/unitree_rl_mjlab/logs/rsl_rl/h1_2_velocity_a1_v2/2026-08-26_10-02-56_a1a_fullmirror_jacc1e-7_standing15_s42/model_10000.pt,td3,"['velocity', 'orientation', 'height']",8,42,0.06276687979698181,0.08548720926046371,0.10919452458620071,0.05753278732299805,0.08401670306921005,0.48,0.0,600.5,0.885468602180481,0.705377459526062,31.182161331176758,37.05072784423828,27.564668655395508,69.50325775146484,36.30766677856445,19147.818359375,60745.9453125,11264.654296875,28928.595703125,0.1763443648815155,0.03686189651489258,0.018691672012209892,0.005488488357514143,0.3384104371070862,207.0985107421875,0.8494856953620911,0.544130749486583,5216.75830078125,13.706511820898495,0.23680143058300018,0.0020018755458295345,0.5211195928753181,0.55,8,0.5,3,1200
/home/iams/ramlab_ws/src/unitree_rl_mjlab/logs/rsl_rl/h1_2_velocity_a1_v2/2026-08-26_10-02-56_a1a_fullmirror_jacc1e-7_standing15_s42/model_10000.pt,td3,"['velocity', 'orientation', 'height']",8,42,0.06717447936534882,0.08558323979377747,0.10805639624595642,0.06222129985690117,0.0840744599699974,0.48,0.0,600.5,0.8978574872016907,0.7140241265296936,31.058799743652344,36.1635627746582,28.071441650390625,66.55335235595703,37.02241516113281,19229.892578125,59856.93359375,10491.48046875,27396.4453125,0.1785060316324234,0.0372067391872406,0.019038574770092964,0.005781438201665878,0.3424031436443329,211.23861694335938,0.8455469012260437,0.5481612169635417,5269.6318359375,13.674618673139232,0.23987744748592377,0.0026615364477038383,0.5250384549649633,0.55,8,0.5,4,1200
/home/iams/ramlab_ws/src/unitree_rl_mjlab/logs/rsl_rl/h1_2_velocity_a1_v2/2026-08-26_10-02-56_a1a_fullmirror_jacc1e-7_standing15_s42/model_10000.pt,td3,"['velocity', 'orientation', 'height']",8,42,0.06183375045657158,0.08440813422203064,0.1070910170674324,0.05657148361206055,0.08292364329099655,0.48,0.0,600.5,0.8875635862350464,0.706112802028656,30.77896499633789,35.96734619140625,27.737747192382812,67.1587905883789,36.650569915771484,19093.5,61194.953125,10656.056640625,27779.41015625,0.176528200507164,0.03544744476675987,0.019639061763882637,0.005548163317143917,0.3409099280834198,207.4020538330078,0.8447005152702332,0.5461424051331681,5255.56982421875,13.839252837416929,0.2367180436849594,0.0018054720712825656,0.5245901639344263,0.55,8,0.5,5,1200
/home/iams/ramlab_ws/src/unitree_rl_mjlab/logs/rsl_rl/h1_2_velocity_a1_v2/2026-08-26_10-02-56_a1a_fullmirror_jacc1e-7_standing15_s42/model_10000.pt,td3,"['velocity', 'orientation', 'height']",8,42,0.06362961232662201,0.08542366325855255,0.1063135638833046,0.058542728424072266,0.08393841981887817,0.48,0.0,600.5,0.888106644153595,0.710955023765564,30.745100021362305,36.30903625488281,27.331979751586914,67.37567901611328,36.660518646240234,19287.109375,60549.6796875,10847.81640625,27423.693359375,0.177738755941391,0.03714853152632713,0.01880756765604019,0.005616692826151848,0.336783230304718,207.78416442871094,0.8494921922683716,0.5407814618661536,5204.9365234375,13.54642929267976,0.23914463818073273,0.0019074901938438416,0.5224489795918368,0.55,8,0.5,6,1200
/home/iams/ramlab_ws/src/unitree_rl_mjlab/logs/rsl_rl/h1_2_velocity_a1_v2/2026-08-26_10-02-56_a1a_fullmirror_jacc1e-7_standing15_s42/model_10000.pt,td3,"['velocity', 'orientation', 'height']",8,42,0.06409049779176712,0.08448880165815353,0.10313231498003006,0.05893911421298981,0.08308069407939911,0.48,0.0,600.5,0.8797999620437622,0.7031792402267456,30.231800079345703,35.57999038696289,26.994850158691406,67.06769561767578,36.07938003540039,19151.693359375,61304.76171875,10479.5341796875,26786.912109375,0.1757948100566864,0.035577382892370224,0.01861073635518551,0.005232854746282101,0.33436495065689087,205.07481384277344,0.848059892654419,0.540649263813204,5197.5634765625,13.702603364561407,0.23530201613903046,0.0022222562693059444,0.5273819742489271,0.55,8,0.5,7,1200
/home/iams/ramlab_ws/src/unitree_rl_mjlab/logs/rsl_rl/h1_2_velocity_a1_v2/2026-08-26_10-02-56_a1a_fullmirror_jacc1e-7_standing15_s42/model_10000.pt,td3,"['velocity', 'orientation', 'height']",8,42,0.07577478885650635,0.09145338088274002,0.13467073440551758,0.07123645395040512,0.09078612923622131,0.5,1.302083364862483e-05,596.127685546875,0.9381957650184631,0.7087904214859009,33.697349548339844,38.1111946105957,31.34198570251465,69.3107681274414,41.12567138671875,19107.326171875,54508.45703125,11839.0224609375,30586.455078125,0.17719760537147522,0.033564094454050064,0.022287212312221527,0.005858365911990404,0.3867000937461853,230.25685119628906,0.7934179902076721,0.5799975422322504,5524.66357421875,13.916160652809008,0.23753651976585388,0.0038612631615251303,0.555615843733044,0.6,8,0.5,0,1200
/home/iams/ramlab_ws/src/unitree_rl_mjlab/logs/rsl_rl/h1_2_velocity_a1_v2/2026-08-26_10-02-56_a1a_fullmirror_jacc1e-7_standing15_s42/model_10000.pt,td3,"['velocity', 'orientation', 'height']",8,42,0.07719194144010544,0.0909610390663147,0.12281354516744614,0.07256405800580978,0.09001205116510391,0.5,0.0,600.5,0.9319957494735718,0.709029495716095,32.495750427246094,36.11563491821289,30.697603225708008,67.57181549072266,41.29067611694336,18800.974609375,52741.921875,10639.853515625,28944.654296875,0.17725737392902374,0.034926462918519974,0.021194294095039368,0.006119157653301954,0.37915846705436707,224.25685119628906,0.7989518046379089,0.5574072476548191,5406.39208984375,13.437992716107564,0.23580889403820038,0.002872742712497711,0.5439093484419264,0.6,8,0.5,1,1200
/home/iams/ramlab_ws/src/unitree_rl_mjlab/logs/rsl_rl/h1_2_velocity_a1_v2/2026-08-26_10-02-56_a1a_fullmirror_jacc1e-7_standing15_s42/model_10000.pt,td3,"['velocity', 'orientation', 'height']",8,42,0.08385664969682693,0.09148924797773361,0.13805417716503143,0.0796699970960617,0.09049859642982483,0.5,0.0,600.5,0.9451335072517395,0.7173404097557068,33.89081954956055,38.2273063659668,31.554216384887695,69.29325103759766,41.43454360961914,19078.044921875,52958.125,11630.705078125,30217.54296875,0.1793351024389267,0.03714989498257637,0.021111702546477318,0.006362646818161011,0.385824978351593,230.04747009277344,0.7959505319595337,0.5638761636744745,5445.62939453125,13.347942909037622,0.24217602610588074,0.004008544608950615,0.5502418054809243,0.6,8,0.5,2,1200
/home/iams/ramlab_ws/src/unitree_rl_mjlab/logs/rsl_rl/h1_2_velocity_a1_v2/2026-08-26_10-02-56_a1a_fullmirror_jacc1e-7_standing15_s42/model_10000.pt,td3,"['velocity', 'orientation', 'height']",8,42,0.08138548582792282,0.09153416007757187,0.13379552960395813,0.07721397280693054,0.09051444381475449,0.5,0.0,600.5,0.9425475597381592,0.7166467308998108,33.32585525512695,37.23445129394531,31.319833755493164,67.87364959716797,41.25563430786133,18962.96875,53336.43359375,11095.94140625,29776.314453125,0.1791616827249527,0.03717159107327461,0.02109028398990631,0.006434126291424036,0.3832269310951233,228.43434143066406,0.7992708086967468,0.5596557634162733,5409.82421875,13.253870711539705,0.24128380417823792,0.003130693454295397,0.5517241379310345,0.6,8,0.5,3,1200
/home/iams/ramlab_ws/src/unitree_rl_mjlab/logs/rsl_rl/h1_2_velocity_a1_v2/2026-08-26_10-02-56_a1a_fullmirror_jacc1e-7_standing15_s42/model_10000.pt,td3,"['velocity', 'orientation', 'height']",8,42,0.07474498450756073,0.09062173217535019,0.1380058228969574,0.07027632743120193,0.08979779481887817,0.5,0.0,600.5,0.9332727193832397,0.707512617111206,32.60552215576172,36.036502838134766,31.017574310302734,65.77338409423828,40.33171463012695,18768.791015625,53331.1875,10639.212890625,28469.05859375,0.1768781542778015,0.03494240343570709,0.0219105277210474,0.005944499745965004,0.3816532790660858,225.27940368652344,0.7936002612113953,0.5664942957522393,5466.6181640625,13.746522354120355,0.23733657598495483,0.00298860645852983,0.5538128718226069,0.6,8,0.5,4,1200
/home/iams/ramlab_ws/src/unitree_rl_mjlab/logs/rsl_rl/h1_2_velocity_a1_v2/2026-08-26_10-02-56_a1a_fullmirror_jacc1e-7_standing15_s42/model_10000.pt,td3,"['velocity', 'orientation', 'height']",8,42,0.07803395390510559,0.09055186808109283,0.12831245362758636,0.07349148392677307,0.08950533717870712,0.5,0.0,600.5,0.9309334754943848,0.7080183625221252,32.8687629699707,36.95138168334961,30.725618362426758,66.42858123779297,41.10578155517578,18959.9765625,53537.125,11140.697265625,29019.53515625,0.1770045906305313,0.034437838941812515,0.02096295915544033,0.005824421066790819,0.3800489604473114,224.59385681152344,0.7985807061195374,0.5614562505201861,5407.43017578125,13.517891411292318,0.2352302521467209,0.0034737151581794024,0.5499462943071965,0.6,8,0.5,5,1200
/home/iams/ramlab_ws/src/unitree_rl_mjlab/logs/rsl_rl/h1_2_velocity_a1_v2/2026-08-26_10-02-56_a1a_fullmirror_jacc1e-7_standing15_s42/model_10000.pt,td3,"['velocity', 'orientation', 'height']",8,42,0.07866096496582031,0.09209882467985153,0.12911736965179443,0.07446247339248657,0.09145749360322952,0.5,1.302083364862483e-05,596.4905395507812,0.9385747313499451,0.7142030596733093,32.80015563964844,36.46153259277344,31.003999710083008,68.57929229736328,40.90304946899414,18896.134765625,53251.75390625,10772.1875,28485.861328125,0.17855076491832733,0.035827018320560455,0.021548287943005562,0.006260143127292395,0.38173505663871765,227.9697723388672,0.7968424558639526,0.5635938194258753,5454.22314453125,13.484098285840059,0.2392674833536148,0.003380042966455221,0.5483755801499465,0.6,8,0.5,6,1200
/home/iams/ramlab_ws/src/unitree_rl_mjlab/logs/rsl_rl/h1_2_velocity_a1_v2/2026-08-26_10-02-56_a1a_fullmirror_jacc1e-7_standing15_s42/model_10000.pt,td3,"['velocity', 'orientation', 'height']",8,42,0.0795622244477272,0.09059625118970871,0.13028530776500702,0.07507198303937912,0.08953680098056793,0.5,0.0,600.5,0.9386321306228638,0.7151230573654175,32.34330368041992,35.53144073486328,30.94017219543457,66.67217254638672,41.94428253173828,18739.533203125,53520.01953125,10279.943359375,29976.763671875,0.17878076434135437,0.035136427730321884,0.021596862003207207,0.006057515274733305,0.38240131735801697,226.60903930664062,0.7973567843437195,0.5604270244325441,5446.6298828125,13.47006684028308,0.23667408525943756,0.0033110117074102163,0.5634629493763756,0.6,8,0.5,7,1200
/home/iams/ramlab_ws/src/unitree_rl_mjlab/logs/rsl_rl/h1_2_velocity_a1_v2/2026-08-26_10-02-56_a1a_fullmirror_jacc1e-7_standing15_s42/model_10000.pt,td3,"['velocity', 'orientation', 'height']",8,42,0.0683615580201149,0.06267473846673965,0.08894184231758118,0.061761997640132904,0.061849452555179596,0.76,0.0,600.5,0.8959416151046753,0.7927412986755371,29.12141227722168,37.6468391418457,23.152585983276367,67.24800109863281,28.40573501586914,21874.271484375,61016.08203125,10765.8447265625,29995.884765625,0.19818532466888428,0.03333086147904396,0.017926296219229698,0.005143530201166868,0.2961816191673279,197.56004333496094,0.9859830737113953,0.5954440298633458,5220.2314453125,15.733726883481898,0.267776757478714,0.0014573207590728998,0.3928388746803069,0.4,12,0.5,0,1200
/home/iams/ramlab_ws/src/unitree_rl_mjlab/logs/rsl_rl/h1_2_velocity_a1_v2/2026-08-26_10-02-56_a1a_fullmirror_jacc1e-7_standing15_s42/model_10000.pt,td3,"['velocity', 'orientation', 'height']",8,42,0.07011814415454865,0.061728380620479584,0.0917266458272934,0.06353846192359924,0.06083396077156067,0.76,0.0,600.5,0.9031168222427368,0.7960593700408936,29.368242263793945,37.747432708740234,23.54981231689453,67.93023681640625,28.18731689453125,21938.765625,60339.1640625,10765.78125,30149.232421875,0.1990148425102234,0.03385395184159279,0.018512677401304245,0.005222446750849485,0.3039737343788147,200.35841369628906,0.987597644329071,0.6069878272231125,5246.93798828125,15.895650364231813,0.2710074186325073,0.0014461399987339973,0.3932915119702983,0.4,12,0.5,1,1200
/home/iams/ramlab_ws/src/unitree_rl_mjlab/logs/rsl_rl/h1_2_velocity_a1_v2/2026-08-26_10-02-56_a1a_fullmirror_jacc1e-7_standing15_s42/model_10000.pt,td3,"['velocity', 'orientation', 'height']",8,42,0.06956180930137634,0.061416156589984894,0.09034676849842072,0.0629991739988327,0.060548461973667145,0.76,0.0,600.5,0.9025049209594727,0.7975664138793945,29.366661071777344,38.08768081665039,23.261598587036133,66.61602020263672,28.355831146240234,22004.2890625,60472.01171875,10954.8349609375,28433.068359375,0.19939160346984863,0.0332607664167881,0.018419571220874786,0.005202635191380978,0.2978101372718811,198.64022827148438,0.9857356548309326,0.5993862531436258,5242.76171875,15.819751659123044,0.2629658877849579,0.001590998494066298,0.39268822702288125,0.4,12,0.5,2,1200
/home/iams/ramlab_ws/src/unitree_rl_mjlab/logs/rsl_rl/h1_2_velocity_a1_v2/2026-08-26_10-02-56_a1a_fullmirror_jacc1e-7_standing15_s42/model_10000.pt,td3,"['velocity', 'orientation', 'height']",8,42,0.06673070043325424,0.06202220916748047,0.09552674740552902,0.060175858438014984,0.06119109317660332,0.6,0.0,600.5,0.9045453667640686,0.7988590002059937,30.250286102294922,39.83999252319336,23.46139144897461,71.85521697998047,28.78432273864746,22097.4375,60404.95703125,11982.2822265625,30903.880859375,0.1997147500514984,0.034642770886421204,0.018727179616689682,0.00545928068459034,0.30197274684906006,200.78829956054688,0.9858202934265137,0.6032188370186239,5275.96435546875,15.850331933229404,0.26930466294288635,0.0014393336605280638,0.3933418693982074,0.4,12,0.5,3,1200
/home/iams/ramlab_ws/src/unitree_rl_mjlab/logs/rsl_rl/h1_2_velocity_a1_v2/2026-08-26_10-02-56_a1a_fullmirror_jacc1e-7_standing15_s42/model_10000.pt,td3,"['velocity', 'orientation', 'height']",8,42,0.06642500311136246,0.06227084994316101,0.0939854085445404,0.059924401342868805,0.061437517404556274,0.6,0.0,600.5,0.9035870432853699,0.7985946536064148,29.413978576660156,38.23683547973633,23.198957443237305,68.06132507324219,28.296998977661133,22035.54296875,61661.6796875,11053.3740234375,30280.025390625,0.1996486634016037,0.035342659801244736,0.01868833415210247,0.0052469209767878056,0.2973528504371643,199.8931427001953,0.9843685030937195,0.5993766133584326,5245.1689453125,15.72756246822383,0.2698202133178711,0.0014173188246786594,0.3930399181166837,0.4,12,0.5,4,1200
/home/iams/ramlab_ws/src/unitree_rl_mjlab/logs/rsl_rl/h1_2_velocity_a1_v2/2026-08-26_10-02-56_a1a_fullmirror_jacc1e-7_standing15_s42/model_10000.pt,td3,"['velocity', 'orientation', 'height']",8,42,0.06606459617614746,0.06070245802402496,0.09415499866008759,0.05954929441213608,0.0598367415368557,0.6,0.0,600.5,0.9033664464950562,0.7971353530883789,29.361188888549805,37.906307220458984,23.394365310668945,67.830322265625,27.63658905029297,21958.294921875,60108.17578125,10888.935546875,30463.349609375,0.19928383827209473,0.0342232920229435,0.018368873745203018,0.005306398496031761,0.3000359535217285,199.81333923339844,0.9838476777076721,0.5984884802961492,5230.3701171875,15.666201270226024,0.2674895226955414,0.0014061086112633348,0.3928891162552756,0.4,12,0.5,5,1200
/home/iams/ramlab_ws/src/unitree_rl_mjlab/logs/rsl_rl/h1_2_velocity_a1_v2/2026-08-26_10-02-56_a1a_fullmirror_jacc1e-7_standing15_s42/model_10000.pt,td3,"['velocity', 'orientation', 'height']",8,42,0.064914770424366,0.061424680054187775,0.09069187194108963,0.058417338877916336,0.060581933706998825,0.6,0.0,600.5,0.9023417234420776,0.7964970469474792,29.291301727294922,37.875579833984375,23.279939651489258,66.4616470336914,28.093534469604492,21927.5625,61114.46875,10767.6728515625,29745.240234375,0.1991242617368698,0.03550081327557564,0.018523752689361572,0.005284151062369347,0.29724445939064026,199.63119506835938,0.9867187738418579,0.5979411764501001,5224.85107421875,15.649625434097707,0.26764723658561707,0.0011227406794205308,0.3932411674347158,0.4,12,0.5,6,1200
/home/iams/ramlab_ws/src/unitree_rl_mjlab/logs/rsl_rl/h1_2_velocity_a1_v2/2026-08-26_10-02-56_a1a_fullmirror_jacc1e-7_standing15_s42/model_10000.pt,td3,"['velocity', 'orientation', 'height']",8,42,0.0648399367928505,0.06297523528337479,0.09486543387174606,0.05840754508972168,0.062190666794776917,0.58,0.0,600.5,0.9048570394515991,0.7990251183509827,29.249805450439453,37.78148651123047,23.2692813873291,68.0296401977539,29.216571807861328,21869.87890625,62128.640625,10743.7880859375,31253.533203125,0.19975627958774567,0.03666142001748085,0.018843019381165504,0.005365842022001743,0.29597461223602295,199.453369140625,0.9875195026397705,0.5950924189369932,5259.41015625,15.69206449164646,0.27101898193359375,0.0013418997405096889,0.3932411674347158,0.4,12,0.5,7,1200
/home/iams/ramlab_ws/src/unitree_rl_mjlab/logs/rsl_rl/h1_2_velocity_a1_v2/2026-08-26_10-02-56_a1a_fullmirror_jacc1e-7_standing15_s42/model_10000.pt,td3,"['velocity', 'orientation', 'height']",8,42,0.06162765622138977,0.06981301307678223,0.09962910413742065,0.055428795516490936,0.0688270777463913,0.62,0.0,600.5,0.8688868880271912,0.7514403462409973,29.583778381347656,37.96352005004883,23.793994903564453,73.38264465332031,30.063798904418945,20958.171875,67467.5703125,11496.314453125,27875.080078125,0.18786008656024933,0.03804628551006317,0.019697407260537148,0.005466207396239042,0.30175772309303284,201.99351501464844,0.930188775062561,0.5842336501200626,5440.56884765625,15.735967214573506,0.2685149312019348,0.0014596768887713552,0.44380236925744004,0.45,12,0.5,0,1200
/home/iams/ramlab_ws/src/unitree_rl_mjlab/logs/rsl_rl/h1_2_velocity_a1_v2/2026-08-26_10-02-56_a1a_fullmirror_jacc1e-7_standing15_s42/model_10000.pt,td3,"['velocity', 'orientation', 'height']",8,42,0.06734992563724518,0.07022970169782639,0.09731170535087585,0.06096052750945091,0.06921234726905823,0.62,0.0,600.5,0.8584275841712952,0.7429527640342712,29.030803680419922,37.09978485107422,23.478267669677734,72.96810150146484,29.372358322143555,20652.787109375,66258.9375,11046.4794921875,27194.701171875,0.1857381910085678,0.033575039356946945,0.019551046192646027,0.00509220315143466,0.3047528564929962,199.25010681152344,0.9289583563804626,0.5898922431333319,5491.701171875,16.25852156703138,0.26388466358184814,0.0015421226853504777,0.4435460583309269,0.45,12,0.5,1,1200
/home/iams/ramlab_ws/src/unitree_rl_mjlab/logs/rsl_rl/h1_2_velocity_a1_v2/2026-08-26_10-02-56_a1a_fullmirror_jacc1e-7_standing15_s42/model_10000.pt,td3,"['velocity', 'orientation', 'height']",8,42,0.060630761086940765,0.0704847127199173,0.10199636965990067,0.05447056144475937,0.06956009566783905,0.62,0.0,600.5,0.8680592179298401,0.7511457204818726,29.828853607177734,38.566463470458984,23.731130599975586,75.99264526367188,29.55063819885254,20880.939453125,68835.9765625,11850.443359375,27842.548828125,0.18778643012046814,0.03709520027041435,0.019364027306437492,0.005509141366928816,0.3018638491630554,201.58767700195312,0.9282747507095337,0.5814244906731699,5456.84423828125,15.738772853583896,0.26800215244293213,0.0014533266657963395,0.4438664932813177,0.45,12,0.5,2,1200
/home/iams/ramlab_ws/src/unitree_rl_mjlab/logs/rsl_rl/h1_2_velocity_a1_v2/2026-08-26_10-02-56_a1a_fullmirror_jacc1e-7_standing15_s42/model_10000.pt,td3,"['velocity', 'orientation', 'height']",8,42,0.0639052763581276,0.07040473073720932,0.10171405971050262,0.05767647176980972,0.06950308382511139,0.62,0.0,600.5,0.8615058660507202,0.7485650777816772,28.672584533691406,36.63406753540039,23.164203643798828,70.4939193725586,29.150835037231445,20696.80859375,67934.34375,10794.046875,27482.14453125,0.1871412694454193,0.03665655106306076,0.019005510956048965,0.005324491299688816,0.2992860674858093,199.65316772460938,0.9311718940734863,0.5791544560850238,5442.2568359375,15.786912143736723,0.2692453861236572,0.0016836991999298334,0.44380236925744004,0.45,12,0.5,3,1200
/home/iams/ramlab_ws/src/unitree_rl_mjlab/logs/rsl_rl/h1_2_velocity_a1_v2/2026-08-26_10-02-56_a1a_fullmirror_jacc1e-7_standing15_s42/model_10000.pt,td3,"['velocity', 'orientation', 'height']",8,42,0.0638994500041008,0.07093661278486252,0.10120861977338791,0.05764918029308319,0.0699518471956253,0.62,0.0,600.5,0.8634490370750427,0.747966468334198,29.237377166748047,37.598426818847656,23.44158935546875,71.95492553710938,29.37407875061035,20774.470703125,67406.5703125,11389.7021484375,27034.927734375,0.1869916170835495,0.036112263798713684,0.019203823059797287,0.005380531772971153,0.30237317085266113,200.27908325195312,0.9305078387260437,0.5817847337645482,5477.5595703125,15.91160019382272,0.26801517605781555,0.0016875342698767781,0.44380236925744004,0.45,12,0.5,4,1200
/home/iams/ramlab_ws/src/unitree_rl_mjlab/logs/rsl_rl/h1_2_velocity_a1_v2/2026-08-26_10-02-56_a1a_fullmirror_jacc1e-7_standing15_s42/model_10000.pt,td3,"['velocity', 'orientation', 'height']",8,42,0.06550518423318863,0.06868281215429306,0.09918717294931412,0.059232644736766815,0.06764858961105347,0.62,0.0,600.5,0.8630715012550354,0.748904287815094,28.489925384521484,36.070556640625,23.306697845458984,68.66182708740234,29.799760818481445,20666.09765625,68146.390625,10521.267578125,27323.51171875,0.1872260719537735,0.03557285666465759,0.019716113805770874,0.005229737143963575,0.3029473125934601,199.61361694335938,0.9295963644981384,0.5834586086271775,5468.72607421875,15.984755833023627,0.2649988830089569,0.0017705390928313136,0.4440589765828274,0.45,12,0.5,5,1200
/home/iams/ramlab_ws/src/unitree_rl_mjlab/logs/rsl_rl/h1_2_velocity_a1_v2/2026-08-26_10-02-56_a1a_fullmirror_jacc1e-7_standing15_s42/model_10000.pt,td3,"['velocity', 'orientation', 'height']",8,42,0.06519395112991333,0.0705723837018013,0.09576686471700668,0.05893391743302345,0.06968288123607635,0.62,0.0,600.5,0.8572610020637512,0.7452644109725952,28.790904998779297,37.2389030456543,22.864532470703125,71.49052429199219,28.350753784179688,20613.857421875,70717.4921875,11172.5234375,27796.72265625,0.1863161027431488,0.03520940616726875,0.018857182934880257,0.005199723411351442,0.29923340678215027,197.55953979492188,0.9320312738418579,0.5761414413545276,5430.6650390625,15.837409379030142,0.2627212405204773,0.0018265541875734925,0.44348202685145083,0.45,12,0.5,6,1200
/home/iams/ramlab_ws/src/unitree_rl_mjlab/logs/rsl_rl/h1_2_velocity_a1_v2/2026-08-26_10-02-56_a1a_fullmirror_jacc1e-7_standing15_s42/model_10000.pt,td3,"['velocity', 'orientation', 'height']",8,42,0.064799003303051,0.07014528661966324,0.09842254966497421,0.05846497043967247,0.06910494714975357,0.62,0.0,600.5,0.8610021471977234,0.7444815635681152,29.235057830810547,37.37667465209961,23.620779037475586,72.46609497070312,29.40372085571289,20683.787109375,68146.46875,11210.0732421875,28024.97265625,0.1861203908920288,0.03411067649722099,0.019537245854735374,0.00532231479883194,0.3055321276187897,200.03907775878906,0.9294140338897705,0.5886856273742016,5482.0048828125,16.13273395123308,0.26467058062553406,0.0013678056420758367,0.4439306358381503,0.45,12,0.5,7,1200
/home/iams/ramlab_ws/src/unitree_rl_mjlab/logs/rsl_rl/h1_2_velocity_a1_v2/2026-08-26_10-02-56_a1a_fullmirror_jacc1e-7_standing15_s42/model_10000.pt,td3,"['velocity', 'orientation', 'height']",8,42,0.06462308019399643,0.07650082558393478,0.10594718903303146,0.05869223549962044,0.07540834695100784,0.64,0.0,600.5,0.8748976588249207,0.7281628251075745,29.95799446105957,36.702117919921875,25.581623077392578,69.19786071777344,32.280242919921875,19767.58984375,70188.3984375,11138.5966796875,26964.666015625,0.18204070627689362,0.03924420848488808,0.021220125257968903,0.005767504684627056,0.3248516321182251,208.893798828125,0.8939778804779053,0.5760495490469213,5637.93017578125,15.547263616620475,0.2670704126358032,0.002692784648388624,0.48862732622872596,0.5,12,0.5,0,1200
/home/iams/ramlab_ws/src/unitree_rl_mjlab/logs/rsl_rl/h1_2_velocity_a1_v2/2026-08-26_10-02-56_a1a_fullmirror_jacc1e-7_standing15_s42/model_10000.pt,td3,"['velocity', 'orientation', 'height']",8,42,0.06622287631034851,0.0752728208899498,0.10153651237487793,0.06012465059757233,0.07417548447847366,0.66,0.0,600.5,0.8686513304710388,0.7203969359397888,29.58434295654297,35.801856994628906,25.68872833251953,68.42317199707031,32.508968353271484,19483.193359375,68993.1875,10667.62109375,25798.09765625,0.1800992339849472,0.034709032624959946,0.021871164441108704,0.0055632209405303,0.32861998677253723,207.5901336669922,0.892981767654419,0.5859805148538066,5737.7333984375,16.196337440816905,0.26457756757736206,0.002620613668113947,0.4889384052204361,0.5,12,0.5,1,1200
/home/iams/ramlab_ws/src/unitree_rl_mjlab/logs/rsl_rl/h1_2_velocity_a1_v2/2026-08-26_10-02-56_a1a_fullmirror_jacc1e-7_standing15_s42/model_10000.pt,td3,"['velocity', 'orientation', 'height']",8,42,0.06453700363636017,0.07785560935735703,0.1053750216960907,0.0586431659758091,0.0767575278878212,0.64,0.0,600.5,0.8663410544395447,0.7266669869422913,29.39150047302246,36.46065139770508,24.671281814575195,73.05811309814453,31.04823875427246,19949.080078125,70597.9453125,11155.4560546875,26002.94921875,0.18166674673557281,0.039063673466444016,0.02041761949658394,0.005674724001437426,0.31970134377479553,205.53289794921875,0.8986588716506958,0.564958688632549,5587.4873046875,15.3586095094744,0.26705604791641235,0.0028132435400038958,0.48878281622911696,0.5,12,0.5,2,1200
/home/iams/ramlab_ws/src/unitree_rl_mjlab/logs/rsl_rl/h1_2_velocity_a1_v2/2026-08-26_10-02-56_a1a_fullmirror_jacc1e-7_standing15_s42/model_10000.pt,td3,"['velocity', 'orientation', 'height']",8,42,0.06415900588035583,0.07630108296871185,0.10696154087781906,0.05811053141951561,0.07515452057123184,0.66,0.0,600.5,0.8684422373771667,0.7224886417388916,29.80679702758789,36.40536880493164,25.55988311767578,71.56022644042969,32.03186798095703,19591.123046875,69176.578125,11051.4423828125,25928.470703125,0.1806221604347229,0.03656680881977081,0.020933223888278008,0.005481732077896595,0.3260713517665863,206.511962890625,0.8954036235809326,0.5731535133511964,5643.16845703125,15.662053248819365,0.2651219964027405,0.0025855964049696922,0.48831664282308057,0.5,12,0.5,3,1200
/home/iams/ramlab_ws/src/unitree_rl_mjlab/logs/rsl_rl/h1_2_velocity_a1_v2/2026-08-26_10-02-56_a1a_fullmirror_jacc1e-7_standing15_s42/model_10000.pt,td3,"['velocity', 'orientation', 'height']",8,42,0.06517820060253143,0.07674989849328995,0.10394240915775299,0.0593327172100544,0.07556599378585815,0.66,0.0,600.5,0.8756816983222961,0.7312332391738892,29.558509826660156,35.88960266113281,25.505586624145508,71.05485534667969,32.61664581298828,19874.15234375,69948.4375,10570.2939453125,26473.412109375,0.1828083097934723,0.03815803676843643,0.021223515272140503,0.005625620484352112,0.32472220063209534,208.6138916015625,0.8954752683639526,0.5727775612171617,5641.7607421875,15.490214044371514,0.26623478531837463,0.002922246465459466,0.4882390336935791,0.5,12,0.5,4,1200
/home/iams/ramlab_ws/src/unitree_rl_mjlab/logs/rsl_rl/h1_2_velocity_a1_v2/2026-08-26_10-02-56_a1a_fullmirror_jacc1e-7_standing15_s42/model_10000.pt,td3,"['velocity', 'orientation', 'height']",8,42,0.0643361508846283,0.07649526000022888,0.10441584885120392,0.05824656039476395,0.07541212439537048,0.66,0.0,600.5,0.8713830709457397,0.7246196866035461,29.277803421020508,35.33427047729492,25.474411010742188,67.40502166748047,31.750038146972656,19640.470703125,71089.3671875,10363.3916015625,26212.599609375,0.18115492165088654,0.03655318543314934,0.021767469123005867,0.00555185554549098,0.3305438160896301,208.56752014160156,0.8906900882720947,0.5825167140061311,5722.8466796875,15.983569806877078,0.2669079005718231,0.002487838501110673,0.4882390336935791,0.5,12,0.5,5,1200
/home/iams/ramlab_ws/src/unitree_rl_mjlab/logs/rsl_rl/h1_2_velocity_a1_v2/2026-08-26_10-02-56_a1a_fullmirror_jacc1e-7_standing15_s42/model_10000.pt,td3,"['velocity', 'orientation', 'height']",8,42,0.06825916469097137,0.07885300368070602,0.09872511029243469,0.06237448751926422,0.07775881886482239,0.64,0.0,600.5,0.8900578022003174,0.7505942583084106,32.06106948852539,41.07313919067383,25.787242889404297,77.36878967285156,32.613433837890625,20609.48046875,59918.34765625,12333.654296875,29952.626953125,0.18764856457710266,0.03251029551029205,0.015530968084931374,0.004959579557180405,0.3092471659183502,198.74595642089844,0.9100000262260437,0.5392567615308193,4880.34619140625,13.241827576952959,0.2296787053346634,0.00259103300049901,0.48886059834500317,0.5,12,0.5,6,1200
/home/iams/ramlab_ws/src/unitree_rl_mjlab/logs/rsl_rl/h1_2_velocity_a1_v2/2026-08-26_10-02-56_a1a_fullmirror_jacc1e-7_standing15_s42/model_10000.pt,td3,"['velocity', 'orientation', 'height']",8,42,0.07189025729894638,0.07827964425086975,0.100430428981781,0.06601537019014359,0.07707135379314423,0.64,0.0,600.5,0.8941724896430969,0.7522750496864319,32.34169006347656,41.43190002441406,26.05060577392578,77.68260955810547,32.44466781616211,20720.173828125,62074.07421875,12452.9892578125,29482.296875,0.18806876242160797,0.0319870226085186,0.016072457656264305,0.005000759847462177,0.315012127161026,200.41397094726562,0.9097070097923279,0.5439245846204971,4923.5107421875,13.362434828741598,0.22913230955600739,0.003369200276210904,0.4880838894184938,0.5,12,0.5,7,1200
/home/iams/ramlab_ws/src/unitree_rl_mjlab/logs/rsl_rl/h1_2_velocity_a1_v2/2026-08-26_10-02-56_a1a_fullmirror_jacc1e-7_standing15_s42/model_10000.pt,td3,"['velocity', 'orientation', 'height']",8,42,0.07481013983488083,0.08423361927270889,0.10720095038414001,0.06986133754253387,0.08274496346712112,0.68,0.0,600.5,0.9403520226478577,0.7532068490982056,33.37862014770508,39.581817626953125,29.510637283325195,71.67007446289062,37.74323272705078,20549.201171875,60345.60546875,11360.724609375,28611.822265625,0.1883017122745514,0.03235072270035744,0.01803882047533989,0.005256136413663626,0.3535655438899994,216.0297393798828,0.8513997197151184,0.5587207675460971,5072.77392578125,13.119788850796716,0.22547760605812073,0.003623832482844591,0.5256673511293635,0.55,12,0.5,0,1200
/home/iams/ramlab_ws/src/unitree_rl_mjlab/logs/rsl_rl/h1_2_velocity_a1_v2/2026-08-26_10-02-56_a1a_fullmirror_jacc1e-7_standing15_s42/model_10000.pt,td3,"['velocity', 'orientation', 'height']",8,42,0.07564415037631989,0.08421672135591507,0.11022528260946274,0.07074996083974838,0.08280223608016968,0.68,0.0,600.5,0.9372790455818176,0.7539737224578857,32.65855026245117,38.65550994873047,28.86395835876465,70.37325286865234,37.58183670043945,20735.291015625,58061.5546875,10990.2138671875,28616.80859375,0.18849343061447144,0.033062078058719635,0.017963450402021408,0.005394205916672945,0.3499550521373749,214.52679443359375,0.8541796803474426,0.5513737280448627,5014.00830078125,12.886931770722105,0.22952359914779663,0.003344188444316387,0.5280165005156411,0.55,12,0.5,1,1200
/home/iams/ramlab_ws/src/unitree_rl_mjlab/logs/rsl_rl/h1_2_velocity_a1_v2/2026-08-26_10-02-56_a1a_fullmirror_jacc1e-7_standing15_s42/model_10000.pt,td3,"['velocity', 'orientation', 'height']",8,42,0.07927186042070389,0.08394594490528107,0.11290058493614197,0.07463923841714859,0.08248063176870346,0.5,0.0,600.5,0.9497169852256775,0.7607030272483826,32.8238639831543,38.04739761352539,29.709758758544922,68.51449584960938,38.42440414428711,20724.5625,59127.77734375,10471.7568359375,28617.509765625,0.19017575681209564,0.0337974950671196,0.017984040081501007,0.005720040295273066,0.3546903133392334,218.75,0.8517057299613953,0.5567569754671505,5072.841796875,12.911269985821619,0.2341657280921936,0.004161502234637737,0.523517382413088,0.55,12,0.5,2,1200
/home/iams/ramlab_ws/src/unitree_rl_mjlab/logs/rsl_rl/h1_2_velocity_a1_v2/2026-08-26_10-02-56_a1a_fullmirror_jacc1e-7_standing15_s42/model_10000.pt,td3,"['velocity', 'orientation', 'height']",8,42,0.08163134753704071,0.08394398540258408,0.12303877621889114,0.077260322868824,0.08268652856349945,0.5,0.0,600.5,0.9518884420394897,0.7626530528068542,35.078819274902344,43.34699249267578,29.394908905029297,80.62419891357422,38.9827995300293,21636.583984375,61856.20703125,13587.66015625,32233.02734375,0.19066326320171356,0.03583082556724548,0.017206210643053055,0.0060220276936888695,0.35746023058891296,221.58682250976562,0.8533658981323242,0.5516433298951487,4987.93603515625,12.417532397933934,0.24704167246818542,0.0038050839211791754,0.5199729180771835,0.55,12,0.5,3,1200
/home/iams/ramlab_ws/src/unitree_rl_mjlab/logs/rsl_rl/h1_2_velocity_a1_v2/2026-08-26_10-02-56_a1a_fullmirror_jacc1e-7_standing15_s42/model_10000.pt,td3,"['velocity', 'orientation', 'height']",8,42,0.07966925203800201,0.08402866125106812,0.11857302486896515,0.0749901607632637,0.08255022764205933,0.5,0.0,600.5,0.9460744261741638,0.7576519250869751,34.2250862121582,41.4068489074707,29.473176956176758,77.47535705566406,38.690887451171875,21001.740234375,59393.78515625,12404.791015625,31246.640625,0.18941298127174377,0.034647099673748016,0.017275089398026466,0.0057017081417143345,0.35511308908462524,218.12567138671875,0.8553190231323242,0.5529205002526377,5044.39013671875,12.786876922351583,0.23896072804927826,0.004063242580741644,0.5208545269582909,0.55,12,0.5,4,1200
/home/iams/ramlab_ws/src/unitree_rl_mjlab/logs/rsl_rl/h1_2_velocity_a1_v2/2026-08-26_10-02-56_a1a_fullmirror_jacc1e-7_standing15_s42/model_10000.pt,td3,"['velocity', 'orientation', 'height']",8,42,0.08000480383634567,0.08376164734363556,0.11337154358625412,0.07545208185911179,0.08232933282852173,0.5,0.0,600.5,0.9475869536399841,0.7594313025474548,33.22896957397461,39.16450119018555,29.494346618652344,72.25711822509766,38.72412872314453,20847.76171875,59410.09375,11083.408203125,29073.333984375,0.1898578256368637,0.03532680496573448,0.017633771523833275,0.005958027672022581,0.35302960872650146,217.84596252441406,0.8544010519981384,0.5483358747090357,5022.65478515625,12.642427566400393,0.24213570356369019,0.0037976421881467104,0.5245005975755507,0.55,12,0.5,5,1200
/home/iams/ramlab_ws/src/unitree_rl_mjlab/logs/rsl_rl/h1_2_velocity_a1_v2/2026-08-26_10-02-56_a1a_fullmirror_jacc1e-7_standing15_s42/model_10000.pt,td3,"['velocity', 'orientation', 'height']",8,42,0.07781261950731277,0.08406152576208115,0.11370860785245895,0.07303796708583832,0.08275985717773438,0.68,0.0,600.5,0.9452348351478577,0.7547949552536011,34.08747100830078,40.972572326660156,29.634309768676758,74.89449310302734,38.13376998901367,20906.15625,58661.671875,12190.3974609375,30723.115234375,0.18869873881340027,0.03376120701432228,0.018009420484304428,0.0055808695033192635,0.35510483384132385,219.09014892578125,0.8518294095993042,0.5627260003573062,5082.00830078125,13.052974403297366,0.2318008691072464,0.004046582151204348,0.521650534895568,0.55,12,0.5,6,1200
/home/iams/ramlab_ws/src/unitree_rl_mjlab/logs/rsl_rl/h1_2_velocity_a1_v2/2026-08-26_10-02-56_a1a_fullmirror_jacc1e-7_standing15_s42/model_10000.pt,td3,"['velocity', 'orientation', 'height']",8,42,0.08447962999343872,0.08341135829687119,0.11823617666959763,0.08006405830383301,0.08204340934753418,0.5,0.0,600.5,0.9434088468551636,0.7609568238258362,32.97822952270508,39.343055725097656,28.80333709716797,72.71511840820312,38.3382453918457,21008.6484375,60680.890625,11214.103515625,29549.076171875,0.19023920595645905,0.035941753536462784,0.017083151265978813,0.006093665026128292,0.3505431115627289,216.9697723388672,0.8575390577316284,0.541728901682772,4989.46142578125,12.457658749692218,0.24542628228664398,0.004577812738716602,0.5247693884523403,0.55,12,0.5,7,1200
/home/iams/ramlab_ws/src/unitree_rl_mjlab/logs/rsl_rl/h1_2_velocity_a1_v2/2026-08-26_10-02-56_a1a_fullmirror_jacc1e-7_standing15_s42/model_10000.pt,td3,"['velocity', 'orientation', 'height']",8,42,0.10590954124927521,0.09405963122844696,0.16768132150173187,0.10343454033136368,0.0934944748878479,0.5,6.510417006211355e-05,584.0493774414062,1.035878300666809,0.7844300270080566,39.31747055053711,45.36721420288086,35.60234069824219,75.4560775756836,47.70662307739258,21665.32421875,53129.2421875,14047.6513671875,31783.353515625,0.19610750675201416,0.039900682866573334,0.021973514929413795,0.00798278208822012,0.42625418305397034,262.782470703125,0.7931119799613953,0.6126065845111178,5373.9736328125,12.527974465182693,0.2807925343513489,0.007520689163357019,0.5354715007843821,0.6,12,0.5,0,1200
/home/iams/ramlab_ws/src/unitree_rl_mjlab/logs/rsl_rl/h1_2_velocity_a1_v2/2026-08-26_10-02-56_a1a_fullmirror_jacc1e-7_standing15_s42/model_10000.pt,td3,"['velocity', 'orientation', 'height']",8,42,0.09599769860506058,0.08989601582288742,0.14593112468719482,0.09231512248516083,0.0889800637960434,0.52,0.0,600.5,1.0050139427185059,0.7659386396408081,37.282474517822266,42.497650146484375,34.241546630859375,75.11576080322266,46.222965240478516,20907.8671875,52315.65625,12846.8310546875,31994.3984375,0.19148465991020203,0.035071760416030884,0.02075665257871151,0.006750842556357384,0.4093312919139862,244.0706787109375,0.7994791865348816,0.5821326470427791,5259.5419921875,12.544525185342927,0.2534579336643219,0.004946105647832155,0.5413215859030837,0.6,12,0.5,1,1200
/home/iams/ramlab_ws/src/unitree_rl_mjlab/logs/rsl_rl/h1_2_velocity_a1_v2/2026-08-26_10-02-56_a1a_fullmirror_jacc1e-7_standing15_s42/model_10000.pt,td3,"['velocity', 'orientation', 'height']",8,42,0.09676416963338852,0.09010499715805054,0.14553214609622955,0.09309068322181702,0.08914806693792343,0.52,0.0,600.5,1.0072838068008423,0.7685542702674866,36.68818283081055,41.15363311767578,34.26105880737305,72.63851165771484,46.48210525512695,20832.97265625,51701.12109375,11993.4658203125,29926.048828125,0.19213856756687164,0.035598430782556534,0.02090362086892128,0.006697382312268019,0.4092622995376587,245.34854125976562,0.7980729341506958,0.586531594208747,5287.0908203125,12.6393494556029,0.2588927447795868,0.0055617704056203365,0.5499462943071965,0.6,12,0.5,2,1200
/home/iams/ramlab_ws/src/unitree_rl_mjlab/logs/rsl_rl/h1_2_velocity_a1_v2/2026-08-26_10-02-56_a1a_fullmirror_jacc1e-7_standing15_s42/model_10000.pt,td3,"['velocity', 'orientation', 'height']",8,42,0.10040323436260223,0.08971066027879715,0.14816813170909882,0.09696109592914581,0.0888059213757515,0.5,0.0,600.5,1.01715886592865,0.7758508324623108,37.391788482666016,42.50773239135742,34.4041748046875,75.9372329711914,48.21611404418945,21260.263671875,53309.546875,12725.783203125,31734.662109375,0.1939627081155777,0.03616026043891907,0.020258966833353043,0.0070400238037109375,0.4140932559967041,246.4464569091797,0.7998242378234863,0.5810129130924389,5265.3388671875,12.413363447123967,0.2614748179912567,0.005177745129913092,0.5507350304768734,0.6,12,0.5,3,1200
/home/iams/ramlab_ws/src/unitree_rl_mjlab/logs/rsl_rl/h1_2_velocity_a1_v2/2026-08-26_10-02-56_a1a_fullmirror_jacc1e-7_standing15_s42/model_10000.pt,td3,"['velocity', 'orientation', 'height']",8,42,0.11448124051094055,0.09381457418203354,0.1603989601135254,0.11221212148666382,0.09295929223299026,0.5,5.208333459449932e-05,589.4369506835938,1.0483664274215698,0.793393611907959,38.935829162597656,43.74272918701172,36.25450897216797,72.38406372070312,48.61836624145508,21748.349609375,52077.30078125,12827.0673828125,30590.7734375,0.19834840297698975,0.04104906693100929,0.02133653499186039,0.007980842143297195,0.42884567379951477,264.03826904296875,0.7907747626304626,0.6061943926567945,5378.05419921875,12.347249205772203,0.2870456874370575,0.008146479725837708,0.5297465080186239,0.6,12,0.5,4,1200
/home/iams/ramlab_ws/src/unitree_rl_mjlab/logs/rsl_rl/h1_2_velocity_a1_v2/2026-08-26_10-02-56_a1a_fullmirror_jacc1e-7_standing15_s42/model_10000.pt,td3,"['velocity', 'orientation', 'height']",8,42,0.10746949166059494,0.09096930921077728,0.14498288929462433,0.10465320944786072,0.0900333821773529,0.5,0.0,600.5,1.0325654745101929,0.7862141728401184,37.51657485961914,41.99761199951172,35.05044174194336,73.76459503173828,47.8642578125,21327.576171875,53616.52734375,12108.236328125,31545.177734375,0.1965535432100296,0.03911735862493515,0.02072739601135254,0.0074693625792860985,0.4196198880672455,252.5922393798828,0.7938932180404663,0.5858566899794169,5324.69677734375,12.349980896708487,0.2703966200351715,0.005886046215891838,0.5466192170818506,0.6,12,0.5,5,1200
/home/iams/ramlab_ws/src/unitree_rl_mjlab/logs/rsl_rl/h1_2_velocity_a1_v2/2026-08-26_10-02-56_a1a_fullmirror_jacc1e-7_standing15_s42/model_10000.pt,td3,"['velocity', 'orientation', 'height']",8,42,0.10073503106832504,0.09070219844579697,0.14897163212299347,0.09720299392938614,0.09024940431118011,0.52,1.302083364862483e-05,596.5328979492188,1.011102318763733,0.7709385752677917,37.267189025878906,42.352176666259766,34.33919906616211,72.24510192871094,45.42436218261719,20966.642578125,53369.3359375,12538.4755859375,30939.80859375,0.19273464381694794,0.03592686727643013,0.02104947157204151,0.006893977522850037,0.41203930974006653,248.3272705078125,0.7967382669448853,0.5898058462791244,5335.4755859375,12.672367767423985,0.25889256596565247,0.006892964709550142,0.5470085470085471,0.6,12,0.5,6,1200
/home/iams/ramlab_ws/src/unitree_rl_mjlab/logs/rsl_rl/h1_2_velocity_a1_v2/2026-08-26_10-02-56_a1a_fullmirror_jacc1e-7_standing15_s42/model_10000.pt,td3,"['velocity', 'orientation', 'height']",8,42,0.10610595345497131,0.09055186063051224,0.14523667097091675,0.10328545421361923,0.08956274390220642,0.5,0.0,600.5,1.0220966339111328,0.7779542207717896,37.53258514404297,42.0408935546875,35.07416915893555,72.763427734375,46.884220123291016,21078.130859375,52268.046875,12220.9990234375,29828.244140625,0.1944885551929474,0.03871040791273117,0.020679069682955742,0.007421228103339672,0.4163651466369629,251.67762756347656,0.7945051789283752,0.5887698203244792,5300.22802734375,12.399251437920883,0.267879843711853,0.006968070287257433,0.543044016263037,0.6,12,0.5,7,1200
/home/iams/ramlab_ws/src/unitree_rl_mjlab/logs/rsl_rl/h1_2_velocity_a1_v2/2026-08-26_10-02-56_a1a_fullmirror_jacc1e-7_standing15_s42/model_10000.pt,td3,"['velocity', 'orientation', 'height']",8,42,0.0713665634393692,0.07634362578392029,0.10174620151519775,0.06310264766216278,0.07555251568555832,0.58,0.0,600.5,0.9491046071052551,0.8273171186447144,40.670188903808594,57.055782318115234,28.571552276611328,111.93582916259766,36.53651809692383,23979.84765625,69704.0234375,17199.126953125,43717.6015625,0.2068292796611786,0.023548781871795654,0.006620083469897509,0.0037844995968043804,0.3198225796222687,226.9022979736328,0.9656054973602295,0.5514942048878226,3822.607421875,9.290985446524909,0.2700922191143036,0.00043388866470195353,0.3946050096339114,0.4,0,0.6,0,1200
/home/iams/ramlab_ws/src/unitree_rl_mjlab/logs/rsl_rl/h1_2_velocity_a1_v2/2026-08-26_10-02-56_a1a_fullmirror_jacc1e-7_standing15_s42/model_10000.pt,td3,"['velocity', 'orientation', 'height']",8,42,0.07051943987607956,0.07665753364562988,0.09557262808084488,0.06220618262887001,0.07593249529600143,0.58,0.0,600.5,0.9472956657409668,0.8259140849113464,40.75748825073242,57.424232482910156,28.403711318969727,114.61176300048828,35.878780364990234,24139.421875,68711.6640625,17536.7578125,41717.1875,0.2064785212278366,0.023517625406384468,0.006692413706332445,0.0038162998389452696,0.3180702030658722,224.23526000976562,0.9671354293823242,0.5459243403627908,3800.7451171875,9.253314190164572,0.26591169834136963,0.00039819374796934426,0.39414934565050036,0.4,0,0.6,1,1200
/home/iams/ramlab_ws/src/unitree_rl_mjlab/logs/rsl_rl/h1_2_velocity_a1_v2/2026-08-26_10-02-56_a1a_fullmirror_jacc1e-7_standing15_s42/model_10000.pt,td3,"['velocity', 'orientation', 'height']",8,42,0.07189297676086426,0.07616795599460602,0.0984843298792839,0.06354157626628876,0.07539647072553635,0.6,0.0,600.5,0.9466114044189453,0.824945330619812,40.7451171875,57.40871047973633,28.396955490112305,114.81934356689453,36.228450775146484,23858.98046875,67798.515625,17567.103515625,40597.77734375,0.206236332654953,0.022914832457900047,0.006681497674435377,0.0038668974302709103,0.32070526480674744,225.22305297851562,0.9664257764816284,0.5496696813872783,3808.6611328125,9.295254806193956,0.2672324776649475,0.0004890988930128515,0.3942505133470226,0.4,0,0.6,2,1200
/home/iams/ramlab_ws/src/unitree_rl_mjlab/logs/rsl_rl/h1_2_velocity_a1_v2/2026-08-26_10-02-56_a1a_fullmirror_jacc1e-7_standing15_s42/model_10000.pt,td3,"['velocity', 'orientation', 'height']",8,42,0.07169855386018753,0.0771089419722557,0.0996074452996254,0.06334120780229568,0.07637868821620941,0.74,0.0,600.5,0.9481773376464844,0.8256266713142395,40.812068939208984,57.386131286621094,28.54762077331543,114.47820281982422,36.542999267578125,23912.943359375,68552.4140625,17577.34765625,41957.98046875,0.20640666782855988,0.023306896910071373,0.006694042589515448,0.0038483552634716034,0.32053273916244507,224.87869262695312,0.966783881187439,0.5495527065585865,3818.600830078125,9.331796921405104,0.2683880925178528,0.0004430610570125282,0.3932915119702983,0.4,0,0.6,3,1200
/home/iams/ramlab_ws/src/unitree_rl_mjlab/logs/rsl_rl/h1_2_velocity_a1_v2/2026-08-26_10-02-56_a1a_fullmirror_jacc1e-7_standing15_s42/model_10000.pt,td3,"['velocity', 'orientation', 'height']",8,42,0.07102657109498978,0.07668899744749069,0.09810449928045273,0.06276344507932663,0.07593753188848495,0.58,0.0,600.5,0.9501917362213135,0.8262219429016113,41.12483215332031,57.926414489746094,28.678861618041992,117.72579193115234,36.32041931152344,24000.0859375,68151.890625,17783.125,40103.01953125,0.20655548572540283,0.02421392686665058,0.006685370579361916,0.0037730804178863764,0.319795161485672,225.55885314941406,0.9656184911727905,0.5486365446541809,3801.9853515625,9.24773363140537,0.2692013084888458,0.0004574553167913109,0.3943011166730843,0.4,0,0.6,4,1200
/home/iams/ramlab_ws/src/unitree_rl_mjlab/logs/rsl_rl/h1_2_velocity_a1_v2/2026-08-26_10-02-56_a1a_fullmirror_jacc1e-7_standing15_s42/model_10000.pt,td3,"['velocity', 'orientation', 'height']",8,42,0.07080933451652527,0.07664981484413147,0.0962691456079483,0.06260807812213898,0.07589292526245117,0.58,0.0,600.5,0.9518612027168274,0.8292851448059082,40.5684700012207,56.851463317871094,28.535362243652344,116.23674011230469,37.07804489135742,24082.25390625,69132.1171875,17135.11328125,42303.5,0.20732128620147705,0.025095205754041672,0.0068175760097801685,0.003915675450116396,0.3182566463947296,226.1653594970703,0.9680403470993042,0.5496943439249834,3827.285400390625,9.302208958397607,0.2704263925552368,0.00040299605461768806,0.3943517329910141,0.4,0,0.6,5,1200
/home/iams/ramlab_ws/src/unitree_rl_mjlab/logs/rsl_rl/h1_2_velocity_a1_v2/2026-08-26_10-02-56_a1a_fullmirror_jacc1e-7_standing15_s42/model_10000.pt,td3,"['velocity', 'orientation', 'height']",8,42,0.06934943050146103,0.07629380375146866,0.09750160574913025,0.061214134097099304,0.0755879133939743,0.58,0.0,600.5,0.9544792771339417,0.8325920104980469,40.13218688964844,56.22659683227539,28.223798751831055,108.08694458007812,35.949161529541016,24084.15625,68155.6328125,16749.193359375,41190.43359375,0.20814800262451172,0.026111217215657234,0.006863450165838003,0.003942660056054592,0.31547459959983826,227.55152893066406,0.9712174534797668,0.550639974028327,3845.493408203125,9.305506327112019,0.2702901363372803,0.0004279536660760641,0.3933418693982074,0.4,0,0.6,6,1200
/home/iams/ramlab_ws/src/unitree_rl_mjlab/logs/rsl_rl/h1_2_velocity_a1_v2/2026-08-26_10-02-56_a1a_fullmirror_jacc1e-7_standing15_s42/model_10000.pt,td3,"['velocity', 'orientation', 'height']",8,42,0.07069817930459976,0.076085664331913,0.10265131294727325,0.06244368851184845,0.0753394216299057,0.58,0.0,600.5,0.9514656066894531,0.8285159468650818,40.764400482177734,57.513370513916016,28.349637985229492,115.46228790283203,36.351619720458984,23982.310546875,67882.875,17513.486328125,42327.703125,0.20712898671627045,0.024618761613965034,0.006555099505931139,0.003939357586205006,0.3197667896747589,226.611328125,0.9682421684265137,0.5497104840018753,3826.613037109375,9.282542938771725,0.2722628116607666,0.0004719416028819978,0.393543428132206,0.4,0,0.6,7,1200
/home/iams/ramlab_ws/src/unitree_rl_mjlab/logs/rsl_rl/h1_2_velocity_a1_v2/2026-08-26_10-02-56_a1a_fullmirror_jacc1e-7_standing15_s42/model_10000.pt,td3,"['velocity', 'orientation', 'height']",8,42,0.07179386168718338,0.08428213000297546,0.11013488471508026,0.06367682665586472,0.08326985687017441,0.62,0.0,600.5,0.9429773688316345,0.804937481880188,37.973567962646484,50.96794128417969,28.602922439575195,102.4417953491211,36.206600189208984,23119.052734375,65638.234375,14530.0654296875,35664.375,0.201234370470047,0.024978430941700935,0.007747254334390163,0.0037147037219256163,0.3166343569755554,230.1440887451172,0.9540820121765137,0.5447190982320558,4071.887451171875,9.63759147922684,0.26587843894958496,0.0005673405830748379,0.4439306358381503,0.45,0,0.6,0,1200
/home/iams/ramlab_ws/src/unitree_rl_mjlab/logs/rsl_rl/h1_2_velocity_a1_v2/2026-08-26_10-02-56_a1a_fullmirror_jacc1e-7_standing15_s42/model_10000.pt,td3,"['velocity', 'orientation', 'height']",8,42,0.07304369658231735,0.0848248153924942,0.10464932769536972,0.06497605890035629,0.0837530642747879,0.6,0.0,600.5,0.9475711584091187,0.8078471422195435,38.42352294921875,51.63228988647461,28.879911422729492,105.41439056396484,36.24613952636719,23183.1171875,64307.7578125,14868.435546875,36361.86328125,0.20196178555488586,0.02696267142891884,0.007701846770942211,0.003825819818302989,0.31876394152641296,232.77609252929688,0.9559635519981384,0.5484749288713469,4074.1162109375,9.599570166875106,0.2693597674369812,0.0007352958782576025,0.4427150886294855,0.45,0,0.6,1,1200
/home/iams/ramlab_ws/src/unitree_rl_mjlab/logs/rsl_rl/h1_2_velocity_a1_v2/2026-08-26_10-02-56_a1a_fullmirror_jacc1e-7_standing15_s42/model_10000.pt,td3,"['velocity', 'orientation', 'height']",8,42,0.07137812674045563,0.08443149924278259,0.10790631920099258,0.06330180913209915,0.08337143808603287,0.6,0.0,600.5,0.946067214012146,0.8049173951148987,38.92054748535156,52.54330825805664,29.07391929626465,107.7555923461914,36.47672653198242,23259.4609375,63782.6328125,15546.23828125,37042.58203125,0.20122934877872467,0.026193592697381973,0.007780140265822411,0.0038734758272767067,0.31868666410446167,231.68392944335938,0.9551237225532532,0.5459916987341645,4078.4912109375,9.611465681950031,0.265811562538147,0.0007157129002735019,0.44348202685145083,0.45,0,0.6,2,1200
/home/iams/ramlab_ws/src/unitree_rl_mjlab/logs/rsl_rl/h1_2_velocity_a1_v2/2026-08-26_10-02-56_a1a_fullmirror_jacc1e-7_standing15_s42/model_10000.pt,td3,"['velocity', 'orientation', 'height']",8,42,0.07235613465309143,0.08457044512033463,0.1137898787856102,0.06421422213315964,0.08365640789270401,0.62,0.0,600.5,0.9460206031799316,0.80628502368927,38.55046081542969,51.95623016357422,28.852943420410156,103.61295318603516,36.3835563659668,23293.197265625,65296.22265625,15245.796875,36797.84375,0.2015712559223175,0.025339435786008835,0.007721650414168835,0.003784922417253256,0.31786343455314636,230.90614318847656,0.9559049606323242,0.5458387527362342,4061.662841796875,9.601359007056704,0.2661650776863098,0.0007172726327553391,0.4438664932813177,0.45,0,0.6,3,1200
/home/iams/ramlab_ws/src/unitree_rl_mjlab/logs/rsl_rl/h1_2_velocity_a1_v2/2026-08-26_10-02-56_a1a_fullmirror_jacc1e-7_standing15_s42/model_10000.pt,td3,"['velocity', 'orientation', 'height']",8,42,0.07112345099449158,0.08435849100351334,0.11158892512321472,0.06314332783222198,0.08348918706178665,0.6,0.0,600.5,0.9496324062347412,0.8111413717269897,39.088443756103516,53.276424407958984,28.751649856567383,112.50396728515625,36.663612365722656,23493.103515625,64921.69140625,15865.658203125,37814.78515625,0.20278534293174744,0.027727706357836723,0.007242460269480944,0.0037955220323055983,0.3158731162548065,231.22874450683594,0.9547916650772095,0.5423116142360401,4065.237060546875,9.534391054694593,0.27251073718070984,0.0007672153878957033,0.44309822587624403,0.45,0,0.6,4,1200
/home/iams/ramlab_ws/src/unitree_rl_mjlab/logs/rsl_rl/h1_2_velocity_a1_v2/2026-08-26_10-02-56_a1a_fullmirror_jacc1e-7_standing15_s42/model_10000.pt,td3,"['velocity', 'orientation', 'height']",8,42,0.07149980217218399,0.08474051207304001,0.10934759676456451,0.06349457055330276,0.08370941132307053,0.6,0.0,600.5,0.9480125904083252,0.808885395526886,38.37749099731445,51.648956298828125,28.79286766052246,104.54004669189453,36.23796844482422,23206.306640625,65941.3203125,14932.984375,35430.84375,0.2022213488817215,0.02632656693458557,0.007635663263499737,0.0038789964746683836,0.31745630502700806,231.91029357910156,0.9537239670753479,0.5446642249204436,4084.145751953125,9.59201928606177,0.266813725233078,0.0007083255331963301,0.4438664932813177,0.45,0,0.6,5,1200
/home/iams/ramlab_ws/src/unitree_rl_mjlab/logs/rsl_rl/h1_2_velocity_a1_v2/2026-08-26_10-02-56_a1a_fullmirror_jacc1e-7_standing15_s42/model_10000.pt,td3,"['velocity', 'orientation', 'height']",8,42,0.07166855782270432,0.08472690731287003,0.1077827587723732,0.06364116072654724,0.08362144231796265,0.6,0.0,600.5,0.9483824968338013,0.8105517625808716,37.555580139160156,50.0838508605957,28.552650451660156,101.78842163085938,36.0701904296875,23065.451171875,63411.96484375,14046.1416015625,35399.46484375,0.2026379406452179,0.02610228769481182,0.007734581828117371,0.003910270985215902,0.3179110288619995,233.1480712890625,0.9533984661102295,0.5485339498295583,4112.85888671875,9.676436619077773,0.27000075578689575,0.0006919784937053919,0.4440589765828274,0.45,0,0.6,6,1200
/home/iams/ramlab_ws/src/unitree_rl_mjlab/logs/rsl_rl/h1_2_velocity_a1_v2/2026-08-26_10-02-56_a1a_fullmirror_jacc1e-7_standing15_s42/model_10000.pt,td3,"['velocity', 'orientation', 'height']",8,42,0.07200752943754196,0.08431091904640198,0.10639990866184235,0.06385896354913712,0.08332746475934982,0.62,0.0,600.5,0.9440029263496399,0.8069491982460022,37.68009567260742,50.362144470214844,28.55084228515625,100.08222961425781,36.07282638549805,23066.369140625,64817.3671875,14254.99609375,34974.09375,0.20173729956150055,0.025226866826415062,0.007784259971231222,0.00372655619867146,0.31774425506591797,230.36537170410156,0.9556640386581421,0.5446894256485655,4078.410400390625,9.643234492662065,0.26623183488845825,0.0006099247839301825,0.4441873915558126,0.45,0,0.6,7,1200
/home/iams/ramlab_ws/src/unitree_rl_mjlab/logs/rsl_rl/h1_2_velocity_a1_v2/2026-08-26_10-02-56_a1a_fullmirror_jacc1e-7_standing15_s42/model_10000.pt,td3,"['velocity', 'orientation', 'height']",8,42,0.07446853071451187,0.0873655453324318,0.09563370048999786,0.06674259901046753,0.0860092043876648,0.64,0.0,600.5,0.9806675910949707,0.8211022615432739,36.827484130859375,47.18623733520508,29.636825561523438,89.78124237060547,37.9990119934082,23054.7578125,68032.375,12972.392578125,32948.78125,0.20527556538581848,0.02720428816974163,0.009025911800563335,0.003696643514558673,0.33006030321121216,239.09710693359375,0.9259570240974426,0.5398618656499264,4299.23779296875,9.707329899446114,0.26195135712623596,0.0011783206136897206,0.4872323552735924,0.5,0,0.6,0,1200
/home/iams/ramlab_ws/src/unitree_rl_mjlab/logs/rsl_rl/h1_2_velocity_a1_v2/2026-08-26_10-02-56_a1a_fullmirror_jacc1e-7_standing15_s42/model_10000.pt,td3,"['velocity', 'orientation', 'height']",8,42,0.07460718601942062,0.08988755196332932,0.106264129281044,0.06692168861627579,0.08851425349712372,0.64,0.0,600.5,0.9857514500617981,0.8227005004882812,38.300689697265625,50.02845764160156,30.022199630737305,99.75733184814453,37.84492111206055,23367.890625,65342.02734375,14490.9775390625,36788.50390625,0.2056751251220703,0.028145745396614075,0.009074180386960506,0.003927851095795631,0.3340212106704712,242.4878692626953,0.9233658909797668,0.5454412993994958,4325.650390625,9.729924533219808,0.26143327355384827,0.001362269977107644,0.4866920152091255,0.5,0,0.6,1,1200
/home/iams/ramlab_ws/src/unitree_rl_mjlab/logs/rsl_rl/h1_2_velocity_a1_v2/2026-08-26_10-02-56_a1a_fullmirror_jacc1e-7_standing15_s42/model_10000.pt,td3,"['velocity', 'orientation', 'height']",8,42,0.07338976114988327,0.08731091022491455,0.10130041837692261,0.06575512886047363,0.08593442291021347,0.64,0.0,600.5,0.98713219165802,0.822567880153656,38.304264068603516,49.72764587402344,30.261756896972656,101.39491271972656,37.922019958496094,23406.826171875,65454.00390625,14403.5595703125,37278.8359375,0.205641970038414,0.028500432148575783,0.009053914807736874,0.0038140923716127872,0.33256250619888306,240.564453125,0.9247786402702332,0.5407326955497592,4274.4560546875,9.607978324952049,0.26207229495048523,0.001188731286674738,0.4863837872070931,0.5,0,0.6,2,1200
/home/iams/ramlab_ws/src/unitree_rl_mjlab/logs/rsl_rl/h1_2_velocity_a1_v2/2026-08-26_10-02-56_a1a_fullmirror_jacc1e-7_standing15_s42/model_10000.pt,td3,"['velocity', 'orientation', 'height']",8,42,0.07436873018741608,0.0889257937669754,0.10493538528680801,0.06676177680492401,0.08758722990751266,0.64,0.0,600.5,0.9937120079994202,0.8296278715133667,38.03817367553711,49.24563980102539,30.17659568786621,96.70511627197266,38.30876541137695,23461.24609375,65653.9375,14065.78125,34287.859375,0.20740696787834167,0.029689013957977295,0.009043880738317966,0.003862654324620962,0.3340010643005371,242.5347442626953,0.9233333468437195,0.542017761918977,4308.3486328125,9.62831824622364,0.26470422744750977,0.001320489915087819,0.4860759493670886,0.5,0,0.6,3,1200
/home/iams/ramlab_ws/src/unitree_rl_mjlab/logs/rsl_rl/h1_2_velocity_a1_v2/2026-08-26_10-02-56_a1a_fullmirror_jacc1e-7_standing15_s42/model_10000.pt,td3,"['velocity', 'orientation', 'height']",8,42,0.07389261573553085,0.08977531641721725,0.10534606128931046,0.06610489636659622,0.08852849900722504,0.66,0.0,600.5,0.9839794635772705,0.8181765079498291,38.644954681396484,50.33256530761719,30.39910125732422,100.8359146118164,37.97807312011719,23468.490234375,66604.3203125,14721.3857421875,38127.8984375,0.20454412698745728,0.028167782351374626,0.008708580397069454,0.0037288654129952192,0.3361019492149353,239.785888671875,0.9259374737739563,0.5397581379878823,4252.2958984375,9.571920189674147,0.2607283294200897,0.001204970758408308,0.4847719741202462,0.5,0,0.6,4,1200
/home/iams/ramlab_ws/src/unitree_rl_mjlab/logs/rsl_rl/h1_2_velocity_a1_v2/2026-08-26_10-02-56_a1a_fullmirror_jacc1e-7_standing15_s42/model_10000.pt,td3,"['velocity', 'orientation', 'height']",8,42,0.07340306043624878,0.0883905217051506,0.10340572148561478,0.06578311324119568,0.08706147968769073,0.64,0.0,600.5,0.9880557656288147,0.8221386075019836,38.422061920166016,49.90579605102539,30.340147018432617,99.0831298828125,37.803367614746094,23544.107421875,64962.70703125,14569.2294921875,37274.4765625,0.2055346518754959,0.029282264411449432,0.008947329595685005,0.003872396657243371,0.3342631459236145,240.55108642578125,0.9224218726158142,0.5398540353810475,4274.390625,9.592752245398819,0.2594652771949768,0.001165578025393188,0.48515476942514213,0.5,0,0.6,5,1200
/home/iams/ramlab_ws/src/unitree_rl_mjlab/logs/rsl_rl/h1_2_velocity_a1_v2/2026-08-26_10-02-56_a1a_fullmirror_jacc1e-7_standing15_s42/model_10000.pt,td3,"['velocity', 'orientation', 'height']",8,42,0.074504554271698,0.08729381859302521,0.11145933717489243,0.06678637117147446,0.08596760779619217,0.64,0.0,600.5,0.9886488914489746,0.8215442895889282,39.151580810546875,51.52599334716797,30.371152877807617,100.88125610351562,37.78630828857422,23701.203125,65430.37109375,15380.1064453125,38029.75,0.20538607239723206,0.02862529084086418,0.009159811772406101,0.003858043346554041,0.33630234003067017,242.4550018310547,0.9244205951690674,0.5457688833373034,4277.7607421875,9.629287993038673,0.26160889863967896,0.0012898826971650124,0.48484848484848486,0.5,0,0.6,6,1200
/home/iams/ramlab_ws/src/unitree_rl_mjlab/logs/rsl_rl/h1_2_velocity_a1_v2/2026-08-26_10-02-56_a1a_fullmirror_jacc1e-7_standing15_s42/model_10000.pt,td3,"['velocity', 'orientation', 'height']",8,42,0.07438105344772339,0.08871317654848099,0.1075931042432785,0.0666017234325409,0.08734941482543945,0.66,0.0,600.5,0.9827662706375122,0.817206859588623,38.40755844116211,49.95484924316406,30.300142288208008,98.69878387451172,37.72648239135742,23298.7890625,66606.3203125,14582.6142578125,36528.48046875,0.20430171489715576,0.02717617340385914,0.009043967351317406,0.0037747712340205908,0.3348242938518524,239.6523895263672,0.9251562356948853,0.5416735118435957,4267.05859375,9.644605554185324,0.25774750113487244,0.0011700339382514358,0.4837795275590551,0.5,0,0.6,7,1200
/home/iams/ramlab_ws/src/unitree_rl_mjlab/logs/rsl_rl/h1_2_velocity_a1_v2/2026-08-26_10-02-56_a1a_fullmirror_jacc1e-7_standing15_s42/model_10000.pt,td3,"['velocity', 'orientation', 'height']",8,42,0.08253375440835953,0.08884089440107346,0.12503379583358765,0.07613423466682434,0.0868161991238594,0.68,0.0,600.5,1.0520572662353516,0.8479117751121521,39.725772857666016,50.07069396972656,32.54143142700195,96.01995849609375,43.30232238769531,24720.98828125,65981.2578125,15252.390625,37222.8359375,0.21197794377803802,0.02983960509300232,0.011019458062946796,0.00401364266872406,0.37544697523117065,255.6053924560547,0.8655664324760437,0.54832087935587,4373.53076171875,9.382031886307331,0.26346635818481445,0.0016904294025152922,0.5158690176322418,0.55,0,0.6,0,1200
/home/iams/ramlab_ws/src/unitree_rl_mjlab/logs/rsl_rl/h1_2_velocity_a1_v2/2026-08-26_10-02-56_a1a_fullmirror_jacc1e-7_standing15_s42/model_10000.pt,td3,"['velocity', 'orientation', 'height']",8,42,0.08914238959550858,0.09028074890375137,0.12630502879619598,0.08332184702157974,0.08816622942686081,0.68,0.0,600.5,1.0727427005767822,0.8626620173454285,40.97391128540039,52.024803161621094,33.20643997192383,98.65865325927734,44.34717559814453,25307.046875,64882.73828125,16138.814453125,39608.76171875,0.21566550433635712,0.0322718620300293,0.011030877009034157,0.004601620603352785,0.3834703266620636,264.0737609863281,0.8602604269981384,0.5523630954674699,4424.43017578125,9.254580915890973,0.2744602859020233,0.002244985895231366,0.5179564997470916,0.55,0,0.6,1,1200
/home/iams/ramlab_ws/src/unitree_rl_mjlab/logs/rsl_rl/h1_2_velocity_a1_v2/2026-08-26_10-02-56_a1a_fullmirror_jacc1e-7_standing15_s42/model_10000.pt,td3,"['velocity', 'orientation', 'height']",8,42,0.08532671630382538,0.09140484780073166,0.11691901832818985,0.07904428243637085,0.0892837643623352,0.68,0.0,600.5,1.0567328929901123,0.8524357080459595,38.54975509643555,46.963504791259766,32.967918395996094,88.60057830810547,44.263694763183594,24397.693359375,66653.109375,13143.4833984375,35140.546875,0.21310892701148987,0.02910509519279003,0.011010101065039635,0.004130763933062553,0.3755796253681183,257.40789794921875,0.8663346171379089,0.5476613712756767,4419.11376953125,9.402112532402805,0.2641359567642212,0.0018596675945445895,0.5223601428328516,0.55,0,0.6,2,1200
/home/iams/ramlab_ws/src/unitree_rl_mjlab/logs/rsl_rl/h1_2_velocity_a1_v2/2026-08-26_10-02-56_a1a_fullmirror_jacc1e-7_standing15_s42/model_10000.pt,td3,"['velocity', 'orientation', 'height']",8,42,0.08553474396467209,0.09084047377109528,0.11662101745605469,0.0792972669005394,0.08865335583686829,0.68,0.0,600.5,1.0584436655044556,0.8541715145111084,38.89698791503906,47.93715286254883,32.768272399902344,91.16875457763672,43.9296760559082,24814.09375,67936.5078125,13825.6298828125,34528.09375,0.2135428786277771,0.02930600754916668,0.01071240846067667,0.004101479891687632,0.3759627342224121,256.6923828125,0.8676432371139526,0.5454794119580683,4383.01318359375,9.314041551219377,0.26987898349761963,0.001924494979903102,0.5159556600604636,0.55,0,0.6,3,1200
/home/iams/ramlab_ws/src/unitree_rl_mjlab/logs/rsl_rl/h1_2_velocity_a1_v2/2026-08-26_10-02-56_a1a_fullmirror_jacc1e-7_standing15_s42/model_10000.pt,td3,"['velocity', 'orientation', 'height']",8,42,0.08736662566661835,0.09121406823396683,0.12385242432355881,0.0812622606754303,0.08909048140048981,0.68,0.0,600.5,1.0652680397033691,0.8556510806083679,41.14695358276367,52.29139709472656,33.319244384765625,101.72122955322266,44.54560852050781,25105.669921875,64379.51171875,16356.16015625,39940.25,0.21391277015209198,0.03104434907436371,0.010639877058565617,0.0043531437404453754,0.380372554063797,260.76251220703125,0.864661455154419,0.5485362112313733,4380.49072265625,9.214735918144276,0.2701731324195862,0.0020482095424085855,0.5137982940291018,0.55,0,0.6,4,1200
/home/iams/ramlab_ws/src/unitree_rl_mjlab/logs/rsl_rl/h1_2_velocity_a1_v2/2026-08-26_10-02-56_a1a_fullmirror_jacc1e-7_standing15_s42/model_10000.pt,td3,"['velocity', 'orientation', 'height']",8,42,0.08797348290681839,0.090961754322052,0.11887617409229279,0.08186671882867813,0.08882218599319458,0.68,0.0,600.5,1.059692621231079,0.8531996607780457,39.50625991821289,48.97522735595703,33.04607391357422,93.33826446533203,43.60221481323242,24724.267578125,66267.265625,14370.6572265625,35805.2421875,0.2132999151945114,0.030660687014460564,0.010868907906115055,0.004281348083168268,0.37867140769958496,258.6958923339844,0.865527331829071,0.5484103831320385,4410.12939453125,9.349049228882155,0.26769670844078064,0.0024373058695346117,0.5169976438909458,0.55,0,0.6,5,1200
/home/iams/ramlab_ws/src/unitree_rl_mjlab/logs/rsl_rl/h1_2_velocity_a1_v2/2026-08-26_10-02-56_a1a_fullmirror_jacc1e-7_standing15_s42/model_10000.pt,td3,"['velocity', 'orientation', 'height']",8,42,0.0873090997338295,0.08993358910083771,0.12965551018714905,0.08123759180307388,0.0877796858549118,0.68,0.0,600.5,1.0635813474655151,0.8586293458938599,39.58201599121094,49.460147857666016,32.75358581542969,94.29370880126953,43.95817565917969,24892.333984375,68032.2578125,14689.1005859375,37927.27734375,0.21465733647346497,0.03129810467362404,0.011018185876309872,0.004401611164212227,0.3772515058517456,260.4571533203125,0.8642643094062805,0.5494825769686467,4408.54248046875,9.300636061660219,0.2707579433917999,0.001985759474337101,0.5163893091275845,0.55,0,0.6,6,1200
/home/iams/ramlab_ws/src/unitree_rl_mjlab/logs/rsl_rl/h1_2_velocity_a1_v2/2026-08-26_10-02-56_a1a_fullmirror_jacc1e-7_standing15_s42/model_10000.pt,td3,"['velocity', 'orientation', 'height']",8,42,0.08370912820100784,0.08907001465559006,0.11931885033845901,0.07721078395843506,0.08698377013206482,0.68,0.0,600.5,1.0479321479797363,0.8452133536338806,39.25065231323242,49.18390655517578,32.412017822265625,94.71757507324219,43.066837310791016,24546.35546875,66044.515625,14705.46484375,35887.12890625,0.21130333840847015,0.028902241960167885,0.011041740886867046,0.004045097157359123,0.3726799488067627,254.7620849609375,0.865527331829071,0.5479733492757107,4382.94482421875,9.427371104314517,0.26112428307533264,0.0020797979086637497,0.5227156712608474,0.55,0,0.6,7,1200
/home/iams/ramlab_ws/src/unitree_rl_mjlab/logs/rsl_rl/h1_2_velocity_a1_v2/2026-08-26_10-02-56_a1a_fullmirror_jacc1e-7_standing15_s42/model_10000.pt,td3,"['velocity', 'orientation', 'height']",8,42,0.10452785342931747,0.0942404568195343,0.16568557918071747,0.09942708909511566,0.09240679442882538,0.52,3.9062499126885086e-05,593.5921020507812,1.1362652778625488,0.8799062371253967,42.663673400878906,51.367008209228516,36.87639236450195,86.43968200683594,50.51603698730469,24813.470703125,62086.59765625,15711.5009765625,34598.125,0.21997655928134918,0.03522878885269165,0.014058941043913364,0.005699241068214178,0.43235111236572266,289.57281494140625,0.7973046898841858,0.586158309591897,4656.6650390625,9.426100573474482,0.2891387641429901,0.005620756186544895,0.5236958745311967,0.6,0,0.6,0,1200
/home/iams/ramlab_ws/src/unitree_rl_mjlab/logs/rsl_rl/h1_2_velocity_a1_v2/2026-08-26_10-02-56_a1a_fullmirror_jacc1e-7_standing15_s42/model_10000.pt,td3,"['velocity', 'orientation', 'height']",8,42,0.10372550785541534,0.09588885307312012,0.16035573184490204,0.09872516989707947,0.09479210525751114,0.52,6.510417006211355e-05,588.9608764648438,1.126651406288147,0.8717309832572937,41.78388214111328,49.70353317260742,36.6231689453125,85.61617279052734,49.55394744873047,24595.283203125,61674.31640625,14904.009765625,34990.2265625,0.21793274581432343,0.03595050424337387,0.014642175287008286,0.005837109871208668,0.42883604764938354,284.5116271972656,0.8003841042518616,0.5796448306677797,4621.61279296875,9.415762941303557,0.2914736270904541,0.006618149112910032,0.5333333333333333,0.6,0,0.6,1,1200
/home/iams/ramlab_ws/src/unitree_rl_mjlab/logs/rsl_rl/h1_2_velocity_a1_v2/2026-08-26_10-02-56_a1a_fullmirror_jacc1e-7_standing15_s42/model_10000.pt,td3,"['velocity', 'orientation', 'height']",8,42,0.10272544622421265,0.09420083463191986,0.15857788920402527,0.0971570760011673,0.09244867414236069,0.52,3.9062499126885086e-05,591.1538696289062,1.1280142068862915,0.8744728565216064,41.57847213745117,49.59111404418945,36.318397521972656,85.34488677978516,50.329166412353516,24595.435546875,61959.74609375,14832.708984375,36196.55078125,0.2186182141304016,0.03471926599740982,0.014151579700410366,0.005605380982160568,0.42747822403907776,284.2079162597656,0.7983984351158142,0.5766393294745938,4605.56103515625,9.344383969376347,0.28319039940834045,0.004598233848810196,0.5417989417989418,0.6,0,0.6,2,1200
/home/iams/ramlab_ws/src/unitree_rl_mjlab/logs/rsl_rl/h1_2_velocity_a1_v2/2026-08-26_10-02-56_a1a_fullmirror_jacc1e-7_standing15_s42/model_10000.pt,td3,"['velocity', 'orientation', 'height']",8,42,0.10764311254024506,0.09673120826482773,0.17049308121204376,0.10274457186460495,0.09482283890247345,0.52,7.812499825377017e-05,582.9487915039062,1.1477934122085571,0.8859000205993652,43.20433807373047,52.02677917480469,37.31637954711914,85.31832122802734,51.65708923339844,25093.21875,61353.80078125,15952.2802734375,35340.421875,0.2214750051498413,0.037146180868148804,0.014723172411322594,0.00627116858959198,0.43898433446884155,300.30206298828125,0.7887499928474426,0.6033788076277556,4730.5595703125,9.504827258508206,0.3025016784667969,0.006712247617542744,0.526207605344296,0.6,0,0.6,3,1200
/home/iams/ramlab_ws/src/unitree_rl_mjlab/logs/rsl_rl/h1_2_velocity_a1_v2/2026-08-26_10-02-56_a1a_fullmirror_jacc1e-7_standing15_s42/model_10000.pt,td3,"['velocity', 'orientation', 'height']",8,42,0.11374527961015701,0.09426895529031754,0.1650295853614807,0.1092512384057045,0.09290361404418945,0.52,6.510417006211355e-05,593.0035400390625,1.1473370790481567,0.8884689807891846,42.56692886352539,50.94429016113281,36.9891357421875,85.14033508300781,51.164798736572266,24903.625,61937.23046875,15159.0361328125,35002.29296875,0.22211724519729614,0.03968373313546181,0.014477201737463474,0.006502501200884581,0.43540897965431213,294.35736083984375,0.7907161712646484,0.5843218654198659,4697.98876953125,9.325865920804997,0.30365222692489624,0.006264576222747564,0.5305699481865285,0.6,0,0.6,4,1200
/home/iams/ramlab_ws/src/unitree_rl_mjlab/logs/rsl_rl/h1_2_velocity_a1_v2/2026-08-26_10-02-56_a1a_fullmirror_jacc1e-7_standing15_s42/model_10000.pt,td3,"['velocity', 'orientation', 'height']",8,42,0.10188497602939606,0.09722303599119186,0.17373141646385193,0.0969502329826355,0.09616975486278534,0.52,0.00011718749738065526,585.25439453125,1.1370675563812256,0.8763368725776672,43.25991439819336,52.49039077758789,37.0484619140625,88.8265609741211,50.69171905517578,24812.521484375,61001.125,16466.6484375,37575.36328125,0.2190842181444168,0.03646771237254143,0.014835593290627003,0.005946450401097536,0.43255916237831116,292.5946044921875,0.7951041460037231,0.5965146500135409,4675.0087890625,9.530972537730303,0.2922252118587494,0.007185329683125019,0.526207605344296,0.6,0,0.6,5,1200
/home/iams/ramlab_ws/src/unitree_rl_mjlab/logs/rsl_rl/h1_2_velocity_a1_v2/2026-08-26_10-02-56_a1a_fullmirror_jacc1e-7_standing15_s42/model_10000.pt,td3,"['velocity', 'orientation', 'height']",8,42,0.10045401751995087,0.09667530655860901,0.1651100218296051,0.09494383633136749,0.09528455883264542,0.52,6.510417006211355e-05,588.7010498046875,1.1200531721115112,0.8656589388847351,41.74076461791992,49.91567611694336,36.35859298706055,84.75871276855469,49.83949661254883,24365.265625,62445.61328125,15133.95703125,35761.86328125,0.21641473472118378,0.035564955323934555,0.013850671239197254,0.005569323431700468,0.4247684180736542,284.49029541015625,0.7999283671379089,0.5803931057782158,4607.83837890625,9.400523324592168,0.28753662109375,0.005071458872407675,0.5374387683694891,0.6,0,0.6,6,1200
/home/iams/ramlab_ws/src/unitree_rl_mjlab/logs/rsl_rl/h1_2_velocity_a1_v2/2026-08-26_10-02-56_a1a_fullmirror_jacc1e-7_standing15_s42/model_10000.pt,td3,"['velocity', 'orientation', 'height']",8,42,0.10779765993356705,0.09940554201602936,0.17917269468307495,0.10242410749197006,0.09813978523015976,0.52,6.510417006211355e-05,589.3820190429688,1.1414034366607666,0.8805233836174011,43.824195861816406,53.32667922973633,37.388702392578125,88.70315551757812,51.049774169921875,24973.71875,61520.0625,16704.966796875,37140.1015625,0.22013084590435028,0.03872523829340935,0.014707430265843868,0.006415897514671087,0.4371532201766968,298.1994934082031,0.7918554544448853,0.5987999858993263,4715.9208984375,9.469812798095857,0.302328497171402,0.006203406490385532,0.5238744884038199,0.6,0,0.6,7,1200
/home/iams/ramlab_ws/src/unitree_rl_mjlab/logs/rsl_rl/h1_2_velocity_a1_v2/2026-08-26_10-02-56_a1a_fullmirror_jacc1e-7_standing15_s42/model_10000.pt,td3,"['velocity', 'orientation', 'height']",8,42,0.07540153712034225,0.0744343027472496,0.0918082445859909,0.0666823461651802,0.07356131821870804,0.76,0.0,600.5,0.9393678903579712,0.8222958445549011,38.39993667602539,53.6451530456543,27.144628524780273,102.2950668334961,34.45085144042969,23493.462890625,67415.53125,15931.1796875,36959.2109375,0.20557396113872528,0.024162042886018753,0.008732750080525875,0.004088264890015125,0.3217158615589142,224.30844116210938,0.9735286235809326,0.5539744336168408,4125.525390625,10.188807774889167,0.2558063566684723,0.0005509675829671323,0.3933922397233961,0.4,4,0.6,0,1200
/home/iams/ramlab_ws/src/unitree_rl_mjlab/logs/rsl_rl/h1_2_velocity_a1_v2/2026-08-26_10-02-56_a1a_fullmirror_jacc1e-7_standing15_s42/model_10000.pt,td3,"['velocity', 'orientation', 'height']",8,42,0.07358166575431824,0.07477312535047531,0.09026356786489487,0.06491109728813171,0.07403819262981415,0.76,0.0,600.5,0.9401758909225464,0.8268846273422241,39.07560348510742,55.64503860473633,26.733352661132812,118.41255187988281,33.8579216003418,23469.275390625,67997.484375,17310.216796875,37273.88671875,0.20672115683555603,0.02445947378873825,0.008729150518774986,0.004064105451107025,0.3154034912586212,222.84552001953125,0.975292980670929,0.5479909564358266,4140.01513671875,10.180553416861027,0.25193285942077637,0.0005740356864407659,0.3938966534171048,0.4,4,0.6,1,1200
/home/iams/ramlab_ws/src/unitree_rl_mjlab/logs/rsl_rl/h1_2_velocity_a1_v2/2026-08-26_10-02-56_a1a_fullmirror_jacc1e-7_standing15_s42/model_10000.pt,td3,"['velocity', 'orientation', 'height']",8,42,0.07305450737476349,0.07478971779346466,0.09748661518096924,0.0644080713391304,0.07410465180873871,0.76,0.0,600.5,0.9430111646652222,0.8292299509048462,38.20148468017578,53.519771575927734,26.868066787719727,105.60649108886719,34.4774284362793,23488.4453125,67498.2734375,15976.2900390625,36619.08203125,0.20730748772621155,0.02504292130470276,0.008740239776670933,0.0042146616615355015,0.3165048360824585,225.1664581298828,0.9761784076690674,0.553369443533959,4178.53076171875,10.269162504222137,0.2585853636264801,0.0005695113795809448,0.39374519354011794,0.4,4,0.6,2,1200
/home/iams/ramlab_ws/src/unitree_rl_mjlab/logs/rsl_rl/h1_2_velocity_a1_v2/2026-08-26_10-02-56_a1a_fullmirror_jacc1e-7_standing15_s42/model_10000.pt,td3,"['velocity', 'orientation', 'height']",8,42,0.07249211519956589,0.07433073222637177,0.09693305194377899,0.0638541430234909,0.07357882708311081,0.76,0.0,600.5,0.9430266618728638,0.8271421790122986,39.46403121948242,55.99627685546875,27.17782974243164,113.15951538085938,34.607452392578125,23541.453125,68059.9921875,17367.943359375,39078.08203125,0.20678554475307465,0.02485881745815277,0.008581121452152729,0.004260994028300047,0.31764674186706543,224.28463745117188,0.9723176956176758,0.5500209576548779,4137.5966796875,10.146771806348056,0.2579478323459625,0.0006514146225526929,0.3938966534171048,0.4,4,0.6,3,1200
/home/iams/ramlab_ws/src/unitree_rl_mjlab/logs/rsl_rl/h1_2_velocity_a1_v2/2026-08-26_10-02-56_a1a_fullmirror_jacc1e-7_standing15_s42/model_10000.pt,td3,"['velocity', 'orientation', 'height']",8,42,0.07485805451869965,0.07415330410003662,0.09816788882017136,0.06609168648719788,0.07332757115364075,0.76,0.0,600.5,0.9372450709342957,0.8226466774940491,38.99003219604492,55.40707015991211,26.771434783935547,110.92849731445312,33.793357849121094,23514.3984375,66651.046875,17093.689453125,38095.78125,0.20566166937351227,0.02465866319835186,0.008644122630357742,0.004145678598433733,0.319578617811203,223.52947998046875,0.9716145992279053,0.5510303392864975,4131.13671875,10.183810626642293,0.25581634044647217,0.0006205699173733592,0.3941999230078275,0.4,4,0.6,4,1200
/home/iams/ramlab_ws/src/unitree_rl_mjlab/logs/rsl_rl/h1_2_velocity_a1_v2/2026-08-26_10-02-56_a1a_fullmirror_jacc1e-7_standing15_s42/model_10000.pt,td3,"['velocity', 'orientation', 'height']",8,42,0.0729227364063263,0.0741000548005104,0.09590239077806473,0.06449119746685028,0.07326458394527435,0.6,0.0,600.5,0.9476079344749451,0.8311455845832825,38.25303649902344,53.439571380615234,27.06942367553711,103.85932159423828,33.300262451171875,23602.39453125,67542.515625,15928.994140625,38462.72265625,0.20778639614582062,0.027462607249617577,0.009153401479125023,0.004435429815202951,0.31770578026771545,227.31906127929688,0.9797916412353516,0.5560056569355235,4177.73193359375,10.218424105825404,0.2600679397583008,0.0005356709589250386,0.39369473279507883,0.4,4,0.6,5,1200
/home/iams/ramlab_ws/src/unitree_rl_mjlab/logs/rsl_rl/h1_2_velocity_a1_v2/2026-08-26_10-02-56_a1a_fullmirror_jacc1e-7_standing15_s42/model_10000.pt,td3,"['velocity', 'orientation', 'height']",8,42,0.0739557072520256,0.07492523640394211,0.10015946626663208,0.06542064994573593,0.0741611197590828,0.76,0.0,600.5,0.9405716061592102,0.8260552287101746,37.89167404174805,52.96904373168945,26.76446533203125,97.19503021240234,33.113529205322266,23502.640625,67412.203125,15622.2373046875,37220.25390625,0.20651380717754364,0.02647542394697666,0.008768015541136265,0.0041923802345991135,0.3160856366157532,224.64804077148438,0.9747916460037231,0.5524392983963964,4139.7666015625,10.180234604705923,0.2623131275177002,0.0005426041316241026,0.39298963796853015,0.4,4,0.6,6,1200
/home/iams/ramlab_ws/src/unitree_rl_mjlab/logs/rsl_rl/h1_2_velocity_a1_v2/2026-08-26_10-02-56_a1a_fullmirror_jacc1e-7_standing15_s42/model_10000.pt,td3,"['velocity', 'orientation', 'height']",8,42,0.07248247414827347,0.07520982623100281,0.09277749061584473,0.06399568915367126,0.0745592936873436,0.76,0.0,600.5,0.9483112096786499,0.8341271877288818,38.413753509521484,53.96969985961914,26.879499435424805,105.34383392333984,34.79254150390625,23731.115234375,67186.6796875,16138.306640625,36704.86328125,0.20853179693222046,0.027099788188934326,0.009027806110680103,0.004414679016917944,0.31374886631965637,227.48724365234375,0.9755533933639526,0.5562158736668372,4190.65478515625,10.246329720351024,0.25847747921943665,0.000600330182351172,0.39349301908543616,0.4,4,0.6,7,1200
/home/iams/ramlab_ws/src/unitree_rl_mjlab/logs/rsl_rl/h1_2_velocity_a1_v2/2026-08-26_10-02-56_a1a_fullmirror_jacc1e-7_standing15_s42/model_10000.pt,td3,"['velocity', 'orientation', 'height']",8,42,0.0727161169052124,0.08355686813592911,0.1039000004529953,0.06436817348003387,0.08240041881799698,0.62,0.0,600.5,0.9385829567909241,0.8053061366081238,37.1214714050293,50.02069091796875,27.794994354248047,103.04352569580078,34.68545913696289,22870.279296875,64159.41796875,14673.484375,35045.27734375,0.20132653415203094,0.027180738747119904,0.009794201701879501,0.004233211744576693,0.3189604580402374,231.45086669921875,0.9487760663032532,0.5508336681353802,4422.45263671875,10.52506780565545,0.2512223720550537,0.0008363942615687847,0.4440589765828274,0.45,4,0.6,0,1200
/home/iams/ramlab_ws/src/unitree_rl_mjlab/logs/rsl_rl/h1_2_velocity_a1_v2/2026-08-26_10-02-56_a1a_fullmirror_jacc1e-7_standing15_s42/model_10000.pt,td3,"['velocity', 'orientation', 'height']",8,42,0.07260321080684662,0.08272523432970047,0.10158085823059082,0.06441110372543335,0.08175117522478104,0.62,0.0,600.5,0.9400743842124939,0.8113715648651123,36.08474349975586,48.27643966674805,27.31608772277832,94.41533660888672,34.235923767089844,22745.41015625,67342.9921875,13616.357421875,33560.34375,0.20284289121627808,0.0288698673248291,0.010079247877001762,0.0044236029498279095,0.31353992223739624,231.09210205078125,0.9475390911102295,0.5466265214506351,4438.53466796875,10.498933748835686,0.25728240609169006,0.0009291206952184439,0.4438664932813177,0.45,4,0.6,1,1200
/home/iams/ramlab_ws/src/unitree_rl_mjlab/logs/rsl_rl/h1_2_velocity_a1_v2/2026-08-26_10-02-56_a1a_fullmirror_jacc1e-7_standing15_s42/model_10000.pt,td3,"['velocity', 'orientation', 'height']",8,42,0.0727086067199707,0.08320541679859161,0.10040068626403809,0.0644858330488205,0.08220206946134567,0.62,0.0,600.5,0.9396727085113525,0.8101587295532227,36.40497970581055,49.01133346557617,27.3094539642334,98.0279312133789,34.2459831237793,22862.849609375,66277.4609375,14017.0244140625,34177.7109375,0.20253968238830566,0.02771666832268238,0.009874042123556137,0.004199273884296417,0.31420883536338806,231.28106689453125,0.9475781321525574,0.5479759359980719,4449.22998046875,10.541594177442557,0.2524290084838867,0.0009613691363483667,0.44316214656664743,0.45,4,0.6,2,1200
/home/iams/ramlab_ws/src/unitree_rl_mjlab/logs/rsl_rl/h1_2_velocity_a1_v2/2026-08-26_10-02-56_a1a_fullmirror_jacc1e-7_standing15_s42/model_10000.pt,td3,"['velocity', 'orientation', 'height']",8,42,0.07281292229890823,0.08255858719348907,0.10903842002153397,0.06440255045890808,0.08145889639854431,0.62,0.0,600.5,0.937082052230835,0.8049021363258362,38.13709259033203,52.445404052734375,27.681676864624023,107.44486999511719,34.38029479980469,23164.2578125,64198.9921875,16087.5166015625,37750.26953125,0.20122553408145905,0.027662934735417366,0.009690782055258751,0.004193621687591076,0.31867051124572754,230.93768310546875,0.9488086104393005,0.5491841757650895,4422.04052734375,10.515886623525203,0.25148141384124756,0.0009503504843451083,0.4435460583309269,0.45,4,0.6,3,1200
/home/iams/ramlab_ws/src/unitree_rl_mjlab/logs/rsl_rl/h1_2_velocity_a1_v2/2026-08-26_10-02-56_a1a_fullmirror_jacc1e-7_standing15_s42/model_10000.pt,td3,"['velocity', 'orientation', 'height']",8,42,0.0715290755033493,0.08258314430713654,0.102176733314991,0.06343816220760345,0.08146186918020248,0.62,0.0,600.5,0.9419922828674316,0.8120446801185608,37.01902770996094,50.184757232666016,27.454212188720703,103.8084945678711,34.15162658691406,23085.580078125,66037.578125,14674.6123046875,34835.59375,0.2030111700296402,0.029516467824578285,0.009551106952130795,0.004290856886655092,0.3132045269012451,232.0856475830078,0.9468684792518616,0.5453183491285217,4419.44091796875,10.38410642391912,0.25675466656684875,0.000947037129662931,0.44309822587624403,0.45,4,0.6,4,1200
/home/iams/ramlab_ws/src/unitree_rl_mjlab/logs/rsl_rl/h1_2_velocity_a1_v2/2026-08-26_10-02-56_a1a_fullmirror_jacc1e-7_standing15_s42/model_10000.pt,td3,"['velocity', 'orientation', 'height']",8,42,0.07200026512145996,0.08356151729822159,0.10549192130565643,0.0636993870139122,0.08271555602550507,0.62,0.0,600.5,0.94048011302948,0.8084400296211243,37.032814025878906,49.858421325683594,27.75301742553711,100.68203735351562,34.82368087768555,22844.85546875,66760.4296875,14554.6083984375,33819.921875,0.20211000740528107,0.02800671011209488,0.009798773564398289,0.004241954535245895,0.3171716332435608,230.73619079589844,0.9501562714576721,0.5470574914849937,4426.779296875,10.49554670812183,0.25459372997283936,0.0010480083292350173,0.4436101083032491,0.45,4,0.6,5,1200
/home/iams/ramlab_ws/src/unitree_rl_mjlab/logs/rsl_rl/h1_2_velocity_a1_v2/2026-08-26_10-02-56_a1a_fullmirror_jacc1e-7_standing15_s42/model_10000.pt,td3,"['velocity', 'orientation', 'height']",8,42,0.07261858135461807,0.08267426490783691,0.10764041543006897,0.0643869936466217,0.08152512460947037,0.62,0.0,600.5,0.9421759247779846,0.8108807802200317,36.304115295410156,48.5515251159668,27.493459701538086,93.11528778076172,34.37044906616211,22924.294921875,66443.703125,13718.6474609375,34244.15234375,0.20272019505500793,0.02756134606897831,0.009804768487811089,0.004235847853124142,0.317375123500824,232.2340850830078,0.9483398199081421,0.5490111131620824,4440.17333984375,10.496754824952038,0.25280144810676575,0.0009403241565451026,0.44335401933901,0.45,4,0.6,6,1200
/home/iams/ramlab_ws/src/unitree_rl_mjlab/logs/rsl_rl/h1_2_velocity_a1_v2/2026-08-26_10-02-56_a1a_fullmirror_jacc1e-7_standing15_s42/model_10000.pt,td3,"['velocity', 'orientation', 'height']",8,42,0.07382671535015106,0.0828048512339592,0.1038106307387352,0.06540456414222717,0.08175650238990784,0.62,0.0,600.5,0.9356662034988403,0.8059391379356384,36.48929977416992,49.110198974609375,27.352441787719727,98.46361541748047,34.511627197265625,22811.474609375,64698.05078125,14126.2451171875,32952.23828125,0.2014847844839096,0.027083031833171844,0.009759480133652687,0.004104845691472292,0.3183019161224365,229.96148681640625,0.9511523246765137,0.5482937217294722,4409.31298828125,10.513057403896651,0.2540617287158966,0.0008986185421235859,0.4441231747867573,0.45,4,0.6,7,1200
/home/iams/ramlab_ws/src/unitree_rl_mjlab/logs/rsl_rl/h1_2_velocity_a1_v2/2026-08-26_10-02-56_a1a_fullmirror_jacc1e-7_standing15_s42/model_10000.pt,td3,"['velocity', 'orientation', 'height']",8,42,0.07693285495042801,0.0876307412981987,0.09929754585027695,0.06895153224468231,0.0862177163362503,0.66,0.0,600.5,0.9761605262756348,0.8181812763214111,35.86846160888672,45.739295959472656,29.061450958251953,88.2402114868164,36.97370529174805,22591.220703125,59720.77734375,12517.236328125,33218.27734375,0.20454531908035278,0.026798410341143608,0.010979258455336094,0.004078526049852371,0.33774328231811523,240.33251953125,0.9177148342132568,0.5447393984820464,4642.33349609375,10.522345430219595,0.24564506113529205,0.0021210149861872196,0.48676913325938836,0.5,4,0.6,0,1200
/home/iams/ramlab_ws/src/unitree_rl_mjlab/logs/rsl_rl/h1_2_velocity_a1_v2/2026-08-26_10-02-56_a1a_fullmirror_jacc1e-7_standing15_s42/model_10000.pt,td3,"['velocity', 'orientation', 'height']",8,42,0.07446546852588654,0.08651068061590195,0.10402306914329529,0.06648404151201248,0.08519622683525085,0.66,0.0,600.5,0.9754089117050171,0.8155974745750427,37.53001403808594,49.151939392089844,29.330364227294922,92.82376098632812,36.79682540893555,23066.138671875,61947.8515625,14631.5576171875,37765.16796875,0.20389936864376068,0.028142042458057404,0.01155201904475689,0.004119950346648693,0.33920609951019287,241.2191162109375,0.915332019329071,0.5475815137527694,4611.80322265625,10.46906331970337,0.2413807213306427,0.0016686879098415375,0.4837033538025508,0.5,4,0.6,1,1200
/home/iams/ramlab_ws/src/unitree_rl_mjlab/logs/rsl_rl/h1_2_velocity_a1_v2/2026-08-26_10-02-56_a1a_fullmirror_jacc1e-7_standing15_s42/model_10000.pt,td3,"['velocity', 'orientation', 'height']",8,42,0.07446662336587906,0.08770599961280823,0.10349281877279282,0.06664683669805527,0.08627346903085709,0.66,0.0,600.5,0.979529857635498,0.8188624382019043,38.046321868896484,50.1496696472168,29.455116271972656,98.64264678955078,36.408382415771484,23117.84375,61516.72265625,15238.5625,38913.15234375,0.20471560955047607,0.03034680336713791,0.011526896618306637,0.004272141493856907,0.337782084941864,243.3585205078125,0.9131315350532532,0.549126300514661,4629.44091796875,10.44610157899927,0.24557195603847504,0.0016758610727265477,0.4797001873828857,0.5,4,0.6,2,1200
/home/iams/ramlab_ws/src/unitree_rl_mjlab/logs/rsl_rl/h1_2_velocity_a1_v2/2026-08-26_10-02-56_a1a_fullmirror_jacc1e-7_standing15_s42/model_10000.pt,td3,"['velocity', 'orientation', 'height']",8,42,0.07520628720521927,0.08611472696065903,0.10263224691152573,0.06738319247961044,0.08460775017738342,0.66,0.0,600.5,0.976222038269043,0.8186835050582886,36.48627471923828,47.159523010253906,29.019868850708008,92.45516204833984,36.09773254394531,22920.341796875,62091.19140625,13532.513671875,34805.02734375,0.20467087626457214,0.030092796310782433,0.011461587622761726,0.004185952246189117,0.33416807651519775,241.20359802246094,0.9139909148216248,0.5451406503154337,4606.44677734375,10.410961573958074,0.24559588730335236,0.0016765317413955927,0.4865378523915109,0.5,4,0.6,3,1200
/home/iams/ramlab_ws/src/unitree_rl_mjlab/logs/rsl_rl/h1_2_velocity_a1_v2/2026-08-26_10-02-56_a1a_fullmirror_jacc1e-7_standing15_s42/model_10000.pt,td3,"['velocity', 'orientation', 'height']",8,42,0.07609017938375473,0.08597482740879059,0.11136661469936371,0.06844672560691833,0.08438222855329514,0.64,0.0,600.5,0.9885058403015137,0.8272299766540527,37.96830749511719,49.99473190307617,29.374773025512695,93.3702392578125,36.03325271606445,23446.734375,62631.5546875,14952.287109375,38128.1640625,0.20680749416351318,0.03247282654047012,0.011204104870557785,0.004598373081535101,0.3379557728767395,245.77760314941406,0.9113932251930237,0.5475505738224163,4606.1455078125,10.261705787334037,0.2559405565261841,0.0019842886831611395,0.4843134163644963,0.5,4,0.6,4,1200
/home/iams/ramlab_ws/src/unitree_rl_mjlab/logs/rsl_rl/h1_2_velocity_a1_v2/2026-08-26_10-02-56_a1a_fullmirror_jacc1e-7_standing15_s42/model_10000.pt,td3,"['velocity', 'orientation', 'height']",8,42,0.07475746423006058,0.08632884174585342,0.10158775746822357,0.06686022132635117,0.08483618497848511,0.66,0.0,600.5,0.9805341362953186,0.8230374455451965,36.24159622192383,46.47114944458008,29.104455947875977,90.14090728759766,36.69206619262695,22963.412109375,61127.3046875,13038.603515625,35196.95703125,0.20575936138629913,0.029547065496444702,0.011224006302654743,0.004222552757710218,0.3373742997646332,241.6028594970703,0.9171419143676758,0.5435941840578403,4628.56884765625,10.414044722939394,0.24873057007789612,0.001847045379690826,0.4860759493670886,0.5,4,0.6,5,1200
/home/iams/ramlab_ws/src/unitree_rl_mjlab/logs/rsl_rl/h1_2_velocity_a1_v2/2026-08-26_10-02-56_a1a_fullmirror_jacc1e-7_standing15_s42/model_10000.pt,td3,"['velocity', 'orientation', 'height']",8,42,0.07417698949575424,0.08797610551118851,0.10177566856145859,0.06636165082454681,0.08654150366783142,0.66,0.0,600.5,0.9778085350990295,0.8195193409919739,36.8546142578125,47.65922927856445,29.287961959838867,95.29679870605469,36.25876998901367,22752.07421875,60758.20703125,13679.666015625,35599.9921875,0.20487983524799347,0.030859628692269325,0.011464652605354786,0.004394710063934326,0.33535972237586975,241.86944580078125,0.9156835675239563,0.5456977222815504,4631.779296875,10.450064836634523,0.24663963913917542,0.001645151642151177,0.4853847369252647,0.5,4,0.6,6,1200
/home/iams/ramlab_ws/src/unitree_rl_mjlab/logs/rsl_rl/h1_2_velocity_a1_v2/2026-08-26_10-02-56_a1a_fullmirror_jacc1e-7_standing15_s42/model_10000.pt,td3,"['velocity', 'orientation', 'height']",8,42,0.0753154456615448,0.08602467179298401,0.1005568578839302,0.06742949038743973,0.08456607908010483,0.66,0.0,600.5,0.9779032468795776,0.8200060725212097,36.98541259765625,48.17401123046875,29.077043533325195,94.8428955078125,36.370948791503906,23083.392578125,62207.69140625,13996.9111328125,36344.09765625,0.20500151813030243,0.030378228053450584,0.011258864775300026,0.004340684972703457,0.33621466159820557,241.64120483398438,0.9164974093437195,0.5444788752534495,4608.94189453125,10.385115280543767,0.24885676801204681,0.0017951366025954485,0.4862298195631529,0.5,4,0.6,7,1200
/home/iams/ramlab_ws/src/unitree_rl_mjlab/logs/rsl_rl/h1_2_velocity_a1_v2/2026-08-26_10-02-56_a1a_fullmirror_jacc1e-7_standing15_s42/model_10000.pt,td3,"['velocity', 'orientation', 'height']",8,42,0.09055772423744202,0.08892971277236938,0.12116505950689316,0.08455512672662735,0.08689447492361069,0.68,0.0,600.5,1.0759174823760986,0.8661041259765625,38.84187316894531,47.332889556884766,33.13266372680664,85.36040496826172,44.5706672668457,24536.12109375,63750.921875,13492.8447265625,34458.46484375,0.21652603149414062,0.03264767304062843,0.013919361867010593,0.005096972920000553,0.3907458484172821,270.04962158203125,0.8539323210716248,0.5659148138032474,4818.26904296875,10.09714342993193,0.2616990804672241,0.0030024682637304068,0.5125980310362089,0.55,4,0.6,0,1200
/home/iams/ramlab_ws/src/unitree_rl_mjlab/logs/rsl_rl/h1_2_velocity_a1_v2/2026-08-26_10-02-56_a1a_fullmirror_jacc1e-7_standing15_s42/model_10000.pt,td3,"['velocity', 'orientation', 'height']",8,42,0.08849815279245377,0.08973439037799835,0.1257520169019699,0.08223332464694977,0.08762231469154358,0.68,0.0,600.5,1.0581775903701782,0.8499008417129517,39.75358200073242,49.67148971557617,32.904727935791016,92.07511901855469,44.99890899658203,24366.912109375,64289.3515625,15013.48828125,35783.5546875,0.21247521042823792,0.03247833997011185,0.01339022908359766,0.004844499286264181,0.38624900579452515,264.9340515136719,0.8573307394981384,0.56057714313671,4761.4228515625,10.074753292385244,0.258474737405777,0.0028440782334655523,0.5135406218655968,0.55,4,0.6,1,1200
/home/iams/ramlab_ws/src/unitree_rl_mjlab/logs/rsl_rl/h1_2_velocity_a1_v2/2026-08-26_10-02-56_a1a_fullmirror_jacc1e-7_standing15_s42/model_10000.pt,td3,"['velocity', 'orientation', 'height']",8,42,0.0838766098022461,0.08923762291669846,0.11933175474405289,0.07722976058721542,0.08716239035129547,0.7000000000000001,0.0,600.5,1.0528473854064941,0.8461126685142517,38.65785598754883,47.58493423461914,32.62479019165039,88.27059936523438,44.54380798339844,24214.232421875,63248.0859375,13955.0654296875,34362.5234375,0.21152816712856293,0.030493056401610374,0.013451535254716873,0.004482265096157789,0.38465166091918945,261.5502014160156,0.8597981929779053,0.5600100186118164,4749.61962890625,10.169499635391263,0.2539173662662506,0.0021459879353642464,0.5172587977774036,0.55,4,0.6,2,1200
/home/iams/ramlab_ws/src/unitree_rl_mjlab/logs/rsl_rl/h1_2_velocity_a1_v2/2026-08-26_10-02-56_a1a_fullmirror_jacc1e-7_standing15_s42/model_10000.pt,td3,"['velocity', 'orientation', 'height']",8,42,0.09093817323446274,0.09003866463899612,0.1261933594942093,0.08497128635644913,0.08784791827201843,0.68,0.0,600.5,1.0735877752304077,0.8632403016090393,39.33616256713867,48.64566421508789,32.917972564697266,90.96389770507812,45.73592758178711,24792.513671875,64782.2421875,14289.02734375,35858.375,0.21581007540225983,0.03403426334261894,0.013333089649677277,0.005103750620037317,0.38878554105758667,268.3974609375,0.85567706823349,0.5611435216505603,4771.6845703125,9.976249205913208,0.2677398920059204,0.0027639514300972223,0.511744127936032,0.55,4,0.6,3,1200
/home/iams/ramlab_ws/src/unitree_rl_mjlab/logs/rsl_rl/h1_2_velocity_a1_v2/2026-08-26_10-02-56_a1a_fullmirror_jacc1e-7_standing15_s42/model_10000.pt,td3,"['velocity', 'orientation', 'height']",8,42,0.09009628742933273,0.0885050967335701,0.11835382878780365,0.08403856307268143,0.08632851392030716,0.68,0.0,600.5,1.0615136623382568,0.8562083840370178,38.298789978027344,46.84626770019531,32.51799774169922,88.40607452392578,44.311588287353516,24415.796875,64849.13671875,13387.4130859375,34705.05859375,0.21405209600925446,0.03261644020676613,0.013342407532036304,0.004918990656733513,0.38323265314102173,264.6956787109375,0.8581770658493042,0.5572379177542239,4745.9873046875,9.991261882414634,0.26137566566467285,0.002706887200474739,0.5167367535744323,0.55,4,0.6,4,1200
/home/iams/ramlab_ws/src/unitree_rl_mjlab/logs/rsl_rl/h1_2_velocity_a1_v2/2026-08-26_10-02-56_a1a_fullmirror_jacc1e-7_standing15_s42/model_10000.pt,td3,"['velocity', 'orientation', 'height']",8,42,0.08505279570817947,0.08994419872760773,0.11934755742549896,0.07858021557331085,0.08789429813623428,0.7000000000000001,0.0,600.5,1.0515167713165283,0.8456313610076904,38.56475067138672,47.287437438964844,32.71411895751953,87.4798355102539,43.680450439453125,23984.982421875,63041.6328125,13708.83203125,34135.6875,0.2114078402519226,0.030801232904195786,0.013326568529009819,0.004576362669467926,0.3831841051578522,261.59075927734375,0.8584309816360474,0.5586528735907221,4761.1884765625,10.167987655805502,0.25194376707077026,0.0024568610824644566,0.5188312785002533,0.55,4,0.6,5,1200
/home/iams/ramlab_ws/src/unitree_rl_mjlab/logs/rsl_rl/h1_2_velocity_a1_v2/2026-08-26_10-02-56_a1a_fullmirror_jacc1e-7_standing15_s42/model_10000.pt,td3,"['velocity', 'orientation', 'height']",8,42,0.08625035732984543,0.08908794820308685,0.11433139443397522,0.07990995049476624,0.08692421019077301,0.68,0.0,600.5,1.062620997428894,0.8542941808700562,38.731536865234375,47.37555694580078,32.935523986816406,88.13842010498047,44.09539031982422,24227.708984375,63654.5078125,13702.44140625,34627.078125,0.21357354521751404,0.030835501849651337,0.013722880743443966,0.004750904161483049,0.3851486146450043,265.9632873535156,0.8552213311195374,0.5641092317999653,4807.40771484375,10.19653098086485,0.2507505416870117,0.002500106580555439,0.5163025210084033,0.55,4,0.6,6,1200
/home/iams/ramlab_ws/src/unitree_rl_mjlab/logs/rsl_rl/h1_2_velocity_a1_v2/2026-08-26_10-02-56_a1a_fullmirror_jacc1e-7_standing15_s42/model_10000.pt,td3,"['velocity', 'orientation', 'height']",8,42,0.08341651409864426,0.09092708677053452,0.11881174892187119,0.07669707387685776,0.0888078436255455,0.7000000000000001,0.0,600.5,1.048340082168579,0.8412690162658691,39.44207763671875,49.245811462402344,32.72224044799805,94.3047866821289,43.8183708190918,24213.01171875,63086.1953125,14948.99609375,35977.2421875,0.21031725406646729,0.029814166948199272,0.013392779044806957,0.004510302096605301,0.38407963514328003,261.806640625,0.8602278828620911,0.5619039926347045,4757.22216796875,10.210213147900692,0.24718739092350006,0.0023305932991206646,0.5150041911148365,0.55,4,0.6,7,1200
/home/iams/ramlab_ws/src/unitree_rl_mjlab/logs/rsl_rl/h1_2_velocity_a1_v2/2026-08-26_10-02-56_a1a_fullmirror_jacc1e-7_standing15_s42/model_10000.pt,td3,"['velocity', 'orientation', 'height']",8,42,0.12107209861278534,0.1019279956817627,0.20378021895885468,0.1180206835269928,0.10196727514266968,0.52,0.00015624999650754035,574.591552734375,1.1649709939956665,0.8885056972503662,45.49459457397461,55.01940155029297,39.075469970703125,88.2862319946289,52.591712951660156,25107.91796875,58530.11328125,17497.412109375,36992.5390625,0.22212642431259155,0.04223836213350296,0.0178399458527565,0.007561184465885162,0.4582287073135376,327.84747314453125,0.7795377373695374,0.646054297578224,5220.70849609375,10.287896271349304,0.3160283863544464,0.016583241522312164,0.5154362416107383,0.6,4,0.6,0,1200
/home/iams/ramlab_ws/src/unitree_rl_mjlab/logs/rsl_rl/h1_2_velocity_a1_v2/2026-08-26_10-02-56_a1a_fullmirror_jacc1e-7_standing15_s42/model_10000.pt,td3,"['velocity', 'orientation', 'height']",8,42,0.10591541230678558,0.09582981467247009,0.16759651899337769,0.10062006115913391,0.09337582439184189,0.54,3.9062499126885086e-05,594.1365356445312,1.135011911392212,0.874823272228241,41.96709060668945,49.29716110229492,37.305030822753906,82.96671295166016,52.17555618286133,24293.154296875,58434.21875,14630.697265625,33353.5546875,0.21870581805706024,0.035707198083400726,0.016748715192079544,0.006105578970164061,0.4404529333114624,297.1637268066406,0.7905077934265137,0.5994554212282316,5037.9658203125,10.162867945023248,0.2854403555393219,0.005506549030542374,0.5286525554981931,0.6,4,0.6,1,1200
