label,hl_algorithm,goal_components,c,seed,err_vx,err_vy,err_yaw,ss_err_vx,ss_err_vy,t90_s,fall_rate,mean_ep_len,action_rate,act_legs,jacc,jacc_legs,jacc_arms,jacc_legs_p95,jacc_arms_p95,ajit_legs,ajit_legs_p95,qjit_legs,qjit_legs_p95,act_legs_rad,orient_dev,height_dev,ub_pose_dev,ub_arm_vel,mech_power_w,gait_match,cot,mech_power_copper_w,cot_copper,omega_xy,ss_vx_var,stride_period_s,T_pinned,payload_kg,vx_pinned,repeat,eval_steps
/home/iams/ramlab_ws/src/unitree_rl_mjlab/logs/rsl_rl/h1_2_velocity_a1_v2/2026-08-26_10-02-56_a1a_fullmirror_jacc1e-7_standing15_s42/model_10000.pt,td3,"['velocity', 'orientation', 'height']",8,42,0.06116973236203194,0.07125258445739746,0.0941477045416832,0.055168598890304565,0.07061748206615448,0.56,0.0,600.5,0.8774814009666443,0.7632355690002441,37.727272033691406,52.00293731689453,27.211320877075195,103.3289794921875,37.40047073364258,22414.509765625,67271.875,15900.2119140625,39637.43359375,0.19080889225006104,0.022085603326559067,0.005794929340481758,0.003171817399561405,0.28661462664604187,181.1724395751953,0.9631900787353516,0.5273045158875178,3301.994140625,9.61049294921523,0.2544364333152771,0.000429674080805853,0.3947064114094822,0.4,0,0.5,0,1200
/home/iams/ramlab_ws/src/unitree_rl_mjlab/logs/rsl_rl/h1_2_velocity_a1_v2/2026-08-26_10-02-56_a1a_fullmirror_jacc1e-7_standing15_s42/model_10000.pt,td3,"['velocity', 'orientation', 'height']",8,42,0.059306394308805466,0.07143061608076096,0.09584620594978333,0.05334694683551788,0.07076771557331085,0.56,0.0,600.5,0.879561722278595,0.7657817006111145,37.924476623535156,52.28700256347656,27.33570671081543,103.5366439819336,37.309383392333984,22508.4296875,66958.9609375,15926.9169921875,38984.97265625,0.19144542515277863,0.022272536531090736,0.00574217364192009,0.0032587950117886066,0.2846464514732361,182.22320556640625,0.9660546779632568,0.5276674612600047,3316.4130859375,9.603405407109525,0.25542357563972473,0.00039512201328761876,0.394554328281531,0.4,0,0.5,1,1200
/home/iams/ramlab_ws/src/unitree_rl_mjlab/logs/rsl_rl/h1_2_velocity_a1_v2/2026-08-26_10-02-56_a1a_fullmirror_jacc1e-7_standing15_s42/model_10000.pt,td3,"['velocity', 'orientation', 'height']",8,42,0.059329912066459656,0.07093867659568787,0.09615392237901688,0.05337412655353546,0.07033352553844452,0.56,0.0,600.5,0.8864092230796814,0.7729091644287109,38.6252326965332,53.922691345214844,27.277507781982422,110.83778381347656,37.38825607299805,22731.05078125,63838.16015625,16769.685546875,40755.34765625,0.19322729110717773,0.02370266616344452,0.005703942384570837,0.0032700879964977503,0.28353822231292725,184.64173889160156,0.968248724937439,0.5332137159431743,3342.667236328125,9.653050133305463,0.2571004033088684,0.0003961460606660694,0.3940987812700449,0.4,0,0.5,2,1200
/home/iams/ramlab_ws/src/unitree_rl_mjlab/logs/rsl_rl/h1_2_velocity_a1_v2/2026-08-26_10-02-56_a1a_fullmirror_jacc1e-7_standing15_s42/model_10000.pt,td3,"['velocity', 'orientation', 'height']",8,42,0.05924499034881592,0.07172812521457672,0.09596206992864609,0.05329445004463196,0.0711275115609169,0.56,0.0,600.5,0.8836051821708679,0.770756721496582,37.9583740234375,52.632118225097656,27.098237991333008,108.54973602294922,38.82841110229492,22669.28125,64242.05859375,16089.9013671875,39737.98828125,0.1926891803741455,0.02326793037354946,0.005865436512976885,0.003302207915112376,0.2842566967010498,183.7156219482422,0.9627083539962769,0.531149341419175,3339.8818359375,9.656096984336331,0.25568804144859314,0.0003957909357268363,0.39414934565050036,0.4,0,0.5,3,1200
/home/iams/ramlab_ws/src/unitree_rl_mjlab/logs/rsl_rl/h1_2_velocity_a1_v2/2026-08-26_10-02-56_a1a_fullmirror_jacc1e-7_standing15_s42/model_10000.pt,td3,"['velocity', 'orientation', 'height']",8,42,0.060312189161777496,0.07146371155977249,0.09601619094610214,0.054445646703243256,0.07080913335084915,0.56,0.0,600.5,0.8873316645622253,0.7727755308151245,38.20173645019531,52.72948455810547,27.48565673828125,109.28374481201172,37.7778205871582,22798.865234375,65024.359375,16190.74609375,40504.83203125,0.19319388270378113,0.02432582899928093,0.00587844755500555,0.0034249997697770596,0.2852391302585602,185.09019470214844,0.966992199420929,0.5350739419738731,3350.5830078125,9.686140721656809,0.2588351368904114,0.00046002055751159787,0.39445300462249616,0.4,0,0.5,4,1200
/home/iams/ramlab_ws/src/unitree_rl_mjlab/logs/rsl_rl/h1_2_velocity_a1_v2/2026-08-26_10-02-56_a1a_fullmirror_jacc1e-7_standing15_s42/model_10000.pt,td3,"['velocity', 'orientation', 'height']",8,42,0.06023696810007095,0.07145217806100845,0.09350865334272385,0.054251451045274734,0.07079274952411652,0.56,0.0,600.5,0.8816289305686951,0.7688793540000916,37.725013732910156,52.09732437133789,27.10333251953125,105.95642852783203,36.672996520996094,22590.2578125,64810.9453125,15822.001953125,39602.08203125,0.1922198385000229,0.023471670225262642,0.006077629514038563,0.003317919559776783,0.2845669388771057,183.1468048095703,0.9675260186195374,0.5319624553485118,3343.479736328125,9.71136720974832,0.25768473744392395,0.0003932137042284012,0.3946050096339114,0.4,0,0.5,5,1200
/home/iams/ramlab_ws/src/unitree_rl_mjlab/logs/rsl_rl/h1_2_velocity_a1_v2/2026-08-26_10-02-56_a1a_fullmirror_jacc1e-7_standing15_s42/model_10000.pt,td3,"['velocity', 'orientation', 'height']",8,42,0.060527503490448,0.07114546746015549,0.09423492103815079,0.05448416620492935,0.07052753120660782,0.56,0.0,600.5,0.8846904635429382,0.7725231647491455,37.56748962402344,51.92089080810547,26.948802947998047,104.29873657226562,37.74403762817383,22546.064453125,63255.125,15772.77734375,40827.109375,0.19313079118728638,0.022554924711585045,0.006007983814924955,0.0033269021660089493,0.2861294448375702,184.40098571777344,0.9660221338272095,0.5356205547507963,3368.491455078125,9.784293476124038,0.2547764778137207,0.00048212200636044145,0.393543428132206,0.4,0,0.5,6,1200
/home/iams/ramlab_ws/src/unitree_rl_mjlab/logs/rsl_rl/h1_2_velocity_a1_v2/2026-08-26_10-02-56_a1a_fullmirror_jacc1e-7_standing15_s42/model_10000.pt,td3,"['velocity', 'orientation', 'height']",8,42,0.05988384783267975,0.07162884622812271,0.09740428626537323,0.0539066419005394,0.07102272659540176,0.56,0.0,600.5,0.8850597739219666,0.7731709480285645,37.40176010131836,51.59475326538086,26.904163360595703,106.20823669433594,37.233192443847656,22593.580078125,64486.92578125,15555.951171875,40202.0390625,0.1932927370071411,0.022778108716011047,0.00591270113363862,0.0033233514986932278,0.283450722694397,184.28082275390625,0.9658854007720947,0.5328923561656843,3365.8251953125,9.73309334519973,0.25823479890823364,0.00044886802788823843,0.3942505133470226,0.4,0,0.5,7,1200
/home/iams/ramlab_ws/src/unitree_rl_mjlab/logs/rsl_rl/h1_2_velocity_a1_v2/2026-08-26_10-02-56_a1a_fullmirror_jacc1e-7_standing15_s42/model_10000.pt,td3,"['velocity', 'orientation', 'height']",8,42,0.06031770631670952,0.07866591960191727,0.09965972602367401,0.05462261289358139,0.07799460738897324,0.58,0.0,600.5,0.8759558796882629,0.7491858005523682,35.565311431884766,47.3596076965332,27.037656784057617,99.53156280517578,34.4589729309082,21644.380859375,62522.39453125,13711.873046875,33795.265625,0.18729645013809204,0.025743722915649414,0.006454240996390581,0.0033057655673474073,0.28218138217926025,187.2422637939453,0.9640690088272095,0.5208797471034534,3560.0390625,9.903491494812316,0.25530096888542175,0.0005529813934117556,0.4440589765828274,0.45,0,0.5,0,1200
/home/iams/ramlab_ws/src/unitree_rl_mjlab/logs/rsl_rl/h1_2_velocity_a1_v2/2026-08-26_10-02-56_a1a_fullmirror_jacc1e-7_standing15_s42/model_10000.pt,td3,"['velocity', 'orientation', 'height']",8,42,0.060658760368824005,0.07909352332353592,0.10083392262458801,0.0550064742565155,0.07840844988822937,0.58,0.0,600.5,0.8759863376617432,0.7499334216117859,35.30677795410156,46.834861755371094,26.999469757080078,96.13978576660156,34.53368377685547,21601.265625,63082.359375,13488.6357421875,34458.51953125,0.18748335540294647,0.026777591556310654,0.006595487240701914,0.0034361504949629307,0.2826252579689026,187.36741638183594,0.9647656083106995,0.5206026674672574,3560.780517578125,9.89366990953266,0.2587669789791107,0.0008083534194156528,0.4439306358381503,0.45,0,0.5,1,1200
/home/iams/ramlab_ws/src/unitree_rl_mjlab/logs/rsl_rl/h1_2_velocity_a1_v2/2026-08-26_10-02-56_a1a_fullmirror_jacc1e-7_standing15_s42/model_10000.pt,td3,"['velocity', 'orientation', 'height']",8,42,0.060941074043512344,0.07886403053998947,0.10627742856740952,0.05511249229311943,0.07817050814628601,0.58,0.0,600.5,0.8714666962623596,0.7447110414505005,36.335906982421875,48.95867156982422,27.14877700805664,105.12339782714844,34.26819610595703,21661.298828125,62732.734375,14808.435546875,36832.8203125,0.18617776036262512,0.025228863582015038,0.006601044908165932,0.0033211568370461464,0.28438296914100647,187.0311737060547,0.9647526144981384,0.524017248085501,3551.891357421875,9.95156154954041,0.25393766164779663,0.0006049475050531328,0.4430343236227286,0.45,0,0.5,2,1200
/home/iams/ramlab_ws/src/unitree_rl_mjlab/logs/rsl_rl/h1_2_velocity_a1_v2/2026-08-26_10-02-56_a1a_fullmirror_jacc1e-7_standing15_s42/model_10000.pt,td3,"['velocity', 'orientation', 'height']",8,42,0.060286108404397964,0.07950889319181442,0.10201279073953629,0.05452869459986687,0.07878290861845016,0.58,0.0,600.5,0.87165367603302,0.7442907691001892,35.47835922241211,46.97749328613281,27.2096004486084,96.5129165649414,34.863216400146484,21537.517578125,63228.91796875,13658.572265625,35187.06640625,0.1860726922750473,0.025200579315423965,0.006544462870806456,0.0033582195173949003,0.2839481234550476,186.5382843017578,0.9649544358253479,0.5209401650363107,3554.10205078125,9.925439172309309,0.25521811842918396,0.0005556482938118279,0.4441231747867573,0.45,0,0.5,3,1200
/home/iams/ramlab_ws/src/unitree_rl_mjlab/logs/rsl_rl/h1_2_velocity_a1_v2/2026-08-26_10-02-56_a1a_fullmirror_jacc1e-7_standing15_s42/model_10000.pt,td3,"['velocity', 'orientation', 'height']",8,42,0.06055381894111633,0.07966408878564835,0.10404034703969955,0.054951343685388565,0.07895411550998688,0.58,0.0,600.5,0.8779203295707703,0.7503831386566162,35.36149597167969,46.651920318603516,27.251863479614258,95.46949005126953,35.22754669189453,21631.982421875,62041.30859375,13284.0234375,34136.265625,0.18759578466415405,0.028277046978473663,0.006389031186699867,0.003600807162001729,0.28124409914016724,187.57936096191406,0.9643033742904663,0.5191831052170528,3549.52490234375,9.824393556351557,0.26356202363967896,0.0007050378480926156,0.4442516268980477,0.45,0,0.5,4,1200
/home/iams/ramlab_ws/src/unitree_rl_mjlab/logs/rsl_rl/h1_2_velocity_a1_v2/2026-08-26_10-02-56_a1a_fullmirror_jacc1e-7_standing15_s42/model_10000.pt,td3,"['velocity', 'orientation', 'height']",8,42,0.05985601991415024,0.07899065315723419,0.10044249892234802,0.05413569509983063,0.0783209502696991,0.58,0.0,600.5,0.873560905456543,0.7468123435974121,35.43478012084961,47.08322525024414,27.018606185913086,96.080078125,34.18062210083008,21530.80078125,62211.0234375,13600.271484375,34887.86328125,0.18670308589935303,0.026105886325240135,0.006330342497676611,0.003367171622812748,0.2828121781349182,186.6890869140625,0.9648241996765137,0.5192614022701524,3547.26708984375,9.866450727949287,0.26053741574287415,0.0005769144627265632,0.44380236925744004,0.45,0,0.5,5,1200
/home/iams/ramlab_ws/src/unitree_rl_mjlab/logs/rsl_rl/h1_2_velocity_a1_v2/2026-08-26_10-02-56_a1a_fullmirror_jacc1e-7_standing15_s42/model_10000.pt,td3,"['velocity', 'orientation', 'height']",8,42,0.060478389263153076,0.07930217683315277,0.10636942833662033,0.05477612465620041,0.07861562073230743,0.58,0.0,600.5,0.874902069568634,0.7463929653167725,35.994056701660156,48.04133605957031,27.275562286376953,102.29301452636719,34.68464279174805,21650.68359375,63271.96484375,14174.904296875,35155.96875,0.18659824132919312,0.025448353961110115,0.006476008333265781,0.0033750932198017836,0.28312447667121887,186.88418579101562,0.9654948115348816,0.5207387802512724,3548.626220703125,9.887981771684139,0.25745394825935364,0.0006594602600671351,0.4441231747867573,0.45,0,0.5,6,1200
/home/iams/ramlab_ws/src/unitree_rl_mjlab/logs/rsl_rl/h1_2_velocity_a1_v2/2026-08-26_10-02-56_a1a_fullmirror_jacc1e-7_standing15_s42/model_10000.pt,td3,"['velocity', 'orientation', 'height']",8,42,0.06051596999168396,0.07957333326339722,0.1009470745921135,0.05487104877829552,0.07892056554555893,0.58,0.0,600.5,0.8793420791625977,0.7531305551528931,35.82219696044922,47.95846176147461,27.024810791015625,101.14911651611328,34.58359909057617,21775.693359375,62911.99609375,14129.134765625,33889.86328125,0.18828263878822327,0.027701225131750107,0.006741730961948633,0.003611127147451043,0.28134042024612427,189.2256622314453,0.9627734422683716,0.5238782608813137,3571.63330078125,9.888198505988083,0.2568557858467102,0.0007548253051936626,0.4441873915558126,0.45,0,0.5,7,1200
/home/iams/ramlab_ws/src/unitree_rl_mjlab/logs/rsl_rl/h1_2_velocity_a1_v2/2026-08-26_10-02-56_a1a_fullmirror_jacc1e-7_standing15_s42/model_10000.pt,td3,"['velocity', 'orientation', 'height']",8,42,0.06416790187358856,0.08316076546907425,0.10005127638578415,0.058738209307193756,0.08220022171735764,0.46,0.0,600.5,0.8945527076721191,0.7452741861343384,34.58891296386719,44.1701774597168,27.926725387573242,94.1312255859375,34.31761169433594,21370.193359375,67323.5859375,12677.80859375,31375.544921875,0.1863185465335846,0.027413740754127502,0.007551988586783409,0.0035750670358538628,0.2958424985408783,192.58950805664062,0.938561201095581,0.5138433885491138,3710.0595703125,9.898718511113339,0.2530111074447632,0.0011328923283144832,0.4876190476190476,0.5,0,0.5,0,1200
/home/iams/ramlab_ws/src/unitree_rl_mjlab/logs/rsl_rl/h1_2_velocity_a1_v2/2026-08-26_10-02-56_a1a_fullmirror_jacc1e-7_standing15_s42/model_10000.pt,td3,"['velocity', 'orientation', 'height']",8,42,0.06598463654518127,0.08271802216768265,0.100831039249897,0.06054699048399925,0.08181764930486679,0.46,0.0,600.5,0.8937148451805115,0.7435725331306458,35.30716323852539,45.71598815917969,27.973434448242188,99.17552947998047,35.11420822143555,21607.935546875,67122.8125,13519.1630859375,32780.9375,0.18589313328266144,0.027406243607401848,0.007239027880132198,0.0035440956708043814,0.2974978983402252,192.32789611816406,0.9393294453620911,0.511659602148704,3687.910888671875,9.811135535323169,0.2536136507987976,0.0015126109356060624,0.4871550903901047,0.5,0,0.5,1,1200
/home/iams/ramlab_ws/src/unitree_rl_mjlab/logs/rsl_rl/h1_2_velocity_a1_v2/2026-08-26_10-02-56_a1a_fullmirror_jacc1e-7_standing15_s42/model_10000.pt,td3,"['velocity', 'orientation', 'height']",8,42,0.06347126513719559,0.0837792381644249,0.10042704641819,0.05811226740479469,0.08281373977661133,0.46,0.0,600.5,0.900451123714447,0.7497947812080383,34.443790435791016,43.6396484375,28.10003662109375,91.39447021484375,35.361549377441406,21361.8515625,66265.078125,12328.0654296875,30718.765625,0.18744869530200958,0.028026549145579338,0.0076700178906321526,0.0036849097814410925,0.29743272066116333,193.91384887695312,0.93875652551651,0.5147162223140868,3727.57958984375,9.894318321341903,0.25421416759490967,0.0010635721264407039,0.48769645975551673,0.5,0,0.5,2,1200
/home/iams/ramlab_ws/src/unitree_rl_mjlab/logs/rsl_rl/h1_2_velocity_a1_v2/2026-08-26_10-02-56_a1a_fullmirror_jacc1e-7_standing15_s42/model_10000.pt,td3,"['velocity', 'orientation', 'height']",8,42,0.06559291481971741,0.08313264697790146,0.10022077709436417,0.06037696823477745,0.08211980760097504,0.44,0.0,600.5,0.9045271873474121,0.752947986125946,34.836849212646484,44.26955032348633,28.293684005737305,95.16985321044922,35.760719299316406,21501.80859375,66230.3125,12689.583984375,31022.833984375,0.1882369965314865,0.029838427901268005,0.007438160013407469,0.0039115059189498425,0.2959051728248596,195.4090576171875,0.9402994513511658,0.5135785577191552,3718.279541015625,9.772466632534005,0.25861799716949463,0.0012403917498886585,0.4860759493670886,0.5,0,0.5,3,1200
/home/iams/ramlab_ws/src/unitree_rl_mjlab/logs/rsl_rl/h1_2_velocity_a1_v2/2026-08-26_10-02-56_a1a_fullmirror_jacc1e-7_standing15_s42/model_10000.pt,td3,"['velocity', 'orientation', 'height']",8,42,0.06534746289253235,0.0830702930688858,0.09915316849946976,0.060069214552640915,0.0820884108543396,0.44,0.0,600.5,0.9015306830406189,0.7541709542274475,34.217857360839844,43.466712951660156,27.799177169799805,91.89981842041016,35.40278625488281,21479.998046875,68112.0234375,12168.482421875,30709.1640625,0.18854273855686188,0.02982185408473015,0.007441208232194185,0.00375680485740304,0.2943345904350281,194.99842834472656,0.937903642654419,0.5139804364918412,3734.955322265625,9.844664139123722,0.262687087059021,0.0013162270188331604,0.4871550903901047,0.5,0,0.5,4,1200
/home/iams/ramlab_ws/src/unitree_rl_mjlab/logs/rsl_rl/h1_2_velocity_a1_v2/2026-08-26_10-02-56_a1a_fullmirror_jacc1e-7_standing15_s42/model_10000.pt,td3,"['velocity', 'orientation', 'height']",8,42,0.06304281204938889,0.08373872190713882,0.1031264141201973,0.05747774615883827,0.08279910683631897,0.46,0.0,600.5,0.8847273588180542,0.7348624467849731,34.655330657958984,44.30712127685547,27.958080291748047,96.36597442626953,34.563438415527344,21112.599609375,66429.53125,12856.3720703125,32280.005859375,0.1837156116962433,0.02552313730120659,0.007408281322568655,0.0033672309946268797,0.2953512370586395,189.42221069335938,0.9392773509025574,0.5109540969092524,3696.25341796875,9.97040275583713,0.25189390778541565,0.0009184111841022968,0.48777389647507147,0.5,0,0.5,5,1200
/home/iams/ramlab_ws/src/unitree_rl_mjlab/logs/rsl_rl/h1_2_velocity_a1_v2/2026-08-26_10-02-56_a1a_fullmirror_jacc1e-7_standing15_s42/model_10000.pt,td3,"['velocity', 'orientation', 'height']",8,42,0.06402897089719772,0.0841299444437027,0.1027466207742691,0.058447595685720444,0.08321700245141983,0.46,0.0,600.5,0.8878088593482971,0.7381295561790466,34.99186325073242,45.15513610839844,27.87518882751465,99.4646224975586,34.084171295166016,21265.62109375,65877.8203125,13297.7431640625,32314.80859375,0.18453238904476166,0.026415467262268066,0.007255693897604942,0.003319804323837161,0.29735109210014343,190.22323608398438,0.9417968988418579,0.5119958460121314,3678.634521484375,9.901237993281535,0.25219303369522095,0.0010007276432588696,0.4878513577894235,0.5,0,0.5,6,1200
/home/iams/ramlab_ws/src/unitree_rl_mjlab/logs/rsl_rl/h1_2_velocity_a1_v2/2026-08-26_10-02-56_a1a_fullmirror_jacc1e-7_standing15_s42/model_10000.pt,td3,"['velocity', 'orientation', 'height']",8,42,0.06525225937366486,0.08249916881322861,0.10232790559530258,0.05992833524942398,0.08148554712533951,0.46,0.0,600.5,0.899159848690033,0.7483319640159607,34.998165130615234,44.838993072509766,28.109302520751953,94.59226989746094,35.24152374267578,21578.21875,65654.203125,13013.271484375,32498.2265625,0.18708299100399017,0.028506895527243614,0.007381758652627468,0.003672251710668206,0.2966519594192505,193.66604614257812,0.9390755295753479,0.5128302234576694,3702.260498046875,9.803633773014624,0.2575949728488922,0.0012851990759372711,0.4847719741202462,0.5,0,0.5,7,1200
/home/iams/ramlab_ws/src/unitree_rl_mjlab/logs/rsl_rl/h1_2_velocity_a1_v2/2026-08-26_10-02-56_a1a_fullmirror_jacc1e-7_standing15_s42/model_10000.pt,td3,"['velocity', 'orientation', 'height']",8,42,0.07416633516550064,0.08490489423274994,0.11105454713106155,0.0698278397321701,0.08346118777990341,0.46,0.0,600.5,0.9529385566711426,0.7689363956451416,36.73114013671875,46.14586639404297,30.239240646362305,95.70390319824219,39.438758850097656,22852.578125,62572.0390625,14296.115234375,37092.61328125,0.1922340989112854,0.02893829718232155,0.008910920470952988,0.0038223930168896914,0.3333553075790405,204.81520080566406,0.8858007788658142,0.5128119184210216,3846.3642578125,9.630444945523651,0.2572650909423828,0.0016974840546026826,0.5263879369431117,0.55,0,0.5,0,1200
/home/iams/ramlab_ws/src/unitree_rl_mjlab/logs/rsl_rl/h1_2_velocity_a1_v2/2026-08-26_10-02-56_a1a_fullmirror_jacc1e-7_standing15_s42/model_10000.pt,td3,"['velocity', 'orientation', 'height']",8,42,0.07735908776521683,0.08520950376987457,0.10672229528427124,0.07319272309541702,0.08376427739858627,0.46,0.0,600.5,0.947932779788971,0.7657288312911987,35.705387115478516,44.12723922729492,29.986724853515625,90.51119995117188,38.960296630859375,22503.33203125,60654.46484375,13010.12890625,34632.1484375,0.19143220782279968,0.029912786558270454,0.008792879991233349,0.004074877593666315,0.33059772849082947,204.20169067382812,0.8868945240974426,0.5109542179377802,3834.0791015625,9.593646708229423,0.26105841994285583,0.0022980612702667713,0.529837875129355,0.55,0,0.5,1,1200
/home/iams/ramlab_ws/src/unitree_rl_mjlab/logs/rsl_rl/h1_2_velocity_a1_v2/2026-08-26_10-02-56_a1a_fullmirror_jacc1e-7_standing15_s42/model_10000.pt,td3,"['velocity', 'orientation', 'height']",8,42,0.07592552155256271,0.08410768955945969,0.10524022579193115,0.07186006754636765,0.08268718421459198,0.46,0.0,600.5,0.9459772109985352,0.7666785717010498,34.752098083496094,42.32786560058594,29.69540023803711,88.04393768310547,38.586944580078125,22302.64453125,62166.3515625,12043.9345703125,30985.712890625,0.19166964292526245,0.02967776544392109,0.00895327515900135,0.004004146903753281,0.3285788595676422,203.94065856933594,0.885058581829071,0.50914965968045,3849.546630859375,9.610615658014288,0.26144176721572876,0.001773631083779037,0.5332407568130533,0.55,0,0.5,2,1200
/home/iams/ramlab_ws/src/unitree_rl_mjlab/logs/rsl_rl/h1_2_velocity_a1_v2/2026-08-26_10-02-56_a1a_fullmirror_jacc1e-7_standing15_s42/model_10000.pt,td3,"['velocity', 'orientation', 'height']",8,42,0.07813102751970291,0.0859357938170433,0.10701021552085876,0.074137382209301,0.08450343459844589,0.46,0.0,600.5,0.9563494324684143,0.7722962498664856,35.739009857177734,43.873924255371094,30.21541976928711,90.4107666015625,39.46958541870117,22735.34765625,61451.25,12782.404296875,34584.0078125,0.1930740624666214,0.03154860809445381,0.008302371948957443,0.004259508568793535,0.33066263794898987,205.90184020996094,0.8875650763511658,0.5076495007182001,3822.387939453125,9.424070949073924,0.2685341536998749,0.0015677973860874772,0.5281980742778541,0.55,0,0.5,3,1200
/home/iams/ramlab_ws/src/unitree_rl_mjlab/logs/rsl_rl/h1_2_velocity_a1_v2/2026-08-26_10-02-56_a1a_fullmirror_jacc1e-7_standing15_s42/model_10000.pt,td3,"['velocity', 'orientation', 'height']",8,42,0.07870937138795853,0.08552365005016327,0.10827518254518509,0.07466239482164383,0.08401758968830109,0.46,0.0,600.5,0.9565563201904297,0.7710784077644348,35.78017044067383,43.85609817504883,30.31617546081543,87.84662628173828,39.26291275024414,22746.623046875,63266.81640625,12774.3271484375,33814.1328125,0.1927696019411087,0.030406750738620758,0.00863324012607336,0.004160427022725344,0.33281126618385315,205.82728576660156,0.887011706829071,0.5093465811964318,3817.870849609375,9.447821095774797,0.2666094899177551,0.0019779871217906475,0.5265683921837504,0.55,0,0.5,4,1200
/home/iams/ramlab_ws/src/unitree_rl_mjlab/logs/rsl_rl/h1_2_velocity_a1_v2/2026-08-26_10-02-56_a1a_fullmirror_jacc1e-7_standing15_s42/model_10000.pt,td3,"['velocity', 'orientation', 'height']",8,42,0.07996595650911331,0.08451808243989944,0.10489042848348618,0.07607866078615189,0.0830477699637413,0.46,0.0,600.5,0.9575421214103699,0.773902952671051,35.59801483154297,43.60091781616211,30.164941787719727,87.32942962646484,39.1905632019043,22798.013671875,61977.515625,12574.94921875,32306.984375,0.19347573816776276,0.0319671556353569,0.008488223887979984,0.004259063862264156,0.33152955770492554,206.606201171875,0.8870898485183716,0.5085267318803982,3824.02783203125,9.412208138692371,0.26988211274147034,0.001871867454610765,0.5284706691897472,0.55,0,0.5,5,1200
/home/iams/ramlab_ws/src/unitree_rl_mjlab/logs/rsl_rl/h1_2_velocity_a1_v2/2026-08-26_10-02-56_a1a_fullmirror_jacc1e-7_standing15_s42/model_10000.pt,td3,"['velocity', 'orientation', 'height']",8,42,0.07476160675287247,0.08457828313112259,0.10334223508834839,0.07045777142047882,0.08319384604692459,0.48,0.0,600.5,0.9391433000564575,0.7600575685501099,34.84067916870117,42.761348724365234,29.512378692626953,88.38520050048828,38.08213424682617,22222.552734375,63089.47265625,12331.4697265625,31882.9609375,0.19001439213752747,0.028080733492970467,0.008895235136151314,0.0037748143076896667,0.32752150297164917,200.8676300048828,0.887194037437439,0.5094153848208262,3827.747802734375,9.707455517783309,0.25506627559661865,0.002215462038293481,0.5315798581069389,0.55,0,0.5,6,1200
/home/iams/ramlab_ws/src/unitree_rl_mjlab/logs/rsl_rl/h1_2_velocity_a1_v2/2026-08-26_10-02-56_a1a_fullmirror_jacc1e-7_standing15_s42/model_10000.pt,td3,"['velocity', 'orientation', 'height']",8,42,0.07520207017660141,0.08502852916717529,0.1066947653889656,0.0709632933139801,0.08356411010026932,0.46,0.0,600.5,0.9493371844291687,0.767602264881134,35.59977722167969,43.894344329833984,29.970043182373047,92.01520538330078,38.9600830078125,22625.634765625,61866.57421875,12941.6201171875,33669.7265625,0.1919005662202835,0.029194418340921402,0.008530755527317524,0.003888604696840048,0.3301948606967926,202.75537109375,0.8885611891746521,0.5073770824006346,3814.399169921875,9.545190989302164,0.26387956738471985,0.0016890040133148432,0.5290167039779576,0.55,0,0.5,7,1200
/home/iams/ramlab_ws/src/unitree_rl_mjlab/logs/rsl_rl/h1_2_velocity_a1_v2/2026-08-26_10-02-56_a1a_fullmirror_jacc1e-7_standing15_s42/model_10000.pt,td3,"['velocity', 'orientation', 'height']",8,42,0.0896577537059784,0.09024965763092041,0.12426578253507614,0.08556174486875534,0.08876833319664001,0.48,0.0,600.5,0.9960227608680725,0.7745804786682129,36.747947692871094,43.377105712890625,32.501609802246094,81.71876525878906,44.01344680786133,22236.646484375,56118.11328125,12889.3994140625,32534.166015625,0.19364511966705322,0.03230581805109978,0.010714760981500149,0.004930595401674509,0.3725469410419464,218.58981323242188,0.8347330689430237,0.5231330605523942,3970.3388671875,9.501886422116645,0.2630886435508728,0.0030533766839653254,0.5581395348837209,0.6,0,0.5,0,1200
/home/iams/ramlab_ws/src/unitree_rl_mjlab/logs/rsl_rl/h1_2_velocity_a1_v2/2026-08-26_10-02-56_a1a_fullmirror_jacc1e-7_standing15_s42/model_10000.pt,td3,"['velocity', 'orientation', 'height']",8,42,0.10156243294477463,0.08656952530145645,0.13408206403255463,0.09841090440750122,0.0853642150759697,0.48,1.302083364862483e-05,596.0508422851562,1.0247241258621216,0.7984882593154907,37.90250778198242,44.86298370361328,33.37574768066406,79.50235748291016,44.204872131347656,23031.375,59105.99609375,13422.7734375,33904.21875,0.19962206482887268,0.03527520224452019,0.010969783179461956,0.005578500684350729,0.3840426802635193,228.75997924804688,0.8251041769981384,0.5342523907743694,4035.668212890625,9.425011366429635,0.28044551610946655,0.004513912368565798,0.5500447627573859,0.6,0,0.5,1,1200
/home/iams/ramlab_ws/src/unitree_rl_mjlab/logs/rsl_rl/h1_2_velocity_a1_v2/2026-08-26_10-02-56_a1a_fullmirror_jacc1e-7_standing15_s42/model_10000.pt,td3,"['velocity', 'orientation', 'height']",8,42,0.08740901947021484,0.08946800231933594,0.13436342775821686,0.08372315764427185,0.08837141841650009,0.48,3.9062499126885086e-05,593.4577026367188,1.0074992179870605,0.7855370044708252,36.94901657104492,43.75687789916992,32.56605911254883,80.7323226928711,43.86966323852539,22675.462890625,57627.48046875,13103.232421875,31955.13671875,0.1963842511177063,0.033226318657398224,0.011741065420210361,0.0049435412511229515,0.3753614127635956,224.94552612304688,0.8299478888511658,0.5422696014666387,4029.421142578125,9.713608451555562,0.2702014446258545,0.004364557098597288,0.5577342047930284,0.6,0,0.5,2,1200
/home/iams/ramlab_ws/src/unitree_rl_mjlab/logs/rsl_rl/h1_2_velocity_a1_v2/2026-08-26_10-02-56_a1a_fullmirror_jacc1e-7_standing15_s42/model_10000.pt,td3,"['velocity', 'orientation', 'height']",8,42,0.08932409435510635,0.08986011147499084,0.1328059732913971,0.08498507738113403,0.08897045999765396,0.48,3.9062499126885086e-05,593.5445556640625,1.0020440816879272,0.7784585952758789,37.167293548583984,44.0908317565918,32.684547424316406,81.63394165039062,44.62992858886719,22416.90234375,58485.60546875,13276.4599609375,34052.6484375,0.19461464881896973,0.03290055692195892,0.011079984717071056,0.005068011116236448,0.3746784031391144,221.1371612548828,0.8331380486488342,0.5314521889016707,4005.28662109375,9.62578387044781,0.2702316343784332,0.0036338598001748323,0.5547128927410617,0.6,0,0.5,3,1200
/home/iams/ramlab_ws/src/unitree_rl_mjlab/logs/rsl_rl/h1_2_velocity_a1_v2/2026-08-26_10-02-56_a1a_fullmirror_jacc1e-7_standing15_s42/model_10000.pt,td3,"['velocity', 'orientation', 'height']",8,42,0.09689836204051971,0.08952803909778595,0.13640020787715912,0.09337519854307175,0.08874715864658356,0.48,3.9062499126885086e-05,593.4830322265625,1.0164717435836792,0.7918025851249695,37.579078674316406,44.471778869628906,33.10738754272461,82.32125091552734,43.88492202758789,22841.33984375,58030.33984375,13351.9287109375,32485.923828125,0.19795064628124237,0.03539661318063736,0.01121594849973917,0.005573807749897242,0.37944328784942627,229.7886199951172,0.8285742402076721,0.5418225926201282,4059.84619140625,9.57278276252838,0.2790537476539612,0.004783939570188522,0.5577342047930284,0.6,0,0.5,4,1200
/home/iams/ramlab_ws/src/unitree_rl_mjlab/logs/rsl_rl/h1_2_velocity_a1_v2/2026-08-26_10-02-56_a1a_fullmirror_jacc1e-7_standing15_s42/model_10000.pt,td3,"['velocity', 'orientation', 'height']",8,42,0.09525635093450546,0.0865602120757103,0.13263121247291565,0.0913291946053505,0.08498337864875793,0.48,0.0,600.5,1.0080655813217163,0.7858760356903076,36.578067779541016,42.8990364074707,32.56220245361328,77.57830047607422,44.189247131347656,22441.546875,58128.328125,12477.7978515625,30403.142578125,0.1964690089225769,0.03322727978229523,0.010788491927087307,0.005233562085777521,0.3750287890434265,221.47802734375,0.832115888595581,0.5240273930432042,3995.764892578125,9.454166362276508,0.27213677763938904,0.003309425199404359,0.5549132947976878,0.6,0,0.5,5,1200
/home/iams/ramlab_ws/src/unitree_rl_mjlab/logs/rsl_rl/h1_2_velocity_a1_v2/2026-08-26_10-02-56_a1a_fullmirror_jacc1e-7_standing15_s42/model_10000.pt,td3,"['velocity', 'orientation', 'height']",8,42,0.0916973426938057,0.08702345192432404,0.12986594438552856,0.08768083900213242,0.08552733063697815,0.48,0.0,600.5,1.0045204162597656,0.783681333065033,36.62771987915039,43.20604705810547,32.39130783081055,80.16996002197266,44.09271240234375,22421.974609375,57226.12109375,12819.0888671875,32498.396484375,0.19592033326625824,0.03293880075216293,0.010708228684961796,0.005150041077286005,0.373881995677948,219.90072631835938,0.8322200775146484,0.5226772054768191,3986.328369140625,9.475014950359103,0.26917344331741333,0.0026358396280556917,0.5627404286499359,0.6,0,0.5,6,1200
/home/iams/ramlab_ws/src/unitree_rl_mjlab/logs/rsl_rl/h1_2_velocity_a1_v2/2026-08-26_10-02-56_a1a_fullmirror_jacc1e-7_standing15_s42/model_10000.pt,td3,"['velocity', 'orientation', 'height']",8,42,0.09114886075258255,0.0872340053319931,0.12355509400367737,0.08730079978704453,0.08586206287145615,0.48,0.0,600.5,1.0036753416061401,0.7848532795906067,36.179073333740234,42.22051239013672,32.388885498046875,79.59002685546875,43.60828399658203,22393.77734375,57061.58984375,12181.314453125,32483.24609375,0.19621331989765167,0.03278549015522003,0.01064392365515232,0.005173875950276852,0.3704037368297577,218.81854248046875,0.8327929973602295,0.5222371216812635,4002.244140625,9.551842914886567,0.2699020504951477,0.0030304768588393927,0.557026291931097,0.6,0,0.5,7,1200
/home/iams/ramlab_ws/src/unitree_rl_mjlab/logs/rsl_rl/h1_2_velocity_a1_v2/2026-08-26_10-02-56_a1a_fullmirror_jacc1e-7_standing15_s42/model_10000.pt,td3,"['velocity', 'orientation', 'height']",8,42,0.12186609953641891,0.10754839330911636,0.19053418934345245,0.1191294938325882,0.11042295396327972,0.48,0.0001822916674427688,580.4492797851562,1.1080710887908936,0.8209112286567688,43.22486877441406,50.30290222167969,38.8293342590332,85.21807098388672,50.22026443481445,22967.2734375,55010.35546875,15962.8271484375,36902.9140625,0.2052278071641922,0.0432397723197937,0.015763595700263977,0.008329610340297222,0.4550713002681732,286.3002624511719,0.7730273604393005,0.6337492217679059,4556.76318359375,10.086770912987138,0.3252021074295044,0.012473251670598984,0.5506363147517477,0.65,0,0.5,0,1200
/home/iams/ramlab_ws/src/unitree_rl_mjlab/logs/rsl_rl/h1_2_velocity_a1_v2/2026-08-26_10-02-56_a1a_fullmirror_jacc1e-7_standing15_s42/model_10000.pt,td3,"['velocity', 'orientation', 'height']",8,42,0.12425463646650314,0.10809692740440369,0.2020246684551239,0.12285412102937698,0.11066317558288574,0.48,0.0002864583220798522,552.1387939453125,1.1374198198318481,0.8378147482872009,44.587345123291016,51.682029724121094,40.24723815917969,84.39933776855469,53.27696228027344,23797.90234375,54831.6796875,16552.685546875,35702.3515625,0.20945368707180023,0.044168900698423386,0.017771774902939796,0.008827973157167435,0.47355276346206665,302.4096984863281,0.7640559673309326,0.6696482380886427,4721.701171875,10.455613765606298,0.3411433696746826,0.016983235254883766,0.5467164975974372,0.65,0,0.5,1,1200
/home/iams/ramlab_ws/src/unitree_rl_mjlab/logs/rsl_rl/h1_2_velocity_a1_v2/2026-08-26_10-02-56_a1a_fullmirror_jacc1e-7_standing15_s42/model_10000.pt,td3,"['velocity', 'orientation', 'height']",8,42,0.11785992980003357,0.10142511874437332,0.18083617091178894,0.11438947916030884,0.10276856273412704,0.48,9.11458337213844e-05,581.5492553710938,1.0883283615112305,0.8108887076377869,41.67839431762695,48.073001861572266,37.80906677246094,83.19908142089844,49.605567932128906,22555.5546875,53330.32421875,14926.3916015625,35914.36328125,0.20272217690944672,0.041221585124731064,0.015135358087718487,0.007710225414484739,0.44681990146636963,273.96826171875,0.7748633027076721,0.6131203642986485,4475.9521484375,10.016844551275184,0.3177046775817871,0.009464098140597343,0.5654334621755936,0.65,0,0.5,2,1200
/home/iams/ramlab_ws/src/unitree_rl_mjlab/logs/rsl_rl/h1_2_velocity_a1_v2/2026-08-26_10-02-56_a1a_fullmirror_jacc1e-7_standing15_s42/model_10000.pt,td3,"['velocity', 'orientation', 'height']",8,42,0.11704004555940628,0.101441890001297,0.1808343380689621,0.11275861412286758,0.10239624232053757,0.48,5.208333459449932e-05,591.127197265625,1.0903812646865845,0.8122637867927551,42.2006721496582,49.06039047241211,37.95442199707031,81.8594970703125,50.132450103759766,22475.58203125,53069.796875,15535.1943359375,36209.46484375,0.20306594669818878,0.039751213043928146,0.015339680947363377,0.00755641283467412,0.4517141580581665,271.668701171875,0.7714778780937195,0.6080158485970582,4485.515625,10.038936086912196,0.31193000078201294,0.0065049054101109505,0.5575317604355717,0.65,0,0.5,3,1200
/home/iams/ramlab_ws/src/unitree_rl_mjlab/logs/rsl_rl/h1_2_velocity_a1_v2/2026-08-26_10-02-56_a1a_fullmirror_jacc1e-7_standing15_s42/model_10000.pt,td3,"['velocity', 'orientation', 'height']",8,42,0.11324489861726761,0.09987299144268036,0.1741320788860321,0.10854413360357285,0.10001131892204285,0.48,1.302083364862483e-05,598.2178344726562,1.0710943937301636,0.8026316165924072,40.79202651977539,47.02570724487305,37.017547607421875,83.31050872802734,48.77366638183594,22086.791015625,53244.08984375,14438.328125,35085.9453125,0.2006579041481018,0.039430420845746994,0.014123150147497654,0.007144641131162643,0.44091150164604187,262.7217102050781,0.7789322733879089,0.5912274396522229,4396.921875,9.894807022416014,0.3078986704349518,0.005282742436975241,0.5629466739967015,0.65,0,0.5,4,1200
/home/iams/ramlab_ws/src/unitree_rl_mjlab/logs/rsl_rl/h1_2_velocity_a1_v2/2026-08-26_10-02-56_a1a_fullmirror_jacc1e-7_standing15_s42/model_10000.pt,td3,"['velocity', 'orientation', 'height']",8,42,0.11236899346113205,0.10387787222862244,0.1790030151605606,0.1077243983745575,0.10489775985479355,0.48,0.0001432291610399261,583.506103515625,1.0889962911605835,0.8086435198783875,42.449005126953125,49.58021545410156,37.995906829833984,83.99559020996094,50.19188690185547,22573.720703125,54298.8671875,15907.0126953125,37115.87890625,0.20216087996959686,0.040749143809080124,0.01536654308438301,0.007427699398249388,0.4477269947528839,272.5323486328125,0.7759830951690674,0.6155425395429026,4459.80615234375,10.072933719473436,0.31298962235450745,0.008003238588571548,0.553314121037464,0.65,0,0.5,5,1200
/home/iams/ramlab_ws/src/unitree_rl_mjlab/logs/rsl_rl/h1_2_velocity_a1_v2/2026-08-26_10-02-56_a1a_fullmirror_jacc1e-7_standing15_s42/model_10000.pt,td3,"['velocity', 'orientation', 'height']",8,42,0.11613566428422928,0.09953141957521439,0.170445054769516,0.11160008609294891,0.10014480352401733,0.48,7.812499825377017e-05,586.5197143554688,1.0904821157455444,0.8138473629951477,41.59648513793945,48.02907943725586,37.69824981689453,84.90776062011719,50.28582000732422,22565.857421875,54495.96875,14950.5673828125,38064.72265625,0.20346184074878693,0.03896087780594826,0.014855168759822845,0.007270003203302622,0.4489668309688568,269.4263916015625,0.7773372530937195,0.603627784725014,4452.02685546875,9.974402290517439,0.3081541657447815,0.006518212612718344,0.5543125225550343,0.65,0,0.5,6,1200
/home/iams/ramlab_ws/src/unitree_rl_mjlab/logs/rsl_rl/h1_2_velocity_a1_v2/2026-08-26_10-02-56_a1a_fullmirror_jacc1e-7_standing15_s42/model_10000.pt,td3,"['velocity', 'orientation', 'height']",8,42,0.1157001256942749,0.0961468517780304,0.14574559032917023,0.11075542122125626,0.09536147862672806,0.48,0.0,600.5,1.0672860145568848,0.8027986884117126,38.75777816772461,43.23798751831055,36.38864517211914,76.15892791748047,48.68137741088867,21924.91015625,53408.4453125,12395.7646484375,33105.65625,0.20069967210292816,0.038182199001312256,0.013881856575608253,0.006996819283813238,0.4354409873485565,254.1295623779297,0.7837435007095337,0.5702367331336189,4338.0537109375,9.734081283026908,0.30130407214164734,0.00504669826477766,0.5804988662131519,0.65,0,0.5,7,1200
/home/iams/ramlab_ws/src/unitree_rl_mjlab/logs/rsl_rl/h1_2_velocity_a1_v2/2026-08-26_10-02-56_a1a_fullmirror_jacc1e-7_standing15_s42/model_10000.pt,td3,"['velocity', 'orientation', 'height']",8,42,0.12861061096191406,0.1339820921421051,0.2128746211528778,0.12374652922153473,0.13408668339252472,0.5,0.00011718749738065526,576.488525390625,1.1388003826141357,0.8221388459205627,45.79900360107422,51.6849479675293,42.51529312133789,78.57994079589844,53.45854187011719,21778.103515625,48245.4765625,16238.869140625,33299.7890625,0.20553471148014069,0.046853236854076385,0.019318217411637306,0.009232619777321815,0.4988301992416382,315.8180847167969,0.704882800579071,0.684365304019105,4838.2041015625,10.484197505099718,0.35765039920806885,0.01071074977517128,0.5618141916605706,0.7,0,0.5,0,1200
/home/iams/ramlab_ws/src/unitree_rl_mjlab/logs/rsl_rl/h1_2_velocity_a1_v2/2026-08-26_10-02-56_a1a_fullmirror_jacc1e-7_standing15_s42/model_10000.pt,td3,"['velocity', 'orientation', 'height']",8,42,0.1280483454465866,0.14043162763118744,0.2267882078886032,0.12182702124118805,0.13954661786556244,0.5,0.00020833333837799728,565.9170532226562,1.1586003303527832,0.8278995752334595,48.438663482666016,55.887454986572266,43.9619026184082,85.15508270263672,54.862884521484375,22292.43359375,47227.80078125,18624.2578125,37214.19140625,0.20697489380836487,0.04849211126565933,0.02062208019196987,0.009973281994462013,0.5076369047164917,326.6934814453125,0.699622392654419,0.7104600800730363,4922.61328125,10.705202323804174,0.36647823452949524,0.010182570666074753,0.5465219711795054,0.7,0,0.5,1,1200
/home/iams/ramlab_ws/src/unitree_rl_mjlab/logs/rsl_rl/h1_2_velocity_a1_v2/2026-08-26_10-02-56_a1a_fullmirror_jacc1e-7_standing15_s42/model_10000.pt,td3,"['velocity', 'orientation', 'height']",8,42,0.12057558447122574,0.13046130537986755,0.2001020610332489,0.11585352569818497,0.12984716892242432,0.5,0.0001822916674427688,576.1809692382812,1.1216542720794678,0.8071140050888062,44.84076690673828,50.5430793762207,41.6915283203125,81.96024322509766,53.04917907714844,21541.056640625,48494.16015625,15968.5625,35559.55078125,0.20177850127220154,0.04593021422624588,0.019371042028069496,0.00916216243058443,0.4897311329841614,304.38458251953125,0.7156380414962769,0.6716391661302112,4735.5107421875,10.449130729127521,0.3449545204639435,0.009986253455281258,0.5714285714285714,0.7,0,0.5,2,1200
/home/iams/ramlab_ws/src/unitree_rl_mjlab/logs/rsl_rl/h1_2_velocity_a1_v2/2026-08-26_10-02-56_a1a_fullmirror_jacc1e-7_standing15_s42/model_10000.pt,td3,"['velocity', 'orientation', 'height']",8,42,0.12906691431999207,0.13668815791606903,0.22093482315540314,0.12422027438879013,0.13747568428516388,0.5,0.00023437499476131052,571.1514282226562,1.154244303703308,0.8267196416854858,47.541847229003906,54.42633056640625,43.49681091308594,82.75965881347656,54.064544677734375,22223.70703125,47954.73828125,17737.943359375,36819.41015625,0.20667991042137146,0.048175081610679626,0.020348960533738136,0.009629908949136734,0.5061784982681274,326.87384033203125,0.6992512941360474,0.7116050086835292,4897.95361328125,10.66285636117448,0.3687724471092224,0.012421808205544949,0.5464247598719317,0.7,0,0.5,3,1200
/home/iams/ramlab_ws/src/unitree_rl_mjlab/logs/rsl_rl/h1_2_velocity_a1_v2/2026-08-26_10-02-56_a1a_fullmirror_jacc1e-7_standing15_s42/model_10000.pt,td3,"['velocity', 'orientation', 'height']",8,42,0.12018509209156036,0.12835192680358887,0.18822163343429565,0.11481264978647232,0.1255737543106079,0.5,0.00011718749738065526,583.0993041992188,1.1166151762008667,0.8067779541015625,43.741798400878906,48.70137405395508,41.185447692871094,75.68254089355469,52.90445327758789,21293.7734375,48689.2421875,14984.3515625,34253.40234375,0.20169448852539062,0.044332776218652725,0.01867864839732647,0.008634665980935097,0.4845549464225769,300.4260559082031,0.716796875,0.660770145831802,4699.02197265625,10.335233804799216,0.3432557284832001,0.00805853120982647,0.5753886495598427,0.7,0,0.5,4,1200
/home/iams/ramlab_ws/src/unitree_rl_mjlab/logs/rsl_rl/h1_2_velocity_a1_v2/2026-08-26_10-02-56_a1a_fullmirror_jacc1e-7_standing15_s42/model_10000.pt,td3,"['velocity', 'orientation', 'height']",8,42,0.13556624948978424,0.12611480057239532,0.1985940784215927,0.13034602999687195,0.12532423436641693,0.48,9.11458337213844e-05,582.5360107421875,1.126754879951477,0.8105598092079163,44.873294830322266,50.2138786315918,41.99245834350586,78.54296875,53.032958984375,21462.44921875,48832.78515625,15446.138671875,34846.40234375,0.20263995230197906,0.04902397841215134,0.01985868066549301,0.010365926660597324,0.49864816665649414,311.1235046386719,0.7043359279632568,0.6673855736273151,4771.966796875,10.236261831401174,0.3592393398284912,0.008084654808044434,0.5743129556926528,0.7,0,0.5,5,1200
/home/iams/ramlab_ws/src/unitree_rl_mjlab/logs/rsl_rl/h1_2_velocity_a1_v2/2026-08-26_10-02-56_a1a_fullmirror_jacc1e-7_standing15_s42/model_10000.pt,td3,"['velocity', 'orientation', 'height']",8,42,0.12198741734027863,0.132759228348732,0.20580770075321198,0.11533147096633911,0.1314011514186859,0.5,0.00010416666918899864,576.12548828125,1.1278835535049438,0.8130025267601013,45.72174835205078,52.029541015625,42.09602355957031,80.54407501220703,53.529396057128906,21645.748046875,47604.125,16750.765625,34502.66796875,0.20325063169002533,0.045480161905288696,0.019167371094226837,0.0089085903018713,0.4949544668197632,308.8069763183594,0.706067681312561,0.6769740002313926,4782.443359375,10.484187054551631,0.3492532968521118,0.006693094968795776,0.5553145336225597,0.7,0,0.5,6,1200
/home/iams/ramlab_ws/src/unitree_rl_mjlab/logs/rsl_rl/h1_2_velocity_a1_v2/2026-08-26_10-02-56_a1a_fullmirror_jacc1e-7_standing15_s42/model_10000.pt,td3,"['velocity', 'orientation', 'height']",8,42,0.13038475811481476,0.144608274102211,0.2460872083902359,0.1250755488872528,0.1442490965127945,0.5,0.0003645833348855376,543.7767944335938,1.1828670501708984,0.8413750529289246,50.61808776855469,59.35593795776367,45.14048767089844,87.89808654785156,56.48576354980469,23145.740234375,48348.734375,20353.759765625,38103.0234375,0.21034376323223114,0.05180102214217186,0.022289564833045006,0.010466265492141247,0.5172496438026428,345.1672058105469,0.6935286521911621,0.7543384010028826,5059.74560546875,11.057715113548825,0.38795098662376404,0.01548383105546236,0.5237851662404092,0.7,0,0.5,7,1200
/home/iams/ramlab_ws/src/unitree_rl_mjlab/logs/rsl_rl/h1_2_velocity_a1_v2/2026-08-26_10-02-56_a1a_fullmirror_jacc1e-7_standing15_s42/model_10000.pt,td3,"['velocity', 'orientation', 'height']",8,42,0.06069240719079971,0.06958531588315964,0.09526963531970978,0.05471013858914375,0.06893710047006607,0.56,0.0,600.5,0.8869017958641052,0.7794153094291687,36.47046661376953,50.7796630859375,25.894615173339844,101.14346313476562,32.27705764770508,22532.99609375,67313.5390625,15681.521484375,34856.88671875,0.19485382735729218,0.026539484038949013,0.008120324462652206,0.0039766025729477406,0.2806492745876312,184.915771484375,0.97900390625,0.5378567660947614,3697.737060546875,10.755452487028851,0.2450607270002365,0.000542057678103447,0.3932411674347158,0.4,4,0.5,0,1200
/home/iams/ramlab_ws/src/unitree_rl_mjlab/logs/rsl_rl/h1_2_velocity_a1_v2/2026-08-26_10-02-56_a1a_fullmirror_jacc1e-7_standing15_s42/model_10000.pt,td3,"['velocity', 'orientation', 'height']",8,42,0.06327768415212631,0.06948442757129669,0.09492867439985275,0.05697831138968468,0.06884615868330002,0.58,0.0,600.5,0.8728867173194885,0.7684359550476074,36.004737854003906,50.56386184692383,25.166954040527344,99.81672668457031,33.166751861572266,22080.30078125,66353.7734375,15678.5283203125,37104.03515625,0.19210898876190186,0.02280154637992382,0.007622577250003815,0.003507911693304777,0.2834976613521576,180.05810546875,0.9704036712646484,0.53079843245269,3648.833740234375,10.756501317687936,0.24237143993377686,0.000458891416201368,0.3938966534171048,0.4,4,0.5,1,1200
/home/iams/ramlab_ws/src/unitree_rl_mjlab/logs/rsl_rl/h1_2_velocity_a1_v2/2026-08-26_10-02-56_a1a_fullmirror_jacc1e-7_standing15_s42/model_10000.pt,td3,"['velocity', 'orientation', 'height']",8,42,0.06184627488255501,0.06861159950494766,0.09055911004543304,0.05563079193234444,0.06793472915887833,0.56,0.0,600.5,0.877936601638794,0.7731374502182007,36.546546936035156,51.6038703918457,25.30608558654785,103.99337005615234,31.947072982788086,22363.556640625,66322.203125,16169.4228515625,36817.8828125,0.19328436255455017,0.024726582691073418,0.007691453211009502,0.00358750787563622,0.282065749168396,181.87496948242188,0.9748632907867432,0.5323021459060578,3658.3857421875,10.707172438066664,0.23976394534111023,0.0004789783852174878,0.3940482298614674,0.4,4,0.5,2,1200
/home/iams/ramlab_ws/src/unitree_rl_mjlab/logs/rsl_rl/h1_2_velocity_a1_v2/2026-08-26_10-02-56_a1a_fullmirror_jacc1e-7_standing15_s42/model_10000.pt,td3,"['velocity', 'orientation', 'height']",8,42,0.06273423880338669,0.06897194683551788,0.09242846816778183,0.056478869169950485,0.06832876056432724,0.58,0.0,600.5,0.8764408230781555,0.7716967463493347,36.150978088378906,50.534034729003906,25.47756576538086,97.68187713623047,33.1567268371582,22227.3671875,65503.61328125,15539.7265625,35831.08203125,0.19292418658733368,0.02336372807621956,0.008017759770154953,0.003586065024137497,0.2839449942111969,181.49082946777344,0.9735546708106995,0.5341652032848698,3678.99365234375,10.828042503726188,0.24165400862693787,0.0005410714074969292,0.39384615384615385,0.4,4,0.5,3,1200
/home/iams/ramlab_ws/src/unitree_rl_mjlab/logs/rsl_rl/h1_2_velocity_a1_v2/2026-08-26_10-02-56_a1a_fullmirror_jacc1e-7_standing15_s42/model_10000.pt,td3,"['velocity', 'orientation', 'height']",8,42,0.061534278094768524,0.06952422112226486,0.095846027135849,0.055454183369874954,0.0688336119055748,0.56,0.0,600.5,0.8808562159538269,0.7730699181556702,36.72250747680664,51.50031280517578,25.744796752929688,108.44232177734375,32.95825958251953,22398.69140625,66928.34375,16198.87109375,35763.1796875,0.19326747953891754,0.025615232065320015,0.007929516024887562,0.00379397114738822,0.28368720412254333,182.63082885742188,0.9757161736488342,0.5327263327136477,3660.921630859375,10.678751475841363,0.24319109320640564,0.0005666927900165319,0.3940482298614674,0.4,4,0.5,4,1200
/home/iams/ramlab_ws/src/unitree_rl_mjlab/logs/rsl_rl/h1_2_velocity_a1_v2/2026-08-26_10-02-56_a1a_fullmirror_jacc1e-7_standing15_s42/model_10000.pt,td3,"['velocity', 'orientation', 'height']",8,42,0.06257832050323486,0.06905946880578995,0.08840259164571762,0.05638127774000168,0.06843294203281403,0.58,0.0,600.5,0.8782768845558167,0.774444580078125,36.08681106567383,51.00141906738281,24.943605422973633,104.61311340332031,32.008392333984375,22182.609375,65898.4921875,15791.037109375,37276.74609375,0.19361114501953125,0.024143751710653305,0.00766369653865695,0.0036324691027402878,0.28223469853401184,181.24111938476562,0.9742903709411621,0.5323342630087347,3678.837890625,10.805336615601309,0.23937462270259857,0.0004897273029200733,0.39374519354011794,0.4,4,0.5,5,1200
/home/iams/ramlab_ws/src/unitree_rl_mjlab/logs/rsl_rl/h1_2_velocity_a1_v2/2026-08-26_10-02-56_a1a_fullmirror_jacc1e-7_standing15_s42/model_10000.pt,td3,"['velocity', 'orientation', 'height']",8,42,0.06304983049631119,0.06926262378692627,0.09120333939790726,0.05686606839299202,0.06860557198524475,0.58,0.0,600.5,0.8795874714851379,0.7752566337585449,35.762107849121094,49.99825668334961,25.16932487487793,94.85064697265625,32.47745895385742,22326.56640625,64150.8671875,15214.2666015625,35776.15234375,0.19381415843963623,0.025247685611248016,0.008206451311707497,0.003908991813659668,0.2823184132575989,183.01939392089844,0.9765560030937195,0.5386389850114218,3690.924560546875,10.862649557813297,0.23975367844104767,0.0005727040115743876,0.3941999230078275,0.4,4,0.5,6,1200
/home/iams/ramlab_ws/src/unitree_rl_mjlab/logs/rsl_rl/h1_2_velocity_a1_v2/2026-08-26_10-02-56_a1a_fullmirror_jacc1e-7_standing15_s42/model_10000.pt,td3,"['velocity', 'orientation', 'height']",8,42,0.061586372554302216,0.0686492994427681,0.09749319404363632,0.05552889034152031,0.06792379170656204,0.56,0.0,600.5,0.8870051503181458,0.779315710067749,36.986907958984375,51.96792984008789,25.872467041015625,114.16637420654297,32.473785400390625,22216.482421875,66475.734375,16375.90625,36870.82421875,0.19482892751693726,0.027156978845596313,0.008063730783760548,0.004102480597794056,0.2846430540084839,185.32107543945312,0.9777538776397705,0.5386528630262747,3705.757080078125,10.771123686096086,0.24577997624874115,0.0006708705332130194,0.39369473279507883,0.4,4,0.5,7,1200
/home/iams/ramlab_ws/src/unitree_rl_mjlab/logs/rsl_rl/h1_2_velocity_a1_v2/2026-08-26_10-02-56_a1a_fullmirror_jacc1e-7_standing15_s42/model_10000.pt,td3,"['velocity', 'orientation', 'height']",8,42,0.06276948004961014,0.07637029141187668,0.09832020848989487,0.05674628168344498,0.0756995752453804,0.6,0.0,600.5,0.8596714735031128,0.7419185042381287,35.0262565612793,47.99105453491211,25.5247802734375,102.55036926269531,32.08292007446289,21454.029296875,64525.13671875,14843.76953125,35314.8203125,0.18547962605953217,0.025751624256372452,0.00874390359967947,0.0036764286924153566,0.28198403120040894,183.63645935058594,0.9577213525772095,0.5225504572989306,3868.111572265625,11.006983871068911,0.23423708975315094,0.0007410127436742187,0.4439306358381503,0.45,4,0.5,0,1200
/home/iams/ramlab_ws/src/unitree_rl_mjlab/logs/rsl_rl/h1_2_velocity_a1_v2/2026-08-26_10-02-56_a1a_fullmirror_jacc1e-7_standing15_s42/model_10000.pt,td3,"['velocity', 'orientation', 'height']",8,42,0.06469913572072983,0.07714321464300156,0.10368681699037552,0.05863591656088829,0.07646362483501434,0.6,0.0,600.5,0.8609589338302612,0.7447783946990967,33.60401153564453,45.176414489746094,25.201175689697266,93.37079620361328,32.50421905517578,21107.451171875,62856.875,13194.6748046875,31611.58203125,0.18619459867477417,0.025477556511759758,0.008559825830161572,0.0037036144640296698,0.2839960753917694,183.93382263183594,0.9613997340202332,0.5228458987520888,3894.135009765625,11.069375670296877,0.2373167872428894,0.0010885846568271518,0.4441873915558126,0.45,4,0.5,1,1200
/home/iams/ramlab_ws/src/unitree_rl_mjlab/logs/rsl_rl/h1_2_velocity_a1_v2/2026-08-26_10-02-56_a1a_fullmirror_jacc1e-7_standing15_s42/model_10000.pt,td3,"['velocity', 'orientation', 'height']",8,42,0.06238234043121338,0.07746321707963943,0.09974795579910278,0.056480783969163895,0.07664848119020462,0.6,0.0,600.5,0.8661771416664124,0.7465302348136902,34.167236328125,45.72705841064453,25.798999786376953,93.3217544555664,31.95271110534668,21259.52734375,61613.8671875,13482.2763671875,32248.36328125,0.18663255870342255,0.026636017486453056,0.008572044782340527,0.003866403130814433,0.28267771005630493,185.7397003173828,0.9595507979393005,0.5228791350978365,3892.072509765625,10.956643632734549,0.23886212706565857,0.000963477126788348,0.4438664932813177,0.45,4,0.5,2,1200
/home/iams/ramlab_ws/src/unitree_rl_mjlab/logs/rsl_rl/h1_2_velocity_a1_v2/2026-08-26_10-02-56_a1a_fullmirror_jacc1e-7_standing15_s42/model_10000.pt,td3,"['velocity', 'orientation', 'height']",8,42,0.060784053057432175,0.07736115157604218,0.09774232655763626,0.05493997409939766,0.07659871876239777,0.6,0.0,600.5,0.8644854426383972,0.7438328266143799,34.590843200683594,46.592674255371094,25.850074768066406,97.22071838378906,32.87366485595703,21429.28515625,62822.94921875,13974.615234375,33405.4921875,0.18595820665359497,0.02794540487229824,0.008098440244793892,0.003852074034512043,0.2800222933292389,184.36297607421875,0.9595963358879089,0.5153923664963075,3836.94091796875,10.72628505307946,0.2432846873998642,0.0008557321270927787,0.44348202685145083,0.45,4,0.5,3,1200
/home/iams/ramlab_ws/src/unitree_rl_mjlab/logs/rsl_rl/h1_2_velocity_a1_v2/2026-08-26_10-02-56_a1a_fullmirror_jacc1e-7_standing15_s42/model_10000.pt,td3,"['velocity', 'orientation', 'height']",8,42,0.0638895034790039,0.0771092027425766,0.09881386160850525,0.057791829109191895,0.076380155980587,0.6,0.0,600.5,0.8567273020744324,0.7382310032844543,33.3424072265625,44.336219787597656,25.425647735595703,87.89669799804688,31.61363410949707,20957.67578125,60393.625,12691.29296875,31091.615234375,0.1845577508211136,0.023265577852725983,0.008583775721490383,0.003381996648386121,0.2847045958042145,182.51206970214844,0.9599218964576721,0.5218312405756611,3863.100341796875,11.045223049513952,0.23653149604797363,0.0007001797785051167,0.4444444444444444,0.45,4,0.5,4,1200
/home/iams/ramlab_ws/src/unitree_rl_mjlab/logs/rsl_rl/h1_2_velocity_a1_v2/2026-08-26_10-02-56_a1a_fullmirror_jacc1e-7_standing15_s42/model_10000.pt,td3,"['velocity', 'orientation', 'height']",8,42,0.06294369697570801,0.07722648978233337,0.10020339488983154,0.057025011628866196,0.0764690637588501,0.6,0.0,600.5,0.863113284111023,0.7439588308334351,33.9219970703125,45.41817855834961,25.5777530670166,95.67913818359375,32.16844940185547,21262.36328125,63412.01171875,13331.708984375,31969.33984375,0.18598970770835876,0.027045078575611115,0.008334456942975521,0.0037875580601394176,0.28135716915130615,183.657470703125,0.9604427218437195,0.5170063169144766,3847.30322265625,10.830380485633123,0.24143236875534058,0.0009278293582610786,0.4440589765828274,0.45,4,0.5,5,1200
/home/iams/ramlab_ws/src/unitree_rl_mjlab/logs/rsl_rl/h1_2_velocity_a1_v2/2026-08-26_10-02-56_a1a_fullmirror_jacc1e-7_standing15_s42/model_10000.pt,td3,"['velocity', 'orientation', 'height']",8,42,0.06303511559963226,0.07804249972105026,0.10092771053314209,0.057151202112436295,0.07723298668861389,0.6,0.0,600.5,0.8677301406860352,0.7453837394714355,35.083255767822266,47.51414489746094,26.011823654174805,99.15840148925781,32.92266845703125,21372.052734375,60016.49609375,14418.80859375,33763.17578125,0.1863459348678589,0.028278738260269165,0.008240515366196632,0.0039853244088590145,0.2839966118335724,186.42529296875,0.9588932394981384,0.5230669497548397,3856.796630859375,10.821293981401588,0.24203293025493622,0.0010697334073483944,0.44335401933901,0.45,4,0.5,6,1200
/home/iams/ramlab_ws/src/unitree_rl_mjlab/logs/rsl_rl/h1_2_velocity_a1_v2/2026-08-26_10-02-56_a1a_fullmirror_jacc1e-7_standing15_s42/model_10000.pt,td3,"['velocity', 'orientation', 'height']",8,42,0.06309665739536285,0.07676676660776138,0.09743086248636246,0.05710296705365181,0.07607755810022354,0.6,0.0,600.5,0.8610662817955017,0.7449723482131958,33.787235260009766,45.594764709472656,25.183319091796875,94.25980377197266,32.280845642089844,21271.375,62569.37109375,13417.189453125,31891.787109375,0.18624308705329895,0.026014458388090134,0.008647264912724495,0.0036557738203555346,0.28064945340156555,183.50845336914062,0.9603710770606995,0.5205886133624503,3875.1533203125,10.993285087009234,0.23601233959197998,0.0008467541774734855,0.4441231747867573,0.45,4,0.5,7,1200
/home/iams/ramlab_ws/src/unitree_rl_mjlab/logs/rsl_rl/h1_2_velocity_a1_v2/2026-08-26_10-02-56_a1a_fullmirror_jacc1e-7_standing15_s42/model_10000.pt,td3,"['velocity', 'orientation', 'height']",8,42,0.0651545450091362,0.08026060461997986,0.09323760122060776,0.05970971658825874,0.07924038171768188,0.46,0.0,600.5,0.8921730518341064,0.7487229108810425,34.71062469482422,45.61941146850586,26.9084529876709,95.31653594970703,34.183494567871094,21443.810546875,65744.2421875,13943.076171875,35346.8828125,0.18718072772026062,0.0299276951700449,0.009446270763874054,0.004147143568843603,0.2964152991771698,193.38551330566406,0.9331445097923279,0.5130125649061613,4018.6171875,10.660575341159555,0.23750510811805725,0.0016187747241929173,0.4835510782307571,0.5,4,0.5,0,1200
/home/iams/ramlab_ws/src/unitree_rl_mjlab/logs/rsl_rl/h1_2_velocity_a1_v2/2026-08-26_10-02-56_a1a_fullmirror_jacc1e-7_standing15_s42/model_10000.pt,td3,"['velocity', 'orientation', 'height']",8,42,0.06468567997217178,0.08172519505023956,0.09683167189359665,0.05908085033297539,0.08070608228445053,0.46,0.0,600.5,0.8839623332023621,0.7437238693237305,33.1379508972168,42.54266357421875,26.553672790527344,85.32391357421875,33.98374557495117,20984.6640625,64410.328125,12227.751953125,30485.962890625,0.18593096733093262,0.028492113575339317,0.009725204668939114,0.003963467199355364,0.29502981901168823,190.87522888183594,0.9344596266746521,0.5134958641797551,4024.280029296875,10.826189161998498,0.23659709095954895,0.0013814057456329465,0.48676913325938836,0.5,4,0.5,1,1200
/home/iams/ramlab_ws/src/unitree_rl_mjlab/logs/rsl_rl/h1_2_velocity_a1_v2/2026-08-26_10-02-56_a1a_fullmirror_jacc1e-7_standing15_s42/model_10000.pt,td3,"['velocity', 'orientation', 'height']",8,42,0.06698156893253326,0.08160333335399628,0.09935914725065231,0.0613810196518898,0.08055783063173294,0.64,0.0,600.5,0.8863378763198853,0.7399681806564331,34.16211700439453,44.08512496948242,27.213132858276367,93.83016967773438,34.40813064575195,21078.248046875,62959.953125,13170.9169921875,33134.23828125,0.18499204516410828,0.027563486248254776,0.00971272774040699,0.0039993515238165855,0.30161184072494507,192.2461395263672,0.9347851276397705,0.5178639312543893,4042.97412109375,10.890781342487891,0.23339858651161194,0.0018133370904251933,0.48599905078310396,0.5,4,0.5,2,1200
/home/iams/ramlab_ws/src/unitree_rl_mjlab/logs/rsl_rl/h1_2_velocity_a1_v2/2026-08-26_10-02-56_a1a_fullmirror_jacc1e-7_standing15_s42/model_10000.pt,td3,"['velocity', 'orientation', 'height']",8,42,0.06456255912780762,0.08172908425331116,0.0962890014052391,0.05891818180680275,0.08069965988397598,0.62,0.0,600.5,0.8782855868339539,0.7343100309371948,33.83041763305664,43.6911735534668,26.890222549438477,93.36660766601562,34.083675384521484,20885.935546875,63671.2890625,13028.3134765625,35074.203125,0.1835775077342987,0.029085032641887665,0.009545356035232544,0.004002922214567661,0.2942773103713989,189.8783721923828,0.9350976347923279,0.5122192400790233,4000.439697265625,10.791658006917864,0.23442232608795166,0.0013440196635201573,0.4835510782307571,0.5,4,0.5,3,1200
/home/iams/ramlab_ws/src/unitree_rl_mjlab/logs/rsl_rl/h1_2_velocity_a1_v2/2026-08-26_10-02-56_a1a_fullmirror_jacc1e-7_standing15_s42/model_10000.pt,td3,"['velocity', 'orientation', 'height']",8,42,0.06409040838479996,0.08133362978696823,0.09660570323467255,0.058455485850572586,0.08029614388942719,0.62,0.0,600.5,0.8755288124084473,0.7359600067138672,33.347957611083984,43.3400993347168,26.284528732299805,89.66352844238281,33.288917541503906,21016.7421875,64664.14453125,12824.548828125,33718.578125,0.1839900016784668,0.02837257646024227,0.00974825769662857,0.003931316547095776,0.29324713349342346,189.8608856201172,0.9350520968437195,0.5120015074994919,4010.435302734375,10.815018143683794,0.23339977860450745,0.0013714777305722237,0.4876190476190476,0.5,4,0.5,4,1200
/home/iams/ramlab_ws/src/unitree_rl_mjlab/logs/rsl_rl/h1_2_velocity_a1_v2/2026-08-26_10-02-56_a1a_fullmirror_jacc1e-7_standing15_s42/model_10000.pt,td3,"['velocity', 'orientation', 'height']",8,42,0.06594870239496231,0.08129500597715378,0.09290749579668045,0.060543809086084366,0.08021625876426697,0.46,0.0,600.5,0.8916001319885254,0.7492828965187073,33.58035659790039,43.223026275634766,26.798301696777344,89.28695678710938,33.91202163696289,21265.328125,62904.7265625,12643.58203125,30921.23828125,0.18732072412967682,0.029552500694990158,0.009667789563536644,0.0040943375788629055,0.2972249388694763,192.76773071289062,0.9333593845367432,0.511930848538438,4032.23291015625,10.70834949365283,0.2388189733028412,0.0017093070782721043,0.4863067911983536,0.5,4,0.5,5,1200
/home/iams/ramlab_ws/src/unitree_rl_mjlab/logs/rsl_rl/h1_2_velocity_a1_v2/2026-08-26_10-02-56_a1a_fullmirror_jacc1e-7_standing15_s42/model_10000.pt,td3,"['velocity', 'orientation', 'height']",8,42,0.06556171178817749,0.08143369108438492,0.09285518527030945,0.0599406473338604,0.08043211698532104,0.62,0.0,600.5,0.8889978528022766,0.7451443076133728,34.15973663330078,44.488380432128906,26.807863235473633,90.80582427978516,34.558353424072266,21406.693359375,64696.79296875,13324.03125,33284.2265625,0.1862860769033432,0.029575828462839127,0.009258013218641281,0.004051778931170702,0.2985386848449707,192.68441772460938,0.9358984231948853,0.5136540764415951,4003.8349609375,10.673339651653507,0.24096399545669556,0.001626039738766849,0.48777389647507147,0.5,4,0.5,6,1200
/home/iams/ramlab_ws/src/unitree_rl_mjlab/logs/rsl_rl/h1_2_velocity_a1_v2/2026-08-26_10-02-56_a1a_fullmirror_jacc1e-7_standing15_s42/model_10000.pt,td3,"['velocity', 'orientation', 'height']",8,42,0.0652235820889473,0.08130136132240295,0.09769857674837112,0.05958506092429161,0.08029003441333771,0.64,0.0,600.5,0.8804148435592651,0.7384403944015503,32.99228286743164,42.179351806640625,26.59636116027832,84.48357391357422,33.11906814575195,20815.705078125,62836.8046875,11977.111328125,29678.60546875,0.18461009860038757,0.027359962463378906,0.009359325282275677,0.003758943174034357,0.2970072329044342,189.35946655273438,0.9345898628234863,0.5104439445265994,4010.947998046875,10.81204980342951,0.23479072749614716,0.0014642260503023863,0.48831664282308057,0.5,4,0.5,7,1200
/home/iams/ramlab_ws/src/unitree_rl_mjlab/logs/rsl_rl/h1_2_velocity_a1_v2/2026-08-26_10-02-56_a1a_fullmirror_jacc1e-7_standing15_s42/model_10000.pt,td3,"['velocity', 'orientation', 'height']",8,42,0.07882563769817352,0.08474329859018326,0.10405144095420837,0.07463186979293823,0.08328975737094879,0.48,0.0,600.5,0.9403248429298401,0.7624211311340332,33.93132781982422,41.23948669433594,29.043909072875977,79.31887817382812,37.6203498840332,21710.052734375,60585.640625,11740.232421875,32175.298828125,0.1906052827835083,0.031910572201013565,0.011210118420422077,0.004820204805582762,0.3318164348602295,206.97975158691406,0.8785221576690674,0.5185249188203653,4177.46875,10.465379083859531,0.2424657940864563,0.002709980122745037,0.5278350515463918,0.55,4,0.5,0,1200
/home/iams/ramlab_ws/src/unitree_rl_mjlab/logs/rsl_rl/h1_2_velocity_a1_v2/2026-08-26_10-02-56_a1a_fullmirror_jacc1e-7_standing15_s42/model_10000.pt,td3,"['velocity', 'orientation', 'height']",8,42,0.0813789963722229,0.08384214341640472,0.10734874755144119,0.07744914293289185,0.08237575739622116,0.46,0.0,600.5,0.9566446542739868,0.7737716436386108,34.584808349609375,42.02790832519531,29.593833923339844,82.96478271484375,38.953800201416016,22347.88671875,60289.73828125,12005.27734375,31380.001953125,0.1934429109096527,0.03170191869139671,0.010749070905148983,0.004722620360553265,0.33755531907081604,210.06272888183594,0.8775325417518616,0.5191555425115846,4176.01513671875,10.32073237619093,0.25195547938346863,0.00277856201864779,0.5283797729618163,0.55,4,0.5,1,1200
/home/iams/ramlab_ws/src/unitree_rl_mjlab/logs/rsl_rl/h1_2_velocity_a1_v2/2026-08-26_10-02-56_a1a_fullmirror_jacc1e-7_standing15_s42/model_10000.pt,td3,"['velocity', 'orientation', 'height']",8,42,0.07352432608604431,0.08569630235433578,0.10583318769931793,0.06903403997421265,0.08418245613574982,0.48,0.0,600.5,0.9367284774780273,0.7559264302253723,34.616397857666016,42.51268768310547,29.314847946166992,83.16687774658203,37.981685638427734,21866.53125,60183.734375,12580.5087890625,32313.333984375,0.18898160755634308,0.028692839667201042,0.011051569133996964,0.004128980450332165,0.33279162645339966,203.9180145263672,0.8802213668823242,0.5183597279684712,4158.095703125,10.56988195566761,0.23610319197177887,0.002190592233091593,0.5257573164470306,0.55,4,0.5,2,1200
/home/iams/ramlab_ws/src/unitree_rl_mjlab/logs/rsl_rl/h1_2_velocity_a1_v2/2026-08-26_10-02-56_a1a_fullmirror_jacc1e-7_standing15_s42/model_10000.pt,td3,"['velocity', 'orientation', 'height']",8,42,0.07648398727178574,0.08513423800468445,0.10992960631847382,0.0718332976102829,0.08363344520330429,0.48,0.0,600.5,0.9301266074180603,0.7510273456573486,34.3951416015625,42.298709869384766,29.066139221191406,81.6603012084961,37.681095123291016,21652.484375,59081.64453125,12495.08203125,30450.517578125,0.18775683641433716,0.02868325263261795,0.010988317430019379,0.004298151936382055,0.3325331509113312,203.73109436035156,0.8801367282867432,0.518729656637358,4166.271484375,10.607946037044812,0.23792129755020142,0.0028808298520743847,0.5322245322245323,0.55,4,0.5,3,1200
/home/iams/ramlab_ws/src/unitree_rl_mjlab/logs/rsl_rl/h1_2_velocity_a1_v2/2026-08-26_10-02-56_a1a_fullmirror_jacc1e-7_standing15_s42/model_10000.pt,td3,"['velocity', 'orientation', 'height']",8,42,0.07357798516750336,0.08535479009151459,0.10280319303274155,0.0691734105348587,0.08388035744428635,0.48,0.0,600.5,0.9412042498588562,0.7610060572624207,34.80278396606445,42.91853332519531,29.306489944458008,85.98734283447266,38.179622650146484,21940.44140625,60707.9453125,12751.8076171875,32542.20703125,0.19025151431560516,0.030560681596398354,0.01126998383551836,0.0044288914650678635,0.3350498080253601,205.48861694335938,0.879479169845581,0.51899033566323,4162.05078125,10.511843035607058,0.237355574965477,0.0019194823689758778,0.5287435456110154,0.55,4,0.5,4,1200
/home/iams/ramlab_ws/src/unitree_rl_mjlab/logs/rsl_rl/h1_2_velocity_a1_v2/2026-08-26_10-02-56_a1a_fullmirror_jacc1e-7_standing15_s42/model_10000.pt,td3,"['velocity', 'orientation', 'height']",8,42,0.07414434105157852,0.08409956842660904,0.10582330077886581,0.06968552619218826,0.08262757956981659,0.48,0.0,600.5,0.9396803379058838,0.7606493830680847,33.832645416259766,41.05461120605469,29.047290802001953,79.3504867553711,38.262508392333984,21848.55859375,59192.57421875,11693.564453125,30184.623046875,0.19016234576702118,0.029655901715159416,0.011103876866400242,0.004291205201297998,0.3328651785850525,204.73643493652344,0.8778254985809326,0.5177752503736178,4175.18017578125,10.558966762358406,0.24049654603004456,0.002161219483241439,0.5302036589575423,0.55,4,0.5,5,1200
/home/iams/ramlab_ws/src/unitree_rl_mjlab/logs/rsl_rl/h1_2_velocity_a1_v2/2026-08-26_10-02-56_a1a_fullmirror_jacc1e-7_standing15_s42/model_10000.pt,td3,"['velocity', 'orientation', 'height']",8,42,0.0772007405757904,0.08341249823570251,0.1073538213968277,0.07293820381164551,0.08198171854019165,0.48,0.0,600.5,0.9431661367416382,0.7632957100868225,34.709415435791016,42.645782470703125,29.340810775756836,83.54212951660156,38.60306930541992,22004.443359375,59773.12890625,12581.251953125,32986.0703125,0.19082392752170563,0.03056739829480648,0.010851409286260605,0.004557667300105095,0.33483025431632996,206.56419372558594,0.8793163895606995,0.5185707097451168,4165.8984375,10.458311973682799,0.24560953676700592,0.002456573536619544,0.5260273972602739,0.55,4,0.5,6,1200
/home/iams/ramlab_ws/src/unitree_rl_mjlab/logs/rsl_rl/h1_2_velocity_a1_v2/2026-08-26_10-02-56_a1a_fullmirror_jacc1e-7_standing15_s42/model_10000.pt,td3,"['velocity', 'orientation', 'height']",8,42,0.07905767112970352,0.08498692512512207,0.10658201575279236,0.07487906515598297,0.08352626860141754,0.48,0.0,600.5,0.9513072967529297,0.7676247954368591,35.190364837646484,43.17399215698242,29.79489517211914,85.06749725341797,39.036827087402344,22241.404296875,59281.953125,12777.4833984375,32762.576171875,0.19190619885921478,0.0321706086397171,0.010950314812362194,0.0047246660105884075,0.33888450264930725,208.52247619628906,0.8789648413658142,0.5207001786760022,4166.1552734375,10.403279612252499,0.24633732438087463,0.0027815094217658043,0.5263879369431117,0.55,4,0.5,7,1200
/home/iams/ramlab_ws/src/unitree_rl_mjlab/logs/rsl_rl/h1_2_velocity_a1_v2/2026-08-26_10-02-56_a1a_fullmirror_jacc1e-7_standing15_s42/model_10000.pt,td3,"['velocity', 'orientation', 'height']",8,42,0.09307730942964554,0.09012508392333984,0.1406061053276062,0.08953551948070526,0.08953917771577835,0.48,1.302083364862483e-05,597.9880981445312,1.0097399950027466,0.7816508412361145,37.6994743347168,44.77580642700195,33.12099075317383,79.33214569091797,44.701087951660156,21975.716796875,54631.99609375,13785.3857421875,33060.3046875,0.19541271030902863,0.03369378298521042,0.014154067263007164,0.005681272130459547,0.3863336741924286,234.57875061035156,0.8172460794448853,0.55956921600392,4437.82763671875,10.586089283348777,0.2571268677711487,0.00488346628844738,0.5441984056687333,0.6,4,0.5,0,1200
/home/iams/ramlab_ws/src/unitree_rl_mjlab/logs/rsl_rl/h1_2_velocity_a1_v2/2026-08-26_10-02-56_a1a_fullmirror_jacc1e-7_standing15_s42/model_10000.pt,td3,"['velocity', 'orientation', 'height']",8,42,0.09078530222177505,0.08941686898469925,0.14987218379974365,0.08689142018556595,0.08857262879610062,0.5,7.812499825377017e-05,587.1799926757812,1.018460750579834,0.7862427830696106,38.356719970703125,45.8392448425293,33.459739685058594,80.64898681640625,44.56003952026367,22338.50390625,55467.2890625,14453.1162109375,33530.0625,0.19656069576740265,0.033795472234487534,0.01447969302535057,0.00573838921263814,0.38881972432136536,237.98887634277344,0.8190169334411621,0.5716810630376737,4449.34814453125,10.687929053918245,0.2634035646915436,0.005266136955469847,0.5443912812333865,0.6,4,0.5,1,1200
/home/iams/ramlab_ws/src/unitree_rl_mjlab/logs/rsl_rl/h1_2_velocity_a1_v2/2026-08-26_10-02-56_a1a_fullmirror_jacc1e-7_standing15_s42/model_10000.pt,td3,"['velocity', 'orientation', 'height']",8,42,0.09168262779712677,0.08643399178981781,0.12708112597465515,0.08773023635149002,0.08519691228866577,0.48,0.0,600.5,0.9975082874298096,0.7766402959823608,36.07640075683594,42.09878158569336,32.30739212036133,78.29792785644531,44.553123474121094,21803.84765625,54930.40234375,12474.66015625,32749.15234375,0.1941600739955902,0.032134223729372025,0.012923181988298893,0.005349318962544203,0.37599852681159973,222.51617431640625,0.8262109160423279,0.5310630019518379,4312.88232421875,10.293240855605804,0.25071167945861816,0.0032020139042288065,0.5480820695807315,0.6,4,0.5,2,1200
/home/iams/ramlab_ws/src/unitree_rl_mjlab/logs/rsl_rl/h1_2_velocity_a1_v2/2026-08-26_10-02-56_a1a_fullmirror_jacc1e-7_standing15_s42/model_10000.pt,td3,"['velocity', 'orientation', 'height']",8,42,0.09205908328294754,0.08721461147069931,0.12723411619663239,0.08818889409303665,0.08604873716831207,0.48,0.0,600.5,0.9945735335350037,0.7747169137001038,36.029109954833984,42.18568420410156,32.12704086303711,77.1323471069336,43.513038635253906,21623.029296875,55986.140625,12565.111328125,33674.7734375,0.19367922842502594,0.03435298427939415,0.013093387708067894,0.005549904424697161,0.37542882561683655,222.66622924804688,0.8269922137260437,0.5317404629103145,4323.5048828125,10.324793468622865,0.25402408838272095,0.003721191780641675,0.5525179856115108,0.6,4,0.5,3,1200
/home/iams/ramlab_ws/src/unitree_rl_mjlab/logs/rsl_rl/h1_2_velocity_a1_v2/2026-08-26_10-02-56_a1a_fullmirror_jacc1e-7_standing15_s42/model_10000.pt,td3,"['velocity', 'orientation', 'height']",8,42,0.10654259473085403,0.09152290225028992,0.15872594714164734,0.10413220524787903,0.09062263369560242,0.48,0.00010416666918899864,581.047607421875,1.0554866790771484,0.8101585507392883,40.14742660522461,47.99490737915039,34.960262298583984,81.95649719238281,46.15684127807617,23106.298828125,57149.3046875,15177.6298828125,34039.23046875,0.20253963768482208,0.03803328424692154,0.014628255739808083,0.006606533192098141,0.40467551350593567,253.18603515625,0.8097200393676758,0.5854483294246411,4530.1611328125,10.475201654278402,0.2830117344856262,0.0077596390619874,0.5349120668640084,0.6,4,0.5,4,1200
/home/iams/ramlab_ws/src/unitree_rl_mjlab/logs/rsl_rl/h1_2_velocity_a1_v2/2026-08-26_10-02-56_a1a_fullmirror_jacc1e-7_standing15_s42/model_10000.pt,td3,"['velocity', 'orientation', 'height']",8,42,0.09949329495429993,0.0872570350766182,0.13157068192958832,0.0961880311369896,0.08613436669111252,0.48,0.0,600.5,1.019848346710205,0.7929466366767883,36.29975891113281,41.69676208496094,33.03839111328125,78.08329772949219,44.88143539428711,22068.552734375,56326.125,11923.7197265625,32275.701171875,0.19823665916919708,0.03473097085952759,0.013373414985835552,0.005969006102532148,0.3865363597869873,230.110107421875,0.8213866949081421,0.5390727648764734,4390.677734375,10.285922522280776,0.26006561517715454,0.003867248073220253,0.5529157667386609,0.6,4,0.5,5,1200
/home/iams/ramlab_ws/src/unitree_rl_mjlab/logs/rsl_rl/h1_2_velocity_a1_v2/2026-08-26_10-02-56_a1a_fullmirror_jacc1e-7_standing15_s42/model_10000.pt,td3,"['velocity', 'orientation', 'height']",8,42,0.09720149636268616,0.08820503205060959,0.13575653731822968,0.09328146278858185,0.08669007569551468,0.48,2.604166729724966e-05,595.0089721679688,1.0127209424972534,0.7852612733840942,37.338443756103516,44.126834869384766,32.93941116333008,80.15364837646484,44.96096420288086,22141.6484375,56789.85546875,13452.5107421875,33859.17578125,0.19631531834602356,0.0343858040869236,0.013568961061537266,0.005930606741458178,0.3850953280925751,230.8326873779297,0.8233203291893005,0.5450413530486365,4363.58203125,10.303276368731657,0.2589437663555145,0.004207076504826546,0.5560180995475114,0.6,4,0.5,6,1200
/home/iams/ramlab_ws/src/unitree_rl_mjlab/logs/rsl_rl/h1_2_velocity_a1_v2/2026-08-26_10-02-56_a1a_fullmirror_jacc1e-7_standing15_s42/model_10000.pt,td3,"['velocity', 'orientation', 'height']",8,42,0.09764319658279419,0.08859577775001526,0.13727352023124695,0.09387939423322678,0.08647803962230682,0.48,1.302083364862483e-05,597.1505737304688,1.0108751058578491,0.7838956117630005,37.59843063354492,44.845272064208984,32.83472442626953,81.56951141357422,44.69422912597656,21991.421875,56216.8125,13859.2197265625,32960.62109375,0.19597390294075012,0.03585851565003395,0.013192033395171165,0.005951115395873785,0.3824629783630371,230.99908447265625,0.8214127421379089,0.5433836262860989,4361.572265625,10.259810332684806,0.2632826864719391,0.004123816266655922,0.5515260323159784,0.6,4,0.5,7,1200
/home/iams/ramlab_ws/src/unitree_rl_mjlab/logs/rsl_rl/h1_2_velocity_a1_v2/2026-08-26_10-02-56_a1a_fullmirror_jacc1e-7_standing15_s42/model_10000.pt,td3,"['velocity', 'orientation', 'height']",8,42,0.11184343695640564,0.10700294375419617,0.21225771307945251,0.10854172706604004,0.10883764922618866,0.5,0.00023437499476131052,568.6976928710938,1.1034610271453857,0.8061346411705017,44.91809844970703,53.364227294921875,39.472877502441406,87.74662017822266,51.72450637817383,22759.86328125,51257.80859375,18179.013671875,38195.1171875,0.20153366029262543,0.04070129245519638,0.019672127440571785,0.00803716853260994,0.4634093642234802,291.8326721191406,0.7683138251304626,0.6645387677430082,4924.69873046875,11.214141707053939,0.31415003538131714,0.012185733765363693,0.5359385903698535,0.65,4,0.5,0,1200
/home/iams/ramlab_ws/src/unitree_rl_mjlab/logs/rsl_rl/h1_2_velocity_a1_v2/2026-08-26_10-02-56_a1a_fullmirror_jacc1e-7_standing15_s42/model_10000.pt,td3,"['velocity', 'orientation', 'height']",8,42,0.12628565728664398,0.10975190252065659,0.20574495196342468,0.12452972680330276,0.1119934469461441,0.5,0.0002213541738456115,565.2688598632812,1.1192134618759155,0.8193755149841309,44.20064926147461,50.90153503417969,40.1685905456543,82.64299011230469,52.10587692260742,22892.375,52040.98046875,16389.845703125,36175.72265625,0.20484387874603271,0.04321383312344551,0.019673796370625496,0.008908897638320923,0.4755598306655884,299.8674621582031,0.7611914277076721,0.6641506120202847,4986.3779296875,11.043898833683455,0.330039381980896,0.013725381344556808,0.5444877702942219,0.65,4,0.5,1,1200
/home/iams/ramlab_ws/src/unitree_rl_mjlab/logs/rsl_rl/h1_2_velocity_a1_v2/2026-08-26_10-02-56_a1a_fullmirror_jacc1e-7_standing15_s42/model_10000.pt,td3,"['velocity', 'orientation', 'height']",8,42,0.12581317126750946,0.10846924036741257,0.2019347995519638,0.12336936593055725,0.11125387251377106,0.5,0.00020833333837799728,566.2025756835938,1.1283897161483765,0.8274064660072327,44.221622467041016,50.59539794921875,40.47119903564453,82.81426239013672,52.368736267089844,22935.51953125,52506.95703125,16078.5283203125,35286.48828125,0.20685161650180817,0.042685236781835556,0.018855152651667595,0.008609346114099026,0.47493353486061096,302.36700439453125,0.7599153518676758,0.6682479807922839,4984.4892578125,11.015999318303267,0.3314824402332306,0.013614485040307045,0.5423728813559322,0.65,4,0.5,2,1200
/home/iams/ramlab_ws/src/unitree_rl_mjlab/logs/rsl_rl/h1_2_velocity_a1_v2/2026-08-26_10-02-56_a1a_fullmirror_jacc1e-7_standing15_s42/model_10000.pt,td3,"['velocity', 'orientation', 'height']",8,42,0.11771277338266373,0.10003320127725601,0.17077937722206116,0.11369755119085312,0.10060358047485352,0.5,6.510417006211355e-05,592.134521484375,1.0827395915985107,0.8000001907348633,41.032352447509766,46.05177688598633,38.306732177734375,77.10479736328125,50.60758590698242,21812.83203125,50866.1015625,14095.689453125,34970.3203125,0.20000004768371582,0.039094530045986176,0.017741747200489044,0.007840690203011036,0.4541323781013489,273.28106689453125,0.771679699420929,0.6144838546426881,4782.74755859375,10.754207101476487,0.30431339144706726,0.007894364185631275,0.5633596185585916,0.65,4,0.5,3,1200
/home/iams/ramlab_ws/src/unitree_rl_mjlab/logs/rsl_rl/h1_2_velocity_a1_v2/2026-08-26_10-02-56_a1a_fullmirror_jacc1e-7_standing15_s42/model_10000.pt,td3,"['velocity', 'orientation', 'height']",8,42,0.1235334500670433,0.10050255060195923,0.17167964577674866,0.12050653249025345,0.10121189057826996,0.5,2.604166729724966e-05,594.9586181640625,1.0902159214019775,0.80889892578125,40.72513198852539,45.309425354003906,38.31826400756836,73.93025207519531,50.61557388305664,22027.150390625,52418.30078125,13371.208984375,32479.810546875,0.2022247314453125,0.039199091494083405,0.017517507076263428,0.007763842586427927,0.4616553783416748,275.9990539550781,0.7683203220367432,0.6105446128527965,4805.802734375,10.631040976528547,0.30894535779953003,0.007083128672093153,0.5760360022501406,0.65,4,0.5,4,1200
/home/iams/ramlab_ws/src/unitree_rl_mjlab/logs/rsl_rl/h1_2_velocity_a1_v2/2026-08-26_10-02-56_a1a_fullmirror_jacc1e-7_standing15_s42/model_10000.pt,td3,"['velocity', 'orientation', 'height']",8,42,0.12361064553260803,0.09812487661838531,0.17706605792045593,0.12158448994159698,0.0987698957324028,0.5,6.510417006211355e-05,593.6268920898438,1.0964574813842773,0.8103834390640259,41.943756103515625,47.548282623291016,38.742916107177734,79.89561462402344,50.89305877685547,22260.8046875,51627.55859375,14705.1357421875,33371.98046875,0.20259585976600647,0.040198639035224915,0.01815890707075596,0.008020461536943913,0.4654705822467804,280.2842102050781,0.7673892974853516,0.6220027133565504,4837.89599609375,10.736188133132302,0.31110772490501404,0.009117944166064262,0.5615061231950284,0.65,4,0.5,5,1200
/home/iams/ramlab_ws/src/unitree_rl_mjlab/logs/rsl_rl/h1_2_velocity_a1_v2/2026-08-26_10-02-56_a1a_fullmirror_jacc1e-7_standing15_s42/model_10000.pt,td3,"['velocity', 'orientation', 'height']",8,42,0.11412090063095093,0.09835776686668396,0.16694046556949615,0.1098785400390625,0.09817205369472504,0.5,3.9062499126885086e-05,594.0144653320312,1.0744532346725464,0.7993629574775696,40.459842681884766,45.67452621459961,37.532859802246094,75.18363952636719,50.1390380859375,21805.94140625,51821.4609375,13902.27734375,33091.99609375,0.1998407393693924,0.03834322467446327,0.01735340617597103,0.007457646541297436,0.44875580072402954,269.52716064453125,0.7734114527702332,0.6085596337785887,4762.39892578125,10.75291926871272,0.29976218938827515,0.006390720140188932,0.5591554423006917,0.65,4,0.5,6,1200
/home/iams/ramlab_ws/src/unitree_rl_mjlab/logs/rsl_rl/h1_2_velocity_a1_v2/2026-08-26_10-02-56_a1a_fullmirror_jacc1e-7_standing15_s42/model_10000.pt,td3,"['velocity', 'orientation', 'height']",8,42,0.12048964202404022,0.10523726791143417,0.20537430047988892,0.11893384903669357,0.10679466277360916,0.5,0.0001822916674427688,560.639892578125,1.1000422239303589,0.8059430122375488,43.920406341552734,51.35717010498047,39.257179260253906,85.03140258789062,51.11669158935547,22362.0859375,50128.33984375,16768.23046875,36235.25,0.2014857530593872,0.04237985983490944,0.018582645803689957,0.008386190980672836,0.4607878625392914,290.8739929199219,0.7676823139190674,0.6512189383240844,4870.86328125,10.905060374118143,0.32074135541915894,0.016139889135956764,0.542756183745583,0.65,4,0.5,7,1200
/home/iams/ramlab_ws/src/unitree_rl_mjlab/logs/rsl_rl/h1_2_velocity_a1_v2/2026-08-26_10-02-56_a1a_fullmirror_jacc1e-7_standing15_s42/model_10000.pt,td3,"['velocity', 'orientation', 'height']",8,42,0.1353147178888321,0.12903589010238647,0.20603877305984497,0.1308882087469101,0.12852182984352112,0.5,0.00015624999650754035,577.1116943359375,1.1259703636169434,0.8000673651695251,45.26053237915039,50.192115783691406,42.714515686035156,77.9938735961914,54.51762390136719,21209.615234375,48341.3359375,15777.123046875,35052.34375,0.2000168412923813,0.04821499437093735,0.02237911894917488,0.01013857964426279,0.508095920085907,319.1439208984375,0.7054296731948853,0.6880778440983967,5110.2578125,11.017773380031098,0.35868722200393677,0.009807403199374676,0.5752808988764045,0.7,4,0.5,0,1200
/home/iams/ramlab_ws/src/unitree_rl_mjlab/logs/rsl_rl/h1_2_velocity_a1_v2/2026-08-26_10-02-56_a1a_fullmirror_jacc1e-7_standing15_s42/model_10000.pt,td3,"['velocity', 'orientation', 'height']",8,42,0.13439185917377472,0.1309729814529419,0.2081228345632553,0.13016089797019958,0.13230842351913452,0.52,0.00010416666918899864,586.68017578125,1.127224087715149,0.8010598421096802,45.75910949707031,50.93821716308594,43.06812286376953,77.00596618652344,54.243412017822266,21243.462890625,47573.29296875,16241.0546875,33922.75,0.20026496052742004,0.04603700339794159,0.02298749051988125,0.010000302456319332,0.5106419920921326,320.2969055175781,0.7007291913032532,0.6938282673102621,5162.291015625,11.182573504328536,0.3571811318397522,0.010541744530200958,0.5743129556926528,0.7,4,0.5,1,1200
/home/iams/ramlab_ws/src/unitree_rl_mjlab/logs/rsl_rl/h1_2_velocity_a1_v2/2026-08-26_10-02-56_a1a_fullmirror_jacc1e-7_standing15_s42/model_10000.pt,td3,"['velocity', 'orientation', 'height']",8,42,0.1328372061252594,0.13229669630527496,0.21495987474918365,0.12828907370567322,0.13318370282649994,0.5,0.0001302083401242271,577.557373046875,1.1223989725112915,0.7971733212471008,45.83319091796875,51.30387878417969,42.896541595458984,80.01676940917969,53.328426361083984,20981.578125,46397.25,16556.30078125,36452.0078125,0.1992933303117752,0.04692840576171875,0.022982541471719742,0.010124100372195244,0.5073530077934265,322.4556884765625,0.7036067843437195,0.6997249054689539,5175.13818359375,11.229987312759466,0.3607372045516968,0.011264622211456299,0.5685730149916713,0.7,4,0.5,2,1200
/home/iams/ramlab_ws/src/unitree_rl_mjlab/logs/rsl_rl/h1_2_velocity_a1_v2/2026-08-26_10-02-56_a1a_fullmirror_jacc1e-7_standing15_s42/model_10000.pt,td3,"['velocity', 'orientation', 'height']",8,42,0.12623773515224457,0.13479965925216675,0.21831552684307098,0.12010996788740158,0.1342005580663681,0.52,0.00015624999650754035,572.8507080078125,1.137321949005127,0.809723973274231,46.79677200317383,53.03414535522461,43.2802734375,79.54326629638672,54.22475051879883,21557.017578125,45672.6875,17521.849609375,35994.72265625,0.20243099331855774,0.046117253601551056,0.022475460544228554,0.009766356088221073,0.5045841932296753,325.7652282714844,0.7028971314430237,0.714365574556715,5207.8701171875,11.420256539108136,0.3603211045265198,0.009855237789452076,0.5591554423006917,0.7,4,0.5,3,1200
/home/iams/ramlab_ws/src/unitree_rl_mjlab/logs/rsl_rl/h1_2_velocity_a1_v2/2026-08-26_10-02-56_a1a_fullmirror_jacc1e-7_standing15_s42/model_10000.pt,td3,"['velocity', 'orientation', 'height']",8,42,0.12502314150333405,0.1309046745300293,0.1994863599538803,0.11929462105035782,0.13075260818004608,0.52,0.00016927083197515458,578.61669921875,1.1211942434310913,0.7962759137153625,45.13118362426758,50.147682189941406,42.562713623046875,78.43183898925781,53.781982421875,20904.423828125,46096.06640625,16035.4541015625,35041.22265625,0.19906897842884064,0.04496860131621361,0.022449439391493797,0.009454858489334583,0.503317654132843,316.2645263671875,0.7063606977462769,0.6941475669930056,5129.4208984375,11.258218880645037,0.34976109862327576,0.008129439316689968,0.574635241301908,0.7,4,0.5,4,1200
/home/iams/ramlab_ws/src/unitree_rl_mjlab/logs/rsl_rl/h1_2_velocity_a1_v2/2026-08-26_10-02-56_a1a_fullmirror_jacc1e-7_standing15_s42/model_10000.pt,td3,"['velocity', 'orientation', 'height']",8,42,0.1376274675130844,0.14060916006565094,0.2316460907459259,0.13379020988941193,0.14135843515396118,0.5,0.0002994791720993817,556.9082641601562,1.1660740375518799,0.8224844932556152,48.448577880859375,54.8220100402832,44.83818054199219,83.27771759033203,55.58804702758789,22159.451171875,48320.3046875,18085.296875,36316.96875,0.2056211233139038,0.05083245784044266,0.024357710033655167,0.01104787178337574,0.526089072227478,347.3688659667969,0.6939518451690674,0.7459623568606896,5349.845703125,11.488605130763158,0.38024407625198364,0.014350644312798977,0.5478865703584804,0.7,4,0.5,5,1200
/home/iams/ramlab_ws/src/unitree_rl_mjlab/logs/rsl_rl/h1_2_velocity_a1_v2/2026-08-26_10-02-56_a1a_fullmirror_jacc1e-7_standing15_s42/model_10000.pt,td3,"['velocity', 'orientation', 'height']",8,42,0.1312156617641449,0.1304488182067871,0.20836886763572693,0.12689727544784546,0.13001622259616852,0.52,0.0001432291610399261,575.7417602539062,1.1288982629776,0.8020468950271606,46.27656936645508,51.95594024658203,43.178165435791016,80.94612884521484,54.375911712646484,21215.396484375,46835.84765625,16877.228515625,36432.8984375,0.20051172375679016,0.045745957642793655,0.023063983768224716,0.00964422058314085,0.511315643787384,321.0748596191406,0.7034765481948853,0.7002598655669449,5179.44580078125,11.29629984043605,0.3537217080593109,0.010539962910115719,0.5682574916759157,0.7,4,0.5,6,1200
/home/iams/ramlab_ws/src/unitree_rl_mjlab/logs/rsl_rl/h1_2_velocity_a1_v2/2026-08-26_10-02-56_a1a_fullmirror_jacc1e-7_standing15_s42/model_10000.pt,td3,"['velocity', 'orientation', 'height']",8,42,0.1246994286775589,0.12856748700141907,0.20148694515228271,0.1195889562368393,0.12852171063423157,0.52,2.604166729724966e-05,594.6387329101562,1.113725185394287,0.7934777736663818,44.815330505371094,49.616153717041016,42.42207717895508,78.55821228027344,53.09972381591797,20608.814453125,46301.25390625,15796.6904296875,33955.28125,0.19836944341659546,0.043020471930503845,0.02210129424929619,0.009080450981855392,0.5049828886985779,311.02996826171875,0.7032031416893005,0.6796466821530215,5106.1689453125,11.157738832854061,0.3422771394252777,0.005987612996250391,0.5806085806085806,0.7,4,0.5,7,1200
/home/iams/ramlab_ws/src/unitree_rl_mjlab/logs/rsl_rl/h1_2_velocity_a1_v2/2026-08-26_10-02-56_a1a_fullmirror_jacc1e-7_standing15_s42/model_10000.pt,td3,"['velocity', 'orientation', 'height']",8,42,0.06501179933547974,0.06757217645645142,0.08929350972175598,0.05877024680376053,0.06687746942043304,0.58,0.0,600.5,0.8810164928436279,0.7823688983917236,33.867149353027344,47.40195846557617,23.83197784423828,94.28392028808594,28.65654945373535,22055.7109375,67165.078125,14371.556640625,30735.86328125,0.1955922245979309,0.028658930212259293,0.010444278828799725,0.004172280430793762,0.2796967923641205,182.7836151123047,0.9861653447151184,0.541758616867085,4082.623291015625,12.10062783324576,0.24009431898593903,0.0006777480011805892,0.39349301908543616,0.4,8,0.5,0,1200
/home/iams/ramlab_ws/src/unitree_rl_mjlab/logs/rsl_rl/h1_2_velocity_a1_v2/2026-08-26_10-02-56_a1a_fullmirror_jacc1e-7_standing15_s42/model_10000.pt,td3,"['velocity', 'orientation', 'height']",8,42,0.0672728568315506,0.06711860746145248,0.09423469752073288,0.060772284865379333,0.0663982480764389,0.58,0.0,600.5,0.8788439631462097,0.778749942779541,33.642330169677734,46.60287094116211,24.088422775268555,87.12015533447266,29.595335006713867,21971.978515625,68590.25,14007.8779296875,31175.486328125,0.19468748569488525,0.02593834139406681,0.010343093425035477,0.004093626979738474,0.2847011685371399,182.6748809814453,0.9821679592132568,0.54537262220174,4080.594970703125,12.182543439845011,0.23814529180526733,0.0007607924053445458,0.393795667222151,0.4,8,0.5,1,1200
/home/iams/ramlab_ws/src/unitree_rl_mjlab/logs/rsl_rl/h1_2_velocity_a1_v2/2026-08-26_10-02-56_a1a_fullmirror_jacc1e-7_standing15_s42/model_10000.pt,td3,"['velocity', 'orientation', 'height']",8,42,0.06663762778043747,0.06703334301710129,0.0917869433760643,0.060232702642679214,0.0663389265537262,0.58,0.0,600.5,0.8786727786064148,0.7800673842430115,33.93419647216797,47.403072357177734,23.964731216430664,94.28229522705078,29.21821403503418,21899.740234375,66404.78125,14474.4619140625,30857.9453125,0.19501684606075287,0.025263585150241852,0.010470397770404816,0.004134721588343382,0.2832595705986023,183.56124877929688,0.9821028709411621,0.5468839003267605,4103.8076171875,12.226471035521712,0.2374570220708847,0.0007437972235493362,0.39263803680981596,0.4,8,0.5,2,1200
/home/iams/ramlab_ws/src/unitree_rl_mjlab/logs/rsl_rl/h1_2_velocity_a1_v2/2026-08-26_10-02-56_a1a_fullmirror_jacc1e-7_standing15_s42/model_10000.pt,td3,"['velocity', 'orientation', 'height']",8,42,0.06807208061218262,0.06671179831027985,0.09010235965251923,0.061597805470228195,0.06599597632884979,0.58,0.0,600.5,0.8760918974876404,0.7762178182601929,33.678794860839844,46.75482177734375,24.027856826782227,86.97347259521484,29.34960174560547,22075.03515625,67157.0078125,14060.6484375,31532.41015625,0.19405445456504822,0.025098305195569992,0.01028398983180523,0.003953755367547274,0.284977525472641,182.63197326660156,0.9809179902076721,0.5470667075603481,4065.063720703125,12.176735232873272,0.23724517226219177,0.0006676694029010832,0.39349301908543616,0.4,8,0.5,3,1200
/home/iams/ramlab_ws/src/unitree_rl_mjlab/logs/rsl_rl/h1_2_velocity_a1_v2/2026-08-26_10-02-56_a1a_fullmirror_jacc1e-7_standing15_s42/model_10000.pt,td3,"['velocity', 'orientation', 'height']",8,42,0.06640328466892242,0.06724222749471664,0.09094169735908508,0.06006007269024849,0.06648223847150803,0.58,0.0,600.5,0.8772756457328796,0.7768283486366272,34.649959564208984,48.72451400756836,24.198867797851562,102.51493072509766,29.63880729675293,22095.79296875,67939.8984375,15297.482421875,32458.923828125,0.1942070871591568,0.026485159993171692,0.010208806954324245,0.003977890592068434,0.2842350900173187,183.62530517578125,0.9829752445220947,0.545615215111512,4036.574951171875,11.99408145699355,0.23916104435920715,0.0006355952355079353,0.39359385009609227,0.4,8,0.5,4,1200
/home/iams/ramlab_ws/src/unitree_rl_mjlab/logs/rsl_rl/h1_2_velocity_a1_v2/2026-08-26_10-02-56_a1a_fullmirror_jacc1e-7_standing15_s42/model_10000.pt,td3,"['velocity', 'orientation', 'height']",8,42,0.06615301221609116,0.0671747475862503,0.09152436256408691,0.05965761840343475,0.06656452268362045,0.58,0.0,600.5,0.8748083710670471,0.778194785118103,34.622623443603516,49.49542999267578,23.478099822998047,105.87297058105469,29.61212730407715,22169.234375,64017.078125,15849.248046875,32773.87890625,0.19454869627952576,0.02527080848813057,0.010346251539885998,0.003945672418922186,0.2793309986591339,180.49049377441406,0.9805012941360474,0.5380404058271091,4052.619140625,12.080819510691818,0.23241381347179413,0.0007182116969488561,0.3936442849820605,0.4,8,0.5,5,1200
/home/iams/ramlab_ws/src/unitree_rl_mjlab/logs/rsl_rl/h1_2_velocity_a1_v2/2026-08-26_10-02-56_a1a_fullmirror_jacc1e-7_standing15_s42/model_10000.pt,td3,"['velocity', 'orientation', 'height']",8,42,0.06511561572551727,0.06660500913858414,0.09445670992136002,0.05881707742810249,0.06596367806196213,0.58,0.0,600.5,0.8782179355621338,0.7784827351570129,34.47175598144531,48.4536247253418,24.0802001953125,95.29640197753906,29.575992584228516,22127.138671875,64802.53125,15089.96484375,31689.654296875,0.19462068378925323,0.027087824419140816,0.010098286904394627,0.0040079341270029545,0.27956104278564453,181.39830017089844,0.9816861748695374,0.5370908711252972,4027.2080078125,11.923909381139728,0.23775599896907806,0.0006680036312900484,0.3932411674347158,0.4,8,0.5,6,1200
/home/iams/ramlab_ws/src/unitree_rl_mjlab/logs/rsl_rl/h1_2_velocity_a1_v2/2026-08-26_10-02-56_a1a_fullmirror_jacc1e-7_standing15_s42/model_10000.pt,td3,"['velocity', 'orientation', 'height']",8,42,0.0664578229188919,0.06680300086736679,0.09346752613782883,0.06003766879439354,0.06615600734949112,0.58,0.0,600.5,0.8774728775024414,0.7796434760093689,33.57536697387695,46.694522857666016,23.8758602142334,93.16302490234375,29.285799026489258,21923.6328125,66187.0078125,14269.5283203125,31067.470703125,0.19491086900234222,0.026880182325839996,0.010871531441807747,0.0041432566940784454,0.2820352017879486,182.989501953125,0.9845572710037231,0.545069847679765,4085.9208984375,12.170711097083094,0.24151888489723206,0.0007418971508741379,0.39309021113243764,0.4,8,0.5,7,1200
/home/iams/ramlab_ws/src/unitree_rl_mjlab/logs/rsl_rl/h1_2_velocity_a1_v2/2026-08-26_10-02-56_a1a_fullmirror_jacc1e-7_standing15_s42/model_10000.pt,td3,"['velocity', 'orientation', 'height']",8,42,0.06423386931419373,0.07471264153718948,0.09915889799594879,0.05815725401043892,0.07397885620594025,0.6,0.0,600.5,0.8599703907966614,0.7496256232261658,32.10403823852539,43.31525802612305,23.922744750976562,86.77696228027344,30.61722183227539,21050.955078125,64612.66796875,12741.1767578125,30583.501953125,0.18740640580654144,0.028852863237261772,0.010904266498982906,0.004253240767866373,0.28156325221061707,184.68203735351562,0.9512044191360474,0.5250641073226547,4253.42529296875,12.092789510685948,0.23439832031726837,0.0012353657511994243,0.44316214656664743,0.45,8,0.5,0,1200
/home/iams/ramlab_ws/src/unitree_rl_mjlab/logs/rsl_rl/h1_2_velocity_a1_v2/2026-08-26_10-02-56_a1a_fullmirror_jacc1e-7_standing15_s42/model_10000.pt,td3,"['velocity', 'orientation', 'height']",8,42,0.06365466862916946,0.0763450562953949,0.09115780144929886,0.05763068050146103,0.07561811804771423,0.6,0.0,600.5,0.8631525635719299,0.7499974370002747,32.491905212402344,43.608154296875,24.43247413635254,85.27571868896484,30.670272827148438,21055.59765625,61511.9375,12761.603515625,29479.466796875,0.18749935925006866,0.029481567442417145,0.011045530438423157,0.004344104323536158,0.2805189788341522,185.4061737060547,0.9515559673309326,0.5265053998681573,4261.958984375,12.10285574563912,0.23130907118320465,0.0011122397845610976,0.4439306358381503,0.45,8,0.5,1,1200
/home/iams/ramlab_ws/src/unitree_rl_mjlab/logs/rsl_rl/h1_2_velocity_a1_v2/2026-08-26_10-02-56_a1a_fullmirror_jacc1e-7_standing15_s42/model_10000.pt,td3,"['velocity', 'orientation', 'height']",8,42,0.0642562136054039,0.07502231746912003,0.10058989375829697,0.058181047439575195,0.07431387901306152,0.6,0.0,600.5,0.8628110885620117,0.7513579726219177,32.80485153198242,44.500244140625,24.302154541015625,90.24684143066406,30.529050827026367,21217.427734375,63860.546875,13379.986328125,30742.73046875,0.18783949315547943,0.02883853018283844,0.011348453350365162,0.004127786494791508,0.28177496790885925,185.38563537597656,0.9494335651397705,0.5283436924767925,4290.24853515625,12.22708378924502,0.22911885380744934,0.0013466660166159272,0.44380236925744004,0.45,8,0.5,2,1200
/home/iams/ramlab_ws/src/unitree_rl_mjlab/logs/rsl_rl/h1_2_velocity_a1_v2/2026-08-26_10-02-56_a1a_fullmirror_jacc1e-7_standing15_s42/model_10000.pt,td3,"['velocity', 'orientation', 'height']",8,42,0.06314782798290253,0.07464666664600372,0.09820728749036789,0.05718136951327324,0.0738937258720398,0.6,0.0,600.5,0.8656904101371765,0.7523708343505859,33.18966293334961,44.8997917175293,24.675203323364258,90.53438568115234,31.217988967895508,21292.880859375,65221.90625,13611.390625,31211.8828125,0.18809270858764648,0.030694754794239998,0.011301985941827297,0.004401256795972586,0.28022488951683044,186.72972106933594,0.9501627683639526,0.5265282819575868,4251.23583984375,11.98735634537643,0.23560762405395508,0.0012008826015517116,0.44348202685145083,0.45,8,0.5,3,1200
/home/iams/ramlab_ws/src/unitree_rl_mjlab/logs/rsl_rl/h1_2_velocity_a1_v2/2026-08-26_10-02-56_a1a_fullmirror_jacc1e-7_standing15_s42/model_10000.pt,td3,"['velocity', 'orientation', 'height']",8,42,0.0638624057173729,0.07521180063486099,0.09631329029798508,0.05787932500243187,0.07439327985048294,0.6,0.0,600.5,0.8672253489494324,0.7512795925140381,33.186126708984375,44.523216247558594,24.99129867553711,88.50759887695312,31.241313934326172,21225.76171875,62840.73828125,13384.8486328125,30496.431640625,0.18781989812850952,0.030333610251545906,0.01126654352992773,0.004419572185724974,0.2825653851032257,187.16067504882812,0.9507291913032532,0.5293722350115605,4264.4892578125,12.061837952697331,0.2349899560213089,0.0011848770081996918,0.4436101083032491,0.45,8,0.5,4,1200
/home/iams/ramlab_ws/src/unitree_rl_mjlab/logs/rsl_rl/h1_2_velocity_a1_v2/2026-08-26_10-02-56_a1a_fullmirror_jacc1e-7_standing15_s42/model_10000.pt,td3,"['velocity', 'orientation', 'height']",8,42,0.0653393492102623,0.07515470683574677,0.09551525115966797,0.059038639068603516,0.07436065375804901,0.6,0.0,600.5,0.8564772605895996,0.7438797950744629,32.00520706176758,42.77942657470703,24.255306243896484,82.6032943725586,30.235849380493164,20785.33203125,62754.234375,12478.421875,29814.56640625,0.18596994876861572,0.02558860369026661,0.011568021960556507,0.003951622173190117,0.2852494418621063,183.59457397460938,0.9528710842132568,0.5316025752392989,4296.6259765625,12.440986492407143,0.22447003424167633,0.0008199396543204784,0.4441873915558126,0.45,8,0.5,5,1200
/home/iams/ramlab_ws/src/unitree_rl_mjlab/logs/rsl_rl/h1_2_velocity_a1_v2/2026-08-26_10-02-56_a1a_fullmirror_jacc1e-7_standing15_s42/model_10000.pt,td3,"['velocity', 'orientation', 'height']",8,42,0.06495636701583862,0.07521755993366241,0.09963402897119522,0.05874079093337059,0.07442519813776016,0.6,0.0,600.5,0.857168972492218,0.7460718750953674,32.90660095214844,44.85738754272461,24.166683197021484,90.99581909179688,30.48587989807129,21139.76953125,63282.45703125,13583.51171875,31196.90234375,0.18651796877384186,0.026457684114575386,0.011366317979991436,0.004110418260097504,0.2824546694755554,184.58026123046875,0.9509049654006958,0.5316433206493636,4270.63720703125,12.300641505038232,0.22368240356445312,0.0008773928857408464,0.4438664932813177,0.45,8,0.5,6,1200
/home/iams/ramlab_ws/src/unitree_rl_mjlab/logs/rsl_rl/h1_2_velocity_a1_v2/2026-08-26_10-02-56_a1a_fullmirror_jacc1e-7_standing15_s42/model_10000.pt,td3,"['velocity', 'orientation', 'height']",8,42,0.06759296357631683,0.0754014253616333,0.10076434165239334,0.06126066669821739,0.0745101049542427,0.6,0.0,600.5,0.857968807220459,0.7440366744995117,32.484195709228516,43.559329986572266,24.478708267211914,86.27017211914062,30.952594757080078,20840.525390625,59871.10546875,12819.2978515625,29583.32421875,0.18600916862487793,0.025692373514175415,0.011079191230237484,0.003918204922229052,0.28868138790130615,185.16172790527344,0.954785168170929,0.5364306102572641,4287.20703125,12.420435350515621,0.22638490796089172,0.001236109179444611,0.4435460583309269,0.45,8,0.5,7,1200
/home/iams/ramlab_ws/src/unitree_rl_mjlab/logs/rsl_rl/h1_2_velocity_a1_v2/2026-08-26_10-02-56_a1a_fullmirror_jacc1e-7_standing15_s42/model_10000.pt,td3,"['velocity', 'orientation', 'height']",8,42,0.06662077456712723,0.07984544336795807,0.09370849281549454,0.06082042306661606,0.0787583738565445,0.64,0.0,600.5,0.8795087337493896,0.7406294941902161,33.06120300292969,43.220314025878906,25.859264373779297,87.8546142578125,32.6032829284668,20980.583984375,58937.27734375,13305.8818359375,34297.27734375,0.18515737354755402,0.030706239864230156,0.012426991015672684,0.004444662947207689,0.300106942653656,191.69630432128906,0.9231640696525574,0.5195799049393311,4383.0810546875,11.880045360352568,0.2251776158809662,0.0018661059439182281,0.4872323552735924,0.5,8,0.5,0,1200
/home/iams/ramlab_ws/src/unitree_rl_mjlab/logs/rsl_rl/h1_2_velocity_a1_v2/2026-08-26_10-02-56_a1a_fullmirror_jacc1e-7_standing15_s42/model_10000.pt,td3,"['velocity', 'orientation', 'height']",8,42,0.06605847924947739,0.08006130158901215,0.09523967653512955,0.06034020334482193,0.07899206876754761,0.64,0.0,600.5,0.8825939297676086,0.743194580078125,32.59236145019531,42.004241943359375,25.999483108520508,85.16381072998047,33.21763610839844,20632.494140625,58624.1953125,12423.173828125,30850.83984375,0.18579864501953125,0.02974272333085537,0.01239271555095911,0.004358351696282625,0.3023122251033783,192.6870880126953,0.92354816198349,0.5214310378132746,4419.66357421875,11.960064815276358,0.22356663644313812,0.0021232678554952145,0.4856149225418906,0.5,8,0.5,1,1200
/home/iams/ramlab_ws/src/unitree_rl_mjlab/logs/rsl_rl/h1_2_velocity_a1_v2/2026-08-26_10-02-56_a1a_fullmirror_jacc1e-7_standing15_s42/model_10000.pt,td3,"['velocity', 'orientation', 'height']",8,42,0.06634385883808136,0.08029203861951828,0.09671039134263992,0.060495927929878235,0.07922337204217911,0.64,0.0,600.5,0.8791055679321289,0.7406200766563416,32.658390045166016,42.35407638549805,25.848800659179688,84.75560760498047,32.530487060546875,20756.74609375,56927.39453125,12727.2978515625,32859.671875,0.1851550191640854,0.03078160621225834,0.0128244673833251,0.004323909524828196,0.301484614610672,193.30908203125,0.9211392998695374,0.5290905379027944,4435.63232421875,12.1404099475126,0.22368715703487396,0.001870225532911718,0.4863837872070931,0.5,8,0.5,2,1200
/home/iams/ramlab_ws/src/unitree_rl_mjlab/logs/rsl_rl/h1_2_velocity_a1_v2/2026-08-26_10-02-56_a1a_fullmirror_jacc1e-7_standing15_s42/model_10000.pt,td3,"['velocity', 'orientation', 'height']",8,42,0.06537290662527084,0.0814012885093689,0.09312635660171509,0.05945248901844025,0.08034998178482056,0.64,0.0,600.5,0.8697280883789062,0.7336722016334534,31.995655059814453,41.20058822631836,25.585956573486328,82.55552673339844,32.03754425048828,20360.849609375,56920.42578125,12119.5263671875,31357.927734375,0.18341805040836334,0.027873007580637932,0.012713238596916199,0.004082805942744017,0.30008694529533386,190.32577514648438,0.92305988073349,0.5237119022884366,4449.12646484375,12.242485362599073,0.21803568303585052,0.0017238317523151636,0.4856149225418906,0.5,8,0.5,3,1200
/home/iams/ramlab_ws/src/unitree_rl_mjlab/logs/rsl_rl/h1_2_velocity_a1_v2/2026-08-26_10-02-56_a1a_fullmirror_jacc1e-7_standing15_s42/model_10000.pt,td3,"['velocity', 'orientation', 'height']",8,42,0.06623687595129013,0.08017484098672867,0.09151908755302429,0.060461945831775665,0.07908716052770615,0.64,0.0,600.5,0.8800989389419556,0.7416559457778931,32.390411376953125,41.759849548339844,25.814815521240234,86.0451431274414,32.56122589111328,20666.125,58240.03125,12300.8017578125,31987.94921875,0.18541398644447327,0.029347199946641922,0.0123532023280859,0.004318138584494591,0.3019430637359619,192.48724365234375,0.9225260615348816,0.5217961096904491,4425.7568359375,11.997379605081191,0.2241620123386383,0.0020933421328663826,0.4868462757527734,0.5,8,0.5,4,1200
/home/iams/ramlab_ws/src/unitree_rl_mjlab/logs/rsl_rl/h1_2_velocity_a1_v2/2026-08-26_10-02-56_a1a_fullmirror_jacc1e-7_standing15_s42/model_10000.pt,td3,"['velocity', 'orientation', 'height']",8,42,0.06736256182193756,0.08006192743778229,0.09502027183771133,0.061697229743003845,0.07900233566761017,0.64,0.0,600.5,0.8874627947807312,0.7475785613059998,33.01815414428711,42.89912796020508,26.03311538696289,85.48904418945312,33.187538146972656,20944.3671875,57792.8125,12923.203125,32930.59765625,0.18689464032649994,0.03143481910228729,0.012372735887765884,0.004511582665145397,0.302143931388855,194.2989044189453,0.9241275787353516,0.520947171450164,4414.38232421875,11.835680577250884,0.22799132764339447,0.002213922794908285,0.48738695859114706,0.5,8,0.5,5,1200
/home/iams/ramlab_ws/src/unitree_rl_mjlab/logs/rsl_rl/h1_2_velocity_a1_v2/2026-08-26_10-02-56_a1a_fullmirror_jacc1e-7_standing15_s42/model_10000.pt,td3,"['velocity', 'orientation', 'height']",8,42,0.06566572934389114,0.08015523850917816,0.09354467689990997,0.05995815619826317,0.07912826538085938,0.64,0.0,600.5,0.883465588092804,0.7459697723388672,32.39767837524414,41.76115417480469,25.832780838012695,85.04694366455078,33.203094482421875,20803.09765625,57467.328125,12333.587890625,31784.962890625,0.1864924430847168,0.02970302850008011,0.012741751037538052,0.004483371041715145,0.3015604615211487,193.85986328125,0.9224869608879089,0.5245547150435653,4453.31005859375,12.049965662786061,0.2248871624469757,0.0019470920087769628,0.4873096446700508,0.5,8,0.5,6,1200
/home/iams/ramlab_ws/src/unitree_rl_mjlab/logs/rsl_rl/h1_2_velocity_a1_v2/2026-08-26_10-02-56_a1a_fullmirror_jacc1e-7_standing15_s42/model_10000.pt,td3,"['velocity', 'orientation', 'height']",8,42,0.06459533423185349,0.07937565445899963,0.09337970614433289,0.05875156819820404,0.0782761350274086,0.64,0.0,600.5,0.8714920282363892,0.7361745834350586,31.30003547668457,39.881954193115234,25.382699966430664,80.91756439208984,31.834108352661133,20187.0,59735.4296875,11393.4404296875,27906.439453125,0.18404364585876465,0.028049437329173088,0.012793234549462795,0.00429894495755434,0.2991209626197815,189.439697265625,0.922766923904419,0.5201179994564845,4445.69189453125,12.205911134429112,0.2200331687927246,0.0016368180513381958,0.4881614492293024,0.5,8,0.5,7,1200
/home/iams/ramlab_ws/src/unitree_rl_mjlab/logs/rsl_rl/h1_2_velocity_a1_v2/2026-08-26_10-02-56_a1a_fullmirror_jacc1e-7_standing15_s42/model_10000.pt,td3,"['velocity', 'orientation', 'height']",8,42,0.07624425739049911,0.08310085535049438,0.10586818307638168,0.07155747711658478,0.0816393494606018,0.5,0.0,600.5,0.9314150214195251,0.7530236840248108,32.496131896972656,38.44143295288086,28.783170700073242,70.55245208740234,37.677799224853516,20777.353515625,59014.97265625,10549.7470703125,27919.06640625,0.1882559210062027,0.02968444861471653,0.014547991566359997,0.004788589663803577,0.3401907682418823,207.4832305908203,0.8646875023841858,0.5330479697493683,4609.8388671875,11.843199559541898,0.22404810786247253,0.003534383838996291,0.5272009610434185,0.55,8,0.5,0,1200
/home/iams/ramlab_ws/src/unitree_rl_mjlab/logs/rsl_rl/h1_2_velocity_a1_v2/2026-08-26_10-02-56_a1a_fullmirror_jacc1e-7_standing15_s42/model_10000.pt,td3,"['velocity', 'orientation', 'height']",8,42,0.07390641421079636,0.08381611853837967,0.10528188198804855,0.0691663920879364,0.08242291212081909,0.5,0.0,600.5,0.9324272871017456,0.7519893646240234,33.80632400512695,41.206356048583984,28.90584373474121,79.86019134521484,37.60823440551758,21249.26953125,59411.9375,12219.259765625,32298.404296875,0.18799734115600586,0.03106008842587471,0.014312062412500381,0.004692752379924059,0.339893639087677,207.5363311767578,0.8673046827316284,0.5339003424665009,4562.94482421875,11.73846278174105,0.22506709396839142,0.002808024175465107,0.5292901447277739,0.55,8,0.5,1,1200
/home/iams/ramlab_ws/src/unitree_rl_mjlab/logs/rsl_rl/h1_2_velocity_a1_v2/2026-08-26_10-02-56_a1a_fullmirror_jacc1e-7_standing15_s42/model_10000.pt,td3,"['velocity', 'orientation', 'height']",8,42,0.07707010209560394,0.0840914398431778,0.11080101132392883,0.07265795022249222,0.08270488679409027,0.48,0.0,600.5,0.937978208065033,0.7581031918525696,33.174537658691406,39.881996154785156,28.78087615966797,73.18579864501953,37.89146041870117,21199.205078125,59016.70703125,11298.46875,29659.33203125,0.1895257979631424,0.03231663629412651,0.014337283559143543,0.00513452896848321,0.34106382727622986,210.2720489501953,0.8657031059265137,0.5334588929350628,4583.44189453125,11.628162785756539,0.23194915056228638,0.0033440766856074333,0.5246797608881298,0.55,8,0.5,2,1200
/home/iams/ramlab_ws/src/unitree_rl_mjlab/logs/rsl_rl/h1_2_velocity_a1_v2/2026-08-26_10-02-56_a1a_fullmirror_jacc1e-7_standing15_s42/model_10000.pt,td3,"['velocity', 'orientation', 'height']",8,42,0.07529350370168686,0.0832333043217659,0.11252675205469131,0.07044847309589386,0.08171632140874863,0.5,0.0,600.5,0.9306023716926575,0.7503571510314941,33.853485107421875,41.55936050415039,28.70250701904297,78.46809387207031,37.3045539855957,21206.318359375,59274.62890625,12485.181640625,30753.544921875,0.18758928775787354,0.02999061904847622,0.014501743018627167,0.004766539204865694,0.3415476083755493,208.04656982421875,0.8660807013511658,0.5349991124552055,4589.4365234375,11.801898034653187,0.22481536865234375,0.00333582004532218,0.5236066132606102,0.55,8,0.5,3,1200
/home/iams/ramlab_ws/src/unitree_rl_mjlab/logs/rsl_rl/h1_2_velocity_a1_v2/2026-08-26_10-02-56_a1a_fullmirror_jacc1e-7_standing15_s42/model_10000.pt,td3,"['velocity', 'orientation', 'height']",8,42,0.0736965462565422,0.0840289369225502,0.10684885829687119,0.06909534335136414,0.08263620734214783,0.5,0.0,600.5,0.9362499713897705,0.7544037103652954,34.15758514404297,41.80341339111328,29.06721305847168,79.49118041992188,37.91301345825195,21302.01171875,59270.56640625,12472.7177734375,30947.943359375,0.18860092759132385,0.03139635547995567,0.014487448148429394,0.004843197762966156,0.3427964150905609,209.99339294433594,0.8664648532867432,0.5383502282320187,4602.5908203125,11.79944742652343,0.22528155148029327,0.0028807208873331547,0.523517382413088,0.55,8,0.5,4,1200
/home/iams/ramlab_ws/src/unitree_rl_mjlab/logs/rsl_rl/h1_2_velocity_a1_v2/2026-08-26_10-02-56_a1a_fullmirror_jacc1e-7_standing15_s42/model_10000.pt,td3,"['velocity', 'orientation', 'height']",8,42,0.07116887718439102,0.08467482775449753,0.10054144263267517,0.06624684482812881,0.08314179629087448,0.5,0.0,600.5,0.9284920692443848,0.7495925426483154,32.5612678527832,38.66265869140625,28.72857666015625,72.05278015136719,37.119041442871094,20843.359375,59562.08984375,10777.7177734375,27581.123046875,0.18739813566207886,0.029543809592723846,0.01456638053059578,0.004510696977376938,0.33752745389938354,205.8437042236328,0.8684244751930237,0.5315613439511407,4567.7939453125,11.795661681091904,0.22145439684391022,0.0023661593440920115,0.5290167039779576,0.55,8,0.5,5,1200
/home/iams/ramlab_ws/src/unitree_rl_mjlab/logs/rsl_rl/h1_2_velocity_a1_v2/2026-08-26_10-02-56_a1a_fullmirror_jacc1e-7_standing15_s42/model_10000.pt,td3,"['velocity', 'orientation', 'height']",8,42,0.07321864366531372,0.08319883048534393,0.10581700503826141,0.06859185546636581,0.08182539790868759,0.5,0.0,600.5,0.9381290674209595,0.7583175897598267,33.17610549926758,39.860225677490234,28.839508056640625,75.31365203857422,37.86735153198242,21138.740234375,60967.78515625,11429.7890625,29901.228515625,0.18957939743995667,0.031122375279664993,0.014506551437079906,0.004888432566076517,0.3401571214199066,209.35693359375,0.8639909029006958,0.5346376147550133,4590.16259765625,11.721958938841436,0.22582753002643585,0.002619572915136814,0.5245901639344263,0.55,8,0.5,6,1200
/home/iams/ramlab_ws/src/unitree_rl_mjlab/logs/rsl_rl/h1_2_velocity_a1_v2/2026-08-26_10-02-56_a1a_fullmirror_jacc1e-7_standing15_s42/model_10000.pt,td3,"['velocity', 'orientation', 'height']",8,42,0.07438363134860992,0.08461419492959976,0.11060313135385513,0.06980661302804947,0.08311325311660767,0.5,0.0,600.5,0.9358701109886169,0.7535432577133179,34.48870086669922,42.4836540222168,29.104108810424805,85.84388732910156,37.87338638305664,21546.966796875,60868.44921875,12912.4482421875,33303.53515625,0.18838581442832947,0.03084256872534752,0.0135585255920887,0.004732692148536444,0.3411026895046234,208.8010711669922,0.8707747459411621,0.5321311354248289,4538.40478515625,11.566159581500102,0.2266150414943695,0.002841504756361246,0.5213849287169042,0.55,8,0.5,7,1200
/home/iams/ramlab_ws/src/unitree_rl_mjlab/logs/rsl_rl/h1_2_velocity_a1_v2/2026-08-26_10-02-56_a1a_fullmirror_jacc1e-7_standing15_s42/model_10000.pt,td3,"['velocity', 'orientation', 'height']",8,42,0.09784895926713943,0.09124141931533813,0.14696083962917328,0.09431320428848267,0.09107571840286255,0.5,5.208333459449932e-05,593.5877685546875,1.0072095394134521,0.7754005193710327,36.68968963623047,42.23165512084961,33.33085632324219,72.87258911132812,44.103145599365234,21244.248046875,53999.84765625,12524.7138671875,31593.623046875,0.19385012984275818,0.035616811364889145,0.017325351014733315,0.006571776233613491,0.3945474922657013,239.92547607421875,0.8106445074081421,0.5694012672867262,4828.5830078125,11.459395791907841,0.25432437658309937,0.006366627290844917,0.5506363147517477,0.6,8,0.5,0,1200
/home/iams/ramlab_ws/src/unitree_rl_mjlab/logs/rsl_rl/h1_2_velocity_a1_v2/2026-08-26_10-02-56_a1a_fullmirror_jacc1e-7_standing15_s42/model_10000.pt,td3,"['velocity', 'orientation', 'height']",8,42,0.09492169320583344,0.08802739530801773,0.12798146903514862,0.09128250181674957,0.08693771064281464,0.5,0.0,600.5,1.0088216066360474,0.7775399088859558,36.2693977355957,41.29769515991211,33.35793685913086,71.30632019042969,44.77961349487305,21329.6328125,55508.08984375,12000.65234375,30092.5859375,0.19438497722148895,0.032589878886938095,0.016465231776237488,0.005942970979958773,0.394593745470047,233.6197967529297,0.814954400062561,0.558695107973211,4802.787109375,11.485728012085604,0.24503193795681,0.005337252747267485,0.5483755801499465,0.6,8,0.5,1,1200
/home/iams/ramlab_ws/src/unitree_rl_mjlab/logs/rsl_rl/h1_2_velocity_a1_v2/2026-08-26_10-02-56_a1a_fullmirror_jacc1e-7_standing15_s42/model_10000.pt,td3,"['velocity', 'orientation', 'height']",8,42,0.10514318943023682,0.091634102165699,0.1499229371547699,0.1019035279750824,0.0909903272986412,0.48,0.0001432291610399261,586.4866333007812,1.0374735593795776,0.7948548793792725,38.07709503173828,44.1367301940918,34.3034553527832,75.61067962646484,47.413978576660156,22229.173828125,57025.5703125,13384.671875,31789.732421875,0.19871371984481812,0.037816405296325684,0.01750762388110161,0.0071352762170135975,0.40517377853393555,249.84596252441406,0.8068749904632568,0.5798429891858121,4856.6650390625,11.271357940443004,0.2714531421661377,0.00708659878000617,0.5374387683694891,0.6,8,0.5,2,1200
/home/iams/ramlab_ws/src/unitree_rl_mjlab/logs/rsl_rl/h1_2_velocity_a1_v2/2026-08-26_10-02-56_a1a_fullmirror_jacc1e-7_standing15_s42/model_10000.pt,td3,"['velocity', 'orientation', 'height']",8,42,0.10939492285251617,0.08948826044797897,0.15865208208560944,0.10704603046178818,0.08880549669265747,0.48,3.9062499126885086e-05,590.6954956054688,1.0413950681686401,0.7965355515480042,39.1272087097168,45.84247970581055,34.849754333496094,76.10502624511719,47.587215423583984,22194.98828125,54910.70703125,14191.166015625,33275.9140625,0.19913388788700104,0.038270171731710434,0.01741126924753189,0.007313116453588009,0.41270384192466736,251.51336669921875,0.8015169501304626,0.5810559804949086,4919.09423828125,11.364284194783666,0.27200525999069214,0.006892150733619928,0.5327783558792925,0.6,8,0.5,3,1200
/home/iams/ramlab_ws/src/unitree_rl_mjlab/logs/rsl_rl/h1_2_velocity_a1_v2/2026-08-26_10-02-56_a1a_fullmirror_jacc1e-7_standing15_s42/model_10000.pt,td3,"['velocity', 'orientation', 'height']",8,42,0.09449929744005203,0.08787963539361954,0.12946712970733643,0.09073266386985779,0.08658808469772339,0.5,0.0,600.5,1.0024124383926392,0.7722380757331848,36.27671432495117,41.36981964111328,33.3391227722168,72.8232650756836,45.48772048950195,21094.9453125,54346.56640625,12087.666015625,29727.259765625,0.1930595189332962,0.033302802592515945,0.01686031185090542,0.005948381498456001,0.39073532819747925,234.1202392578125,0.8124414086341858,0.5612937833823347,4792.83349609375,11.49062439815548,0.24383778870105743,0.005517963785678148,0.5479843025330003,0.6,8,0.5,4,1200
/home/iams/ramlab_ws/src/unitree_rl_mjlab/logs/rsl_rl/h1_2_velocity_a1_v2/2026-08-26_10-02-56_a1a_fullmirror_jacc1e-7_standing15_s42/model_10000.pt,td3,"['velocity', 'orientation', 'height']",8,42,0.10323384404182434,0.08998708426952362,0.1426525115966797,0.10002923011779785,0.08902714401483536,0.48,5.208333459449932e-05,593.5033569335938,1.0212761163711548,0.7863529324531555,36.86357879638672,42.108001708984375,33.738800048828125,74.21371459960938,45.80422592163086,21555.5546875,54883.16796875,12248.5537109375,32793.9375,0.19658823311328888,0.037993207573890686,0.017144834622740746,0.0069989413022994995,0.3978969156742096,242.31593322753906,0.8093554973602295,0.5636537015242611,4806.82421875,11.18120532729035,0.2645491659641266,0.00559637788683176,0.5394205443371378,0.6,8,0.5,5,1200
/home/iams/ramlab_ws/src/unitree_rl_mjlab/logs/rsl_rl/h1_2_velocity_a1_v2/2026-08-26_10-02-56_a1a_fullmirror_jacc1e-7_standing15_s42/model_10000.pt,td3,"['velocity', 'orientation', 'height']",8,42,0.1017916277050972,0.09107004851102829,0.15370696783065796,0.09911815822124481,0.09057975560426712,0.5,2.604166729724966e-05,593.5880126953125,1.0271590948104858,0.7860493063926697,39.35716247558594,46.81938934326172,34.4677619934082,80.7517318725586,46.4218635559082,22093.376953125,53402.52734375,15031.3896484375,33840.15625,0.19651232659816742,0.03606562688946724,0.017245519906282425,0.006693355273455381,0.40951332449913025,250.6026611328125,0.8047330975532532,0.5869882221855345,4861.54052734375,11.387217548485328,0.26617637276649475,0.006550159305334091,0.5356582388840453,0.6,8,0.5,6,1200
/home/iams/ramlab_ws/src/unitree_rl_mjlab/logs/rsl_rl/h1_2_velocity_a1_v2/2026-08-26_10-02-56_a1a_fullmirror_jacc1e-7_standing15_s42/model_10000.pt,td3,"['velocity', 'orientation', 'height']",8,42,0.08987170457839966,0.08894529193639755,0.1305416226387024,0.0857795998454094,0.08762206882238388,0.5,0.0,600.5,0.9951996803283691,0.7692416906356812,35.42395782470703,40.37020492553711,32.54330825805664,74.25045776367188,45.986183166503906,20921.01171875,54520.1875,11639.0625,30770.16796875,0.1923104226589203,0.03289911150932312,0.01671578362584114,0.005927294958382845,0.38571467995643616,229.8095245361328,0.8143228888511658,0.5524909096361151,4767.20751953125,11.460964029102398,0.24164530634880066,0.003987117204815149,0.5493562231759657,0.6,8,0.5,7,1200
/home/iams/ramlab_ws/src/unitree_rl_mjlab/logs/rsl_rl/h1_2_velocity_a1_v2/2026-08-26_10-02-56_a1a_fullmirror_jacc1e-7_standing15_s42/model_10000.pt,td3,"['velocity', 'orientation', 'height']",8,42,0.1317760944366455,0.11219456791877747,0.19766300916671753,0.13037797808647156,0.11545291543006897,0.5,0.0001302083401242271,575.79052734375,1.103255033493042,0.804167628288269,43.813053131103516,49.92375946044922,40.24484634399414,80.55982208251953,51.8657341003418,21826.1953125,47851.90625,15960.720703125,34143.921875,0.20104190707206726,0.04417203739285469,0.021937459707260132,0.009308039210736752,0.47933757305145264,304.8170166015625,0.7549479007720947,0.6646165804448286,5321.896484375,11.603748516223453,0.3284189701080322,0.013191618025302887,0.5538128718226069,0.65,8,0.5,0,1200
/home/iams/ramlab_ws/src/unitree_rl_mjlab/logs/rsl_rl/h1_2_velocity_a1_v2/2026-08-26_10-02-56_a1a_fullmirror_jacc1e-7_standing15_s42/model_10000.pt,td3,"['velocity', 'orientation', 'height']",8,42,0.12174084782600403,0.10553686320781708,0.19465632736682892,0.11899928748607635,0.1067313700914383,0.52,0.0001302083401242271,576.627197265625,1.0879154205322266,0.7925165891647339,43.30335235595703,49.409385681152344,39.7261848449707,78.4384536743164,51.67991638183594,21730.314453125,49055.484375,15997.734375,34238.65625,0.19812914729118347,0.04043060541152954,0.022227177396416664,0.008595596998929977,0.4745030105113983,294.0692443847656,0.7575260400772095,0.6584611177191025,5260.96240234375,11.780012198087478,0.315083384513855,0.010934428311884403,0.5591554423006917,0.65,8,0.5,1,1200
/home/iams/ramlab_ws/src/unitree_rl_mjlab/logs/rsl_rl/h1_2_velocity_a1_v2/2026-08-26_10-02-56_a1a_fullmirror_jacc1e-7_standing15_s42/model_10000.pt,td3,"['velocity', 'orientation', 'height']",8,42,0.1328321397304535,0.10667340457439423,0.19693928956985474,0.13129086792469025,0.10901062190532684,0.5,7.812499825377017e-05,584.2320556640625,1.0979138612747192,0.8015596270561218,42.9392204284668,48.28932571411133,39.95011901855469,75.44803619384766,51.45977783203125,21781.552734375,49903.54296875,15009.771484375,33081.1484375,0.20038990676403046,0.04472116008400917,0.02178376540541649,0.009199758060276508,0.48054859042167664,296.1156921386719,0.7551171779632568,0.6453089660361611,5232.91357421875,11.403804824512424,0.32882440090179443,0.00927472673356533,0.546813812744749,0.65,8,0.5,2,1200
/home/iams/ramlab_ws/src/unitree_rl_mjlab/logs/rsl_rl/h1_2_velocity_a1_v2/2026-08-26_10-02-56_a1a_fullmirror_jacc1e-7_standing15_s42/model_10000.pt,td3,"['velocity', 'orientation', 'height']",8,42,0.12503516674041748,0.10420890152454376,0.18189875781536102,0.12169443070888519,0.10565979778766632,0.5,2.604166729724966e-05,595.44091796875,1.078064203262329,0.7911797165870667,41.780555725097656,46.738983154296875,39.11038589477539,76.53922271728516,51.3232536315918,21265.02734375,50167.12109375,14352.103515625,34272.5,0.19779492914676666,0.04067878797650337,0.020368877798318863,0.008602562360465527,0.46746158599853516,284.1255187988281,0.7641276121139526,0.6282215789851244,5167.1396484375,11.42490886921512,0.3070247173309326,0.007510939612984657,0.5636697247706423,0.65,8,0.5,3,1200
/home/iams/ramlab_ws/src/unitree_rl_mjlab/logs/rsl_rl/h1_2_velocity_a1_v2/2026-08-26_10-02-56_a1a_fullmirror_jacc1e-7_standing15_s42/model_10000.pt,td3,"['velocity', 'orientation', 'height']",8,42,0.12109149992465973,0.10786904394626617,0.20369672775268555,0.11944780498743057,0.10920317471027374,0.5,0.0001822916674427688,569.8110961914062,1.110018014907837,0.8062383532524109,44.54617691040039,51.19274139404297,40.58049011230469,81.31155395507812,52.78208923339844,22266.548828125,50612.1953125,16597.357421875,34414.8671875,0.20155958831310272,0.041904449462890625,0.022703194990754128,0.008677464909851551,0.4801831543445587,307.3825378417969,0.7548567652702332,0.684481030219898,5344.40869140625,11.900956642565768,0.32287588715553284,0.011664626188576221,0.542468656189299,0.65,8,0.5,4,1200
/home/iams/ramlab_ws/src/unitree_rl_mjlab/logs/rsl_rl/h1_2_velocity_a1_v2/2026-08-26_10-02-56_a1a_fullmirror_jacc1e-7_standing15_s42/model_10000.pt,td3,"['velocity', 'orientation', 'height']",8,42,0.1307932436466217,0.10753367096185684,0.19041991233825684,0.12901991605758667,0.10988865792751312,0.5,0.00011718749738065526,582.19189453125,1.1006702184677124,0.8006675243377686,43.28799057006836,48.771759033203125,40.2146110534668,76.6944580078125,52.22867202758789,21858.47265625,49369.328125,15245.1123046875,32740.935546875,0.20016688108444214,0.04261497035622597,0.022234924137592316,0.009183802641928196,0.4817688465118408,301.5101623535156,0.7542122602462769,0.6595413185991412,5301.99072265625,11.59788829393521,0.3270377814769745,0.00980529934167862,0.5552141695282848,0.65,8,0.5,5,1200
/home/iams/ramlab_ws/src/unitree_rl_mjlab/logs/rsl_rl/h1_2_velocity_a1_v2/2026-08-26_10-02-56_a1a_fullmirror_jacc1e-7_standing15_s42/model_10000.pt,td3,"['velocity', 'orientation', 'height']",8,42,0.1274063140153885,0.1019120067358017,0.17832432687282562,0.12557987868785858,0.10294222831726074,0.5,0.0,600.5,1.081014633178711,0.7931488156318665,41.23749542236328,45.72243881225586,38.93998336791992,75.38066101074219,50.467201232910156,21189.908203125,49057.2421875,13745.548828125,31924.462890625,0.1982872039079666,0.03970709443092346,0.020975669845938683,0.008422557264566422,0.46941491961479187,284.5765380859375,0.763170599937439,0.6269247567716096,5202.33544921875,11.460793666304827,0.3066820502281189,0.008512116968631744,0.5721735891227416,0.65,8,0.5,6,1200
/home/iams/ramlab_ws/src/unitree_rl_mjlab/logs/rsl_rl/h1_2_velocity_a1_v2/2026-08-26_10-02-56_a1a_fullmirror_jacc1e-7_standing15_s42/model_10000.pt,td3,"['velocity', 'orientation', 'height']",8,42,0.1267467439174652,0.10333798080682755,0.16228321194648743,0.12415722012519836,0.10480687022209167,0.5,0.0,600.5,1.0706299543380737,0.7886483073234558,39.2724723815918,42.223995208740234,38.18478012084961,71.63050842285156,49.83940505981445,20733.728515625,48910.73828125,11855.9921875,30845.185546875,0.19716207683086395,0.039588235318660736,0.020387837663292885,0.00847333762794733,0.4614694118499756,276.1556091308594,0.7672135233879089,0.608728790622508,5142.83544921875,11.336334093328759,0.302148699760437,0.00785865355283022,0.5832542244161761,0.65,8,0.5,7,1200
/home/iams/ramlab_ws/src/unitree_rl_mjlab/logs/rsl_rl/h1_2_velocity_a1_v2/2026-08-26_10-02-56_a1a_fullmirror_jacc1e-7_standing15_s42/model_10000.pt,td3,"['velocity', 'orientation', 'height']",8,42,0.1402469128370285,0.14537009596824646,0.26228535175323486,0.13647404313087463,0.146387979388237,0.52,0.0002864583220798522,555.2301025390625,1.1711959838867188,0.8183441162109375,50.97694396972656,58.775970458984375,46.28893280029297,85.42779541015625,55.872013092041016,22173.400390625,44898.21875,20383.17578125,37285.57421875,0.20458602905273438,0.05107889696955681,0.027522487565875053,0.011158693581819534,0.5374774932861328,369.0216979980469,0.6796354055404663,0.7904107466870083,5829.19775390625,12.4856089169764,0.39983808994293213,0.016344403848052025,0.5269296740994854,0.7,8,0.5,0,1200
/home/iams/ramlab_ws/src/unitree_rl_mjlab/logs/rsl_rl/h1_2_velocity_a1_v2/2026-08-26_10-02-56_a1a_fullmirror_jacc1e-7_standing15_s42/model_10000.pt,td3,"['velocity', 'orientation', 'height']",8,42,0.14023341238498688,0.1352020502090454,0.2227761298418045,0.13540343940258026,0.1351301521062851,0.5,0.0001302083401242271,580.3543701171875,1.1364787817001343,0.7984650135040283,47.379493713378906,52.777584075927734,44.559749603271484,81.20211791992188,54.468990325927734,21030.435546875,46173.66015625,17396.1796875,35604.17578125,0.19961625337600708,0.04770217835903168,0.026045693084597588,0.010585224255919456,0.5285192728042603,343.2337341308594,0.6900520920753479,0.7363761375580551,5644.9453125,12.110707585718057,0.3812468349933624,0.011431362479925156,0.5564209382358268,0.7,8,0.5,1,1200
/home/iams/ramlab_ws/src/unitree_rl_mjlab/logs/rsl_rl/h1_2_velocity_a1_v2/2026-08-26_10-02-56_a1a_fullmirror_jacc1e-7_standing15_s42/model_10000.pt,td3,"['velocity', 'orientation', 'height']",8,42,0.13781629502773285,0.13791103661060333,0.21474838256835938,0.13419580459594727,0.13863220810890198,0.52,0.00011718749738065526,579.5850830078125,1.1269373893737793,0.7910705208778381,46.35554122924805,50.901832580566406,44.206790924072266,78.94647979736328,54.16379928588867,20671.724609375,45944.58203125,16357.0947265625,35783.21484375,0.19776763021945953,0.04699285700917244,0.02602219395339489,0.01058194786310196,0.5240846276283264,334.8572998046875,0.6971288919448853,0.7178409634723414,5603.04638671875,12.011374244880589,0.3709237277507782,0.010137367993593216,0.5718540580789278,0.7,8,0.5,2,1200
/home/iams/ramlab_ws/src/unitree_rl_mjlab/logs/rsl_rl/h1_2_velocity_a1_v2/2026-08-26_10-02-56_a1a_fullmirror_jacc1e-7_standing15_s42/model_10000.pt,td3,"['velocity', 'orientation', 'height']",8,42,0.155722975730896,0.14251457154750824,0.24663187563419342,0.1511765718460083,0.14284741878509521,0.5,0.000442708347691223,543.1882934570312,1.1845449209213257,0.8213533163070679,50.003055572509766,56.0777587890625,46.69282531738281,83.61742401123047,57.14060974121094,22484.162109375,47764.40625,18527.15234375,35818.7890625,0.20533832907676697,0.05516800656914711,0.028757603839039803,0.01264361571520567,0.5492877960205078,376.98199462890625,0.68233722448349,0.7926737840511181,5870.18603515625,12.343141702717496,0.41925859451293945,0.01941676065325737,0.5391365391365391,0.7,8,0.5,3,1200
/home/iams/ramlab_ws/src/unitree_rl_mjlab/logs/rsl_rl/h1_2_velocity_a1_v2/2026-08-26_10-02-56_a1a_fullmirror_jacc1e-7_standing15_s42/model_10000.pt,td3,"['velocity', 'orientation', 'height']",8,42,0.14019007980823517,0.1351860761642456,0.21786582469940186,0.13574530184268951,0.13458923995494843,0.52,0.00010416666918899864,586.4235229492188,1.1281026601791382,0.7932650446891785,46.22355270385742,50.6649284362793,44.14006042480469,77.2835464477539,55.20529556274414,20769.25,46299.21875,16072.9189453125,34458.3984375,0.19831626117229462,0.04709958657622337,0.025807248428463936,0.010606138035655022,0.5263475179672241,335.45489501953125,0.6926236748695374,0.7138695058648713,5587.5498046875,11.890664560645323,0.37123122811317444,0.008894667960703373,0.5666851134477033,0.7,8,0.5,4,1200
/home/iams/ramlab_ws/src/unitree_rl_mjlab/logs/rsl_rl/h1_2_velocity_a1_v2/2026-08-26_10-02-56_a1a_fullmirror_jacc1e-7_standing15_s42/model_10000.pt,td3,"['velocity', 'orientation', 'height']",8,42,0.13507400453090668,0.1370055377483368,0.23000986874103546,0.13020625710487366,0.13811887800693512,0.52,0.0001822916674427688,569.0775756835938,1.1368426084518433,0.7958738207817078,47.656166076660156,53.332122802734375,44.62722396850586,80.7029800415039,54.48212432861328,21118.3984375,45880.9453125,17650.921875,35498.98828125,0.19896845519542694,0.04792160168290138,0.026813345029950142,0.010545707307755947,0.5259408354759216,342.34149169921875,0.6916601657867432,0.742964499365845,5664.1640625,12.292618465697034,0.3771260678768158,0.012404591776430607,0.557632964240334,0.7,8,0.5,5,1200
/home/iams/ramlab_ws/src/unitree_rl_mjlab/logs/rsl_rl/h1_2_velocity_a1_v2/2026-08-26_10-02-56_a1a_fullmirror_jacc1e-7_standing15_s42/model_10000.pt,td3,"['velocity', 'orientation', 'height']",8,42,0.1347452998161316,0.1356622874736786,0.18830837309360504,0.12998363375663757,0.1363208144903183,0.52,0.0,600.5,1.100660800933838,0.7787842750549316,43.644203186035156,46.565818786621094,42.76533889770508,75.35543060302734,52.95307159423828,19804.041015625,45327.80078125,14136.9873046875,35178.578125,0.1946960687637329,0.045084159821271896,0.023691384121775627,0.010006658732891083,0.5079476833343506,314.2478942871094,0.7040039300918579,0.6720879957023621,5411.4873046875,11.573652456027459,0.3524189293384552,0.006176225375384092,0.5948876839659178,0.7,8,0.5,6,1200
/home/iams/ramlab_ws/src/unitree_rl_mjlab/logs/rsl_rl/h1_2_velocity_a1_v2/2026-08-26_10-02-56_a1a_fullmirror_jacc1e-7_standing15_s42/model_10000.pt,td3,"['velocity', 'orientation', 'height']",8,42,0.13374103605747223,0.13014595210552216,0.1978253424167633,0.12947846949100494,0.1315518617630005,0.52,0.0,600.5,1.1078205108642578,0.7818621397018433,44.58802032470703,48.24479675292969,43.128631591796875,76.38652038574219,53.4640007019043,20053.681640625,45454.3203125,15018.9521484375,34873.5234375,0.19546553492546082,0.04454664885997772,0.024212563410401344,0.009901371784508228,0.5133101344108582,319.6962890625,0.7052213549613953,0.6886318767225913,5472.02783203125,11.786851740870231,0.35493531823158264,0.007183675654232502,0.5860358641739793,0.7,8,0.5,7,1200
/home/iams/ramlab_ws/src/unitree_rl_mjlab/logs/rsl_rl/h1_2_velocity_a1_v2/2026-08-26_10-02-56_a1a_fullmirror_jacc1e-7_standing15_s42/model_10000.pt,td3,"['velocity', 'orientation', 'height']",8,42,0.06945253163576126,0.06470248103141785,0.1002497673034668,0.06285378336906433,0.06401313096284866,0.58,0.0,600.5,0.890028715133667,0.7913450002670288,33.41182327270508,46.670597076416016,23.623401641845703,91.23263549804688,27.928022384643555,22123.869140625,61257.38671875,14677.974609375,29618.37890625,0.1978362500667572,0.0293678417801857,0.013021294958889484,0.004546350799500942,0.28483450412750244,188.37864685058594,0.98653644323349,0.5618101081932109,4498.322265625,13.415548760591946,0.24678698182106018,0.0012429028283804655,0.3932411674347158,0.4,12,0.5,0,1200
/home/iams/ramlab_ws/src/unitree_rl_mjlab/logs/rsl_rl/h1_2_velocity_a1_v2/2026-08-26_10-02-56_a1a_fullmirror_jacc1e-7_standing15_s42/model_10000.pt,td3,"['velocity', 'orientation', 'height']",8,42,0.06788279116153717,0.06470732390880585,0.09270763397216797,0.06145425885915756,0.06403536349534988,0.58,0.0,600.5,0.893099308013916,0.7948611974716187,32.583580017089844,45.255348205566406,23.245901107788086,85.31591796875,28.324405670166016,22197.0546875,62179.19140625,13842.3349609375,28759.90625,0.19871529936790466,0.03193284571170807,0.013589114882051945,0.004707634449005127,0.2798926830291748,188.69093322753906,0.9889192581176758,0.5605576930091117,4521.56201171875,13.432527694146346,0.24695037305355072,0.0011160953436046839,0.393140517020732,0.4,12,0.5,1,1200
/home/iams/ramlab_ws/src/unitree_rl_mjlab/logs/rsl_rl/h1_2_velocity_a1_v2/2026-08-26_10-02-56_a1a_fullmirror_jacc1e-7_standing15_s42/model_10000.pt,td3,"['velocity', 'orientation', 'height']",8,42,0.06827989965677261,0.06419994682073593,0.10100439935922623,0.06170901656150818,0.06351267546415329,0.58,0.0,600.5,0.8903133869171143,0.792833149433136,33.020233154296875,46.14313888549805,23.33000946044922,89.48196411132812,28.1112003326416,22312.150390625,64311.4765625,14373.28125,30364.544921875,0.198208287358284,0.029865507036447525,0.013513470999896526,0.004485461860895157,0.2850360572338104,188.50502014160156,0.9871224164962769,0.5635711882988372,4539.427734375,13.57147114131081,0.2440153956413269,0.0009537865407764912,0.39319083578650965,0.4,12,0.5,2,1200
/home/iams/ramlab_ws/src/unitree_rl_mjlab/logs/rsl_rl/h1_2_velocity_a1_v2/2026-08-26_10-02-56_a1a_fullmirror_jacc1e-7_standing15_s42/model_10000.pt,td3,"['velocity', 'orientation', 'height']",8,42,0.06917954981327057,0.06530017405748367,0.08976303040981293,0.0626121535897255,0.06458772718906403,0.58,0.0,600.5,0.8841264843940735,0.7865760326385498,32.84052658081055,45.74617004394531,23.312225341796875,89.27940368652344,27.887311935424805,22153.953125,64564.3203125,14189.7080078125,29820.4765625,0.19664400815963745,0.028573734685778618,0.01327527780085802,0.00448227534070611,0.28356438875198364,186.69949340820312,0.9886913895606995,0.5610738909376916,4493.00732421875,13.502494379506212,0.24064387381076813,0.0008861502865329385,0.39309021113243764,0.4,12,0.5,3,1200
/home/iams/ramlab_ws/src/unitree_rl_mjlab/logs/rsl_rl/h1_2_velocity_a1_v2/2026-08-26_10-02-56_a1a_fullmirror_jacc1e-7_standing15_s42/model_10000.pt,td3,"['velocity', 'orientation', 'height']",8,42,0.06883537024259567,0.06402555108070374,0.08812037110328674,0.0622587688267231,0.06327039003372192,0.58,0.0,600.5,0.8902192115783691,0.791534423828125,32.19658660888672,44.0717658996582,23.52522850036621,77.23213195800781,28.17440414428711,22088.61328125,62995.38671875,13117.212890625,28851.287109375,0.19788360595703125,0.02951151505112648,0.013171029277145863,0.004584777168929577,0.28470221161842346,187.98570251464844,0.98897784948349,0.5605491249669693,4522.01611328125,13.484067562635186,0.2456749975681305,0.0011943093268200755,0.39293937068303914,0.4,12,0.5,4,1200
/home/iams/ramlab_ws/src/unitree_rl_mjlab/logs/rsl_rl/h1_2_velocity_a1_v2/2026-08-26_10-02-56_a1a_fullmirror_jacc1e-7_standing15_s42/model_10000.pt,td3,"['velocity', 'orientation', 'height']",8,42,0.07126754522323608,0.06432954221963882,0.09117939323186874,0.0647985115647316,0.06352399289608002,0.58,0.0,600.5,0.8902443051338196,0.7903578281402588,32.56142807006836,44.50326156616211,23.855819702148438,86.0131607055664,27.845548629760742,22087.166015625,59869.3515625,13456.7607421875,28186.65234375,0.1975894570350647,0.03067352995276451,0.013971497304737568,0.004635459743440151,0.28518977761268616,189.75421142578125,0.9878515601158142,0.5712173511853538,4531.31689453125,13.640628143710329,0.24607490003108978,0.0010340564185753465,0.3932915119702983,0.4,12,0.5,5,1200
/home/iams/ramlab_ws/src/unitree_rl_mjlab/logs/rsl_rl/h1_2_velocity_a1_v2/2026-08-26_10-02-56_a1a_fullmirror_jacc1e-7_standing15_s42/model_10000.pt,td3,"['velocity', 'orientation', 'height']",8,42,0.06879951804876328,0.06517539173364639,0.08792222291231155,0.06220454350113869,0.06451661139726639,0.58,0.0,600.5,0.8935447335243225,0.7952513694763184,32.52320098876953,44.81654357910156,23.4925479888916,84.6040267944336,28.72130012512207,22043.201171875,63652.05078125,13518.0986328125,30692.8359375,0.1988128423690796,0.030245088040828705,0.013505944050848484,0.004682593978941441,0.28561022877693176,189.66001892089844,0.9868229031562805,0.5642073512893221,4555.84033203125,13.552878078612139,0.24757511913776398,0.001327194389887154,0.3932915119702983,0.4,12,0.5,6,1200
/home/iams/ramlab_ws/src/unitree_rl_mjlab/logs/rsl_rl/h1_2_velocity_a1_v2/2026-08-26_10-02-56_a1a_fullmirror_jacc1e-7_standing15_s42/model_10000.pt,td3,"['velocity', 'orientation', 'height']",8,42,0.07105520367622375,0.06432686001062393,0.0924014151096344,0.0643462985754013,0.06359872221946716,0.58,0.0,600.5,0.8834705948829651,0.7869393229484558,33.06798553466797,46.486968994140625,23.113861083984375,92.58204650878906,28.618040084838867,22274.171875,65012.89453125,14593.6845703125,29696.587890625,0.19673483073711395,0.028411047533154488,0.013058269396424294,0.004350767936557531,0.28418388962745667,185.96340942382812,0.9868749976158142,0.560324778876659,4518.99853515625,13.616155564605945,0.2413092851638794,0.0010863241041079164,0.3928891162552756,0.4,12,0.5,7,1200
/home/iams/ramlab_ws/src/unitree_rl_mjlab/logs/rsl_rl/h1_2_velocity_a1_v2/2026-08-26_10-02-56_a1a_fullmirror_jacc1e-7_standing15_s42/model_10000.pt,td3,"['velocity', 'orientation', 'height']",8,42,0.06467057764530182,0.07486731559038162,0.09738515317440033,0.058680210262537,0.07411344349384308,0.6,0.0,600.5,0.8711954355239868,0.7628538608551025,32.26945114135742,43.95896530151367,23.72940444946289,85.39601135253906,29.907142639160156,21485.951171875,62769.6484375,13658.0615234375,31880.029296875,0.19071346521377563,0.03504576534032822,0.014294837601482868,0.004984882660210133,0.28053876757621765,191.35731506347656,0.9404882788658142,0.5408441122729022,4694.43798828125,13.268158970763585,0.24125559628009796,0.0015803137794137,0.44341801385681295,0.45,12,0.5,0,1200
/home/iams/ramlab_ws/src/unitree_rl_mjlab/logs/rsl_rl/h1_2_velocity_a1_v2/2026-08-26_10-02-56_a1a_fullmirror_jacc1e-7_standing15_s42/model_10000.pt,td3,"['velocity', 'orientation', 'height']",8,42,0.06434664130210876,0.07236012816429138,0.09801323711872101,0.058262161910533905,0.07161090523004532,0.6,0.0,600.5,0.8747093081474304,0.7637819051742554,31.76374053955078,42.688751220703125,23.86235237121582,81.09769439697266,29.966827392578125,21235.416015625,64823.4140625,12866.6728515625,28493.759765625,0.19094547629356384,0.03343886882066727,0.014432048425078392,0.004887496121227741,0.2862635850906372,191.39736938476562,0.939928412437439,0.541410166955331,4719.7685546875,13.350918138183031,0.23831619322299957,0.0015264638932421803,0.4438664932813177,0.45,12,0.5,1,1200
/home/iams/ramlab_ws/src/unitree_rl_mjlab/logs/rsl_rl/h1_2_velocity_a1_v2/2026-08-26_10-02-56_a1a_fullmirror_jacc1e-7_standing15_s42/model_10000.pt,td3,"['velocity', 'orientation', 'height']",8,42,0.06524225324392319,0.07379186898469925,0.09967350959777832,0.059086646884679794,0.07298272103071213,0.6,0.0,600.5,0.867615818977356,0.7573282718658447,32.12423324584961,43.51641845703125,23.845136642456055,85.24150848388672,29.992624282836914,21172.74609375,65550.7109375,13414.0654296875,29715.552734375,0.18933206796646118,0.032146282494068146,0.013977478258311749,0.004776278045028448,0.2866133153438568,189.93077087402344,0.9421093463897705,0.5426572443230414,4706.263671875,13.446416021945625,0.23877906799316406,0.0015036131953820586,0.4432900432900433,0.45,12,0.5,2,1200
/home/iams/ramlab_ws/src/unitree_rl_mjlab/logs/rsl_rl/h1_2_velocity_a1_v2/2026-08-26_10-02-56_a1a_fullmirror_jacc1e-7_standing15_s42/model_10000.pt,td3,"['velocity', 'orientation', 'height']",8,42,0.06569083780050278,0.07331165671348572,0.09525293111801147,0.0594685822725296,0.07254698127508163,0.6,0.0,600.5,0.8664931654930115,0.7560132145881653,31.392412185668945,41.9130744934082,23.82259178161621,78.72674560546875,29.893083572387695,21021.44921875,63985.86328125,12438.3583984375,28019.65234375,0.18900330364704132,0.031317226588726044,0.014221361838281155,0.004601655062288046,0.28639933466911316,189.78099060058594,0.9426562786102295,0.5428354868897672,4712.1259765625,13.478216472243743,0.23663482069969177,0.0015965187922120094,0.442523768366465,0.45,12,0.5,3,1200
/home/iams/ramlab_ws/src/unitree_rl_mjlab/logs/rsl_rl/h1_2_velocity_a1_v2/2026-08-26_10-02-56_a1a_fullmirror_jacc1e-7_standing15_s42/model_10000.pt,td3,"['velocity', 'orientation', 'height']",8,42,0.06560899317264557,0.07290048897266388,0.09933104366064072,0.05958685278892517,0.07207843661308289,0.6,0.0,600.5,0.8753458261489868,0.7620368003845215,32.781715393066406,44.374820709228516,24.37760353088379,86.53202819824219,30.40119171142578,21390.26171875,65248.8046875,13847.697265625,30749.791015625,0.19050920009613037,0.03375421091914177,0.01443051639944315,0.004980883561074734,0.2895713746547699,192.97869873046875,0.9417708516120911,0.5455637609678504,4741.673828125,13.405030404275756,0.24485862255096436,0.0019165975973010063,0.4436101083032491,0.45,12,0.5,4,1200
/home/iams/ramlab_ws/src/unitree_rl_mjlab/logs/rsl_rl/h1_2_velocity_a1_v2/2026-08-26_10-02-56_a1a_fullmirror_jacc1e-7_standing15_s42/model_10000.pt,td3,"['velocity', 'orientation', 'height']",8,42,0.06652113795280457,0.07343423366546631,0.0963023453950882,0.06021161004900932,0.07266075909137726,0.6,0.0,600.5,0.8667981028556824,0.7555181980133057,31.6766300201416,42.42874526977539,23.915056228637695,80.41836547851562,29.805273056030273,21132.642578125,64927.5,12736.916015625,29058.63671875,0.18887954950332642,0.03126193955540657,0.01394261047244072,0.004599699750542641,0.28561484813690186,189.40628051757812,0.9444661736488342,0.5432368239373305,4684.720703125,13.436264686933779,0.23513191938400269,0.0014105529990047216,0.44316214656664743,0.45,12,0.5,5,1200
/home/iams/ramlab_ws/src/unitree_rl_mjlab/logs/rsl_rl/h1_2_velocity_a1_v2/2026-08-26_10-02-56_a1a_fullmirror_jacc1e-7_standing15_s42/model_10000.pt,td3,"['velocity', 'orientation', 'height']",8,42,0.0662306621670723,0.07214224338531494,0.09935750812292099,0.05993598327040672,0.07130169123411179,0.6,0.0,600.5,0.871651291847229,0.7601175904273987,31.78972053527832,42.654972076416016,23.948200225830078,80.32996368408203,29.940719604492188,21151.322265625,65822.125,12860.29296875,28830.103515625,0.19002939760684967,0.03113672323524952,0.014654291793704033,0.004759558476507664,0.2904779613018036,192.61048889160156,0.9407486915588379,0.55418310406733,4778.44873046875,13.748655923809132,0.2349546253681183,0.001451395801268518,0.4436741767764298,0.45,12,0.5,6,1200
/home/iams/ramlab_ws/src/unitree_rl_mjlab/logs/rsl_rl/h1_2_velocity_a1_v2/2026-08-26_10-02-56_a1a_fullmirror_jacc1e-7_standing15_s42/model_10000.pt,td3,"['velocity', 'orientation', 'height']",8,42,0.06759247183799744,0.07219605892896652,0.10042291134595871,0.061165787279605865,0.07142120599746704,0.62,0.0,600.5,0.8634430170059204,0.7521575093269348,32.3142204284668,44.051177978515625,23.77495765686035,88.61849212646484,29.795644760131836,21227.87890625,65570.390625,13729.2626953125,30546.703125,0.1880393773317337,0.02921374887228012,0.014269037172198296,0.004560715053230524,0.28932031989097595,188.14398193359375,0.9447591304779053,0.5449257807105023,4717.10986328125,13.662274624284814,0.23235568404197693,0.0015127545921131968,0.4432900432900433,0.45,12,0.5,7,1200
/home/iams/ramlab_ws/src/unitree_rl_mjlab/logs/rsl_rl/h1_2_velocity_a1_v2/2026-08-26_10-02-56_a1a_fullmirror_jacc1e-7_standing15_s42/model_10000.pt,td3,"['velocity', 'orientation', 'height']",8,42,0.06916659325361252,0.08048896491527557,0.09918700903654099,0.06336889415979385,0.07934755831956863,0.64,0.0,600.5,0.8945078253746033,0.7500758171081543,32.24624252319336,40.8969841003418,26.287330627441406,79.58306884765625,33.34286117553711,20589.3046875,60896.15234375,12099.4111328125,29509.84765625,0.18751895427703857,0.03328133374452591,0.015078261494636536,0.0049901376478374004,0.3125854432582855,198.8221435546875,0.9115754961967468,0.5358379181005528,4849.82275390625,13.070570949754506,0.2344062775373459,0.002803212497383356,0.4880838894184938,0.5,12,0.5,0,1200
/home/iams/ramlab_ws/src/unitree_rl_mjlab/logs/rsl_rl/h1_2_velocity_a1_v2/2026-08-26_10-02-56_a1a_fullmirror_jacc1e-7_standing15_s42/model_10000.pt,td3,"['velocity', 'orientation', 'height']",8,42,0.06940161436796188,0.07954160124063492,0.09997078776359558,0.0637248307466507,0.07836680114269257,0.64,0.0,600.5,0.9043062329292297,0.7602332234382629,32.24264907836914,40.80158996582031,26.35997200012207,75.14314270019531,32.91840744018555,20846.642578125,62536.98046875,12039.599609375,29256.35546875,0.19005830585956573,0.03542633727192879,0.015933135524392128,0.005296134389936924,0.31507372856140137,203.736083984375,0.9088736772537231,0.5438691298834477,4888.84423828125,13.05066505599592,0.2366301715373993,0.0028021233156323433,0.4873096446700508,0.5,12,0.5,1,1200
/home/iams/ramlab_ws/src/unitree_rl_mjlab/logs/rsl_rl/h1_2_velocity_a1_v2/2026-08-26_10-02-56_a1a_fullmirror_jacc1e-7_standing15_s42/model_10000.pt,td3,"['velocity', 'orientation', 'height']",8,42,0.07014039158821106,0.07879313081502914,0.09385274350643158,0.06459697335958481,0.07758734375238419,0.64,0.0,600.5,0.9012055397033691,0.7570516467094421,32.1906852722168,40.58732986450195,26.434541702270508,79.0578384399414,33.50431823730469,20710.51953125,62080.23828125,11905.0078125,29740.734375,0.18926291167736053,0.0356672927737236,0.01519493106752634,0.005372449290007353,0.31277069449424744,201.62515258789062,0.9109570384025574,0.5341561173262253,4865.17626953125,12.889085940135322,0.24001246690750122,0.0029839647468179464,0.48792884371029227,0.5,12,0.5,2,1200
/home/iams/ramlab_ws/src/unitree_rl_mjlab/logs/rsl_rl/h1_2_velocity_a1_v2/2026-08-26_10-02-56_a1a_fullmirror_jacc1e-7_standing15_s42/model_10000.pt,td3,"['velocity', 'orientation', 'height']",8,42,0.07108239829540253,0.07810712605714798,0.09798623621463776,0.06549425423145294,0.07697077095508575,0.64,0.0,600.5,0.9041301012039185,0.7607991695404053,31.837398529052734,39.89910888671875,26.335716247558594,73.61872100830078,32.60279846191406,20725.412109375,62264.19921875,11335.095703125,27288.498046875,0.19019979238510132,0.034961968660354614,0.015719780698418617,0.005243256688117981,0.3147996664047241,202.61636352539062,0.9114388227462769,0.5400628103745425,4889.29248046875,13.03214131391535,0.2386130839586258,0.003185879671946168,0.48769645975551673,0.5,12,0.5,3,1200
/home/iams/ramlab_ws/src/unitree_rl_mjlab/logs/rsl_rl/h1_2_velocity_a1_v2/2026-08-26_10-02-56_a1a_fullmirror_jacc1e-7_standing15_s42/model_10000.pt,td3,"['velocity', 'orientation', 'height']",8,42,0.0682276040315628,0.07805953174829483,0.09962081164121628,0.062224194407463074,0.07691079378128052,0.64,0.0,600.5,0.8829365968704224,0.7422822117805481,32.1260871887207,41.41022491455078,25.648269653320312,76.3486099243164,32.03477478027344,20636.67578125,59119.45703125,12658.6455078125,29179.609375,0.18557055294513702,0.031283795833587646,0.016037296503782272,0.004769809078425169,0.3104187548160553,196.37380981445312,0.9094531536102295,0.5371879359970253,4867.44482421875,13.315078406438499,0.22968730330467224,0.0026310530956834555,0.48599905078310396,0.5,12,0.5,4,1200
/home/iams/ramlab_ws/src/unitree_rl_mjlab/logs/rsl_rl/h1_2_velocity_a1_v2/2026-08-26_10-02-56_a1a_fullmirror_jacc1e-7_standing15_s42/model_10000.pt,td3,"['velocity', 'orientation', 'height']",8,42,0.06877966225147247,0.07802404463291168,0.09353622794151306,0.06290538609027863,0.07689542323350906,0.64,0.0,600.5,0.8919556736946106,0.7492262721061707,31.165199279785156,38.911617279052734,25.950695037841797,70.74559783935547,31.85055160522461,20380.591796875,62363.48828125,10999.0771484375,25727.578125,0.18730656802654266,0.032370585948228836,0.016101479530334473,0.004979144781827927,0.31335023045539856,199.56494140625,0.9079687595367432,0.5435946632316204,4911.544921875,13.378549669288214,0.23134303092956543,0.0026856770273298025,0.48831664282308057,0.5,12,0.5,5,1200
/home/iams/ramlab_ws/src/unitree_rl_mjlab/logs/rsl_rl/h1_2_velocity_a1_v2/2026-08-26_10-02-56_a1a_fullmirror_jacc1e-7_standing15_s42/model_10000.pt,td3,"['velocity', 'orientation', 'height']",8,42,0.07104835659265518,0.0782204195857048,0.09949669241905212,0.06542958319187164,0.0771508440375328,0.64,0.0,600.5,0.900158703327179,0.759184718132019,32.61254119873047,41.8968620300293,26.095651626586914,83.01913452148438,33.473236083984375,21022.001953125,62063.3984375,12705.904296875,31835.376953125,0.18979617953300476,0.03519362956285477,0.014853596687316895,0.005330781918019056,0.3106165826320648,200.8739776611328,0.9103450775146484,0.5325690836909097,4836.07763671875,12.821697158925687,0.23813891410827637,0.00305767054669559,0.4837795275590551,0.5,12,0.5,6,1200
/home/iams/ramlab_ws/src/unitree_rl_mjlab/logs/rsl_rl/h1_2_velocity_a1_v2/2026-08-26_10-02-56_a1a_fullmirror_jacc1e-7_standing15_s42/model_10000.pt,td3,"['velocity', 'orientation', 'height']",8,42,0.06581837683916092,0.07984944432973862,0.09496182948350906,0.05993231385946274,0.07878268510103226,0.64,0.0,600.5,0.8899065256118774,0.7508302330970764,31.572532653808594,40.0105094909668,25.767425537109375,74.18270111083984,32.43133544921875,20420.23828125,59762.5859375,11673.8037109375,28217.986328125,0.1877075582742691,0.0332556813955307,0.01571361906826496,0.004971019923686981,0.3112584352493286,198.9191436767578,0.9103450775146484,0.5390367121596029,4911.13916015625,13.308344602772216,0.2299642711877823,0.0023057565558701754,0.48769645975551673,0.5,12,0.5,7,1200
/home/iams/ramlab_ws/src/unitree_rl_mjlab/logs/rsl_rl/h1_2_velocity_a1_v2/2026-08-26_10-02-56_a1a_fullmirror_jacc1e-7_standing15_s42/model_10000.pt,td3,"['velocity', 'orientation', 'height']",8,42,0.07725125551223755,0.08335557579994202,0.11272036284208298,0.07231657207012177,0.08193723857402802,0.68,0.0,600.5,0.9405437111854553,0.7543745040893555,33.06467819213867,39.200138092041016,29.190475463867188,71.7129135131836,38.05425262451172,20812.673828125,59400.63671875,11262.1455078125,29087.771484375,0.18859362602233887,0.032313838601112366,0.018019750714302063,0.005366097670048475,0.35290947556495667,216.14927673339844,0.8524088263511658,0.5569423094805798,5066.794921875,13.055387246489495,0.22880755364894867,0.003974640276283026,0.5211195928753181,0.55,12,0.5,0,1200
/home/iams/ramlab_ws/src/unitree_rl_mjlab/logs/rsl_rl/h1_2_velocity_a1_v2/2026-08-26_10-02-56_a1a_fullmirror_jacc1e-7_standing15_s42/model_10000.pt,td3,"['velocity', 'orientation', 'height']",8,42,0.07721716910600662,0.08480526506900787,0.11277154088020325,0.0724230706691742,0.08337137848138809,0.5,0.0,600.5,0.9412397146224976,0.7569298148155212,32.540687561035156,38.1942253112793,29.036230087280273,69.22000885009766,38.012550354003906,20566.19921875,58816.77734375,10569.90234375,27854.71875,0.1892324537038803,0.033599868416786194,0.018099850043654442,0.005667436867952347,0.3538126051425934,216.75830078125,0.8529492020606995,0.5542131317064389,5078.388671875,12.984555229857877,0.23375211656093597,0.003969644661992788,0.5245005975755507,0.55,12,0.5,1,1200
/home/iams/ramlab_ws/src/unitree_rl_mjlab/logs/rsl_rl/h1_2_velocity_a1_v2/2026-08-26_10-02-56_a1a_fullmirror_jacc1e-7_standing15_s42/model_10000.pt,td3,"['velocity', 'orientation', 'height']",8,42,0.0773284062743187,0.08476976305246353,0.1086854562163353,0.07260347157716751,0.08330357819795609,0.5,0.0,600.5,0.9363583922386169,0.7517256736755371,33.13808822631836,39.46824264526367,29.08250617980957,72.21632385253906,38.20335388183594,20825.443359375,59185.01953125,11481.51953125,28598.58203125,0.18793141841888428,0.03401588276028633,0.01691223494708538,0.005513705313205719,0.349541038274765,213.73916625976562,0.8563020825386047,0.5441430485917248,5001.2626953125,12.73235316502793,0.23786242306232452,0.0037937061861157417,0.5253976398152899,0.55,12,0.5,2,1200
/home/iams/ramlab_ws/src/unitree_rl_mjlab/logs/rsl_rl/h1_2_velocity_a1_v2/2026-08-26_10-02-56_a1a_fullmirror_jacc1e-7_standing15_s42/model_10000.pt,td3,"['velocity', 'orientation', 'height']",8,42,0.07744713127613068,0.08516757935285568,0.11532272398471832,0.07296082377433777,0.08379735052585602,0.5,0.0,600.5,0.9465456008911133,0.7611024975776672,33.8521728515625,40.99085998535156,29.06887435913086,75.7499771118164,38.93849182128906,21236.97265625,59668.7109375,12230.7412109375,31060.076171875,0.1902756243944168,0.036155469715595245,0.016910184174776077,0.0058447979390621185,0.35255295038223267,217.17176818847656,0.8582552075386047,0.54499472066307,4962.279296875,12.452889899434927,0.23980242013931274,0.0030455528758466244,0.520149001015916,0.55,12,0.5,3,1200
/home/iams/ramlab_ws/src/unitree_rl_mjlab/logs/rsl_rl/h1_2_velocity_a1_v2/2026-08-26_10-02-56_a1a_fullmirror_jacc1e-7_standing15_s42/model_10000.pt,td3,"['velocity', 'orientation', 'height']",8,42,0.07566297054290771,0.08374082297086716,0.11073524504899979,0.07057812809944153,0.08237301558256149,0.68,0.0,600.5,0.940625786781311,0.7516750693321228,33.16770935058594,39.005672454833984,29.589147567749023,70.80933380126953,37.68159103393555,20447.328125,60103.796875,11172.2490234375,29491.5234375,0.1879187673330307,0.0328291654586792,0.018630893900990486,0.005449982360005379,0.3553348183631897,216.0859375,0.8500455617904663,0.5571113326239013,5084.02490234375,13.10759958379988,0.22928953170776367,0.0038211150094866753,0.52856159669649,0.55,12,0.5,4,1200
/home/iams/ramlab_ws/src/unitree_rl_mjlab/logs/rsl_rl/h1_2_velocity_a1_v2/2026-08-26_10-02-56_a1a_fullmirror_jacc1e-7_standing15_s42/model_10000.pt,td3,"['velocity', 'orientation', 'height']",8,42,0.07749519497156143,0.084426648914814,0.1177680715918541,0.07272116839885712,0.08310342580080032,0.5,0.0,600.5,0.9451228380203247,0.7577475309371948,34.06862258911133,41.18153381347656,29.3844051361084,75.5681381225586,38.439666748046875,21013.888671875,60736.890625,12287.52734375,31605.96875,0.1894368827342987,0.03393450379371643,0.01784602552652359,0.005773935932666063,0.3555265963077545,218.75523376464844,0.8562434911727905,0.5560820922904729,5039.65087890625,12.810935537269273,0.23589883744716644,0.0034801058936864138,0.5208545269582909,0.55,12,0.5,5,1200
/home/iams/ramlab_ws/src/unitree_rl_mjlab/logs/rsl_rl/h1_2_velocity_a1_v2/2026-08-26_10-02-56_a1a_fullmirror_jacc1e-7_standing15_s42/model_10000.pt,td3,"['velocity', 'orientation', 'height']",8,42,0.08171968162059784,0.08361831307411194,0.12028951942920685,0.07710859924554825,0.082189179956913,0.5,0.0,600.5,0.9484165906906128,0.7622777819633484,34.368717193603516,42.026405334472656,29.204082489013672,79.39578247070312,38.45626449584961,21297.720703125,60832.51171875,12772.5322265625,32356.357421875,0.1905694454908371,0.03416454792022705,0.017629578709602356,0.005797182209789753,0.3559611141681671,219.76901245117188,0.8552018404006958,0.5540620976748102,5040.68896484375,12.708137667934231,0.23886710405349731,0.00432967022061348,0.5200609446419502,0.55,12,0.5,6,1200
/home/iams/ramlab_ws/src/unitree_rl_mjlab/logs/rsl_rl/h1_2_velocity_a1_v2/2026-08-26_10-02-56_a1a_fullmirror_jacc1e-7_standing15_s42/model_10000.pt,td3,"['velocity', 'orientation', 'height']",8,42,0.08279088884592056,0.08436620980501175,0.11529655754566193,0.07832901179790497,0.082882821559906,0.5,0.0,600.5,0.9565101861953735,0.7641941905021667,34.362892150878906,41.08641052246094,30.01675796508789,74.92935180664062,39.55766296386719,21182.0078125,62038.73046875,12128.951171875,30682.138671875,0.1910485476255417,0.035227373242378235,0.017932604998350143,0.006012784782797098,0.36148786544799805,221.83309936523438,0.8514062762260437,0.5567772574197586,5083.5732421875,12.75922231682318,0.24253614246845245,0.00473143020644784,0.521650534895568,0.55,12,0.5,7,1200
/home/iams/ramlab_ws/src/unitree_rl_mjlab/logs/rsl_rl/h1_2_velocity_a1_v2/2026-08-26_10-02-56_a1a_fullmirror_jacc1e-7_standing15_s42/model_10000.pt,td3,"['velocity', 'orientation', 'height']",8,42,0.10091792792081833,0.09117261320352554,0.1594945788383484,0.09722580015659332,0.09027110040187836,0.52,0.0,600.5,1.0054562091827393,0.7658513188362122,38.26432418823242,44.22940444946289,34.631290435791016,74.97428894042969,45.65304183959961,20858.72265625,52108.93359375,13814.6796875,33130.4140625,0.19146282970905304,0.03811565414071083,0.020717555657029152,0.00709186214953661,0.4112502336502075,247.41358947753906,0.8001367449760437,0.5865758343461213,5282.21728515625,12.523243890288795,0.2630796432495117,0.00629437156021595,0.54487406881873,0.6,12,0.5,0,1200
/home/iams/ramlab_ws/src/unitree_rl_mjlab/logs/rsl_rl/h1_2_velocity_a1_v2/2026-08-26_10-02-56_a1a_fullmirror_jacc1e-7_standing15_s42/model_10000.pt,td3,"['velocity', 'orientation', 'height']",8,42,0.10313625633716583,0.09034541994333267,0.14893536269664764,0.10035177320241928,0.08965799957513809,0.5,1.302083364862483e-05,596.0298461914062,1.0257552862167358,0.7824656963348389,38.33903884887695,44.2957763671875,34.638816833496094,78.97835540771484,47.578487396240234,21485.478515625,53354.94921875,13570.0146484375,32988.65234375,0.19561642408370972,0.03806207701563835,0.020254958420991898,0.007441756781190634,0.41386058926582336,251.32461547851562,0.7985677123069763,0.5857763126608594,5254.45849609375,12.24685975321463,0.2668377757072449,0.004766970407217741,0.5397048489107519,0.6,12,0.5,1,1200
/home/iams/ramlab_ws/src/unitree_rl_mjlab/logs/rsl_rl/h1_2_velocity_a1_v2/2026-08-26_10-02-56_a1a_fullmirror_jacc1e-7_standing15_s42/model_10000.pt,td3,"['velocity', 'orientation', 'height']",8,42,0.09583833813667297,0.09132380783557892,0.1449977606534958,0.09235773235559464,0.09058766067028046,0.52,2.604166729724966e-05,594.58935546875,1.0063780546188354,0.7684124708175659,36.474342346191406,40.88737487792969,34.06830596923828,70.17170715332031,45.65589141845703,20799.85546875,52073.171875,11886.0712890625,29695.029296875,0.19210311770439148,0.03535404056310654,0.02068941481411457,0.00682232528924942,0.40671342611312866,243.90643310546875,0.8005989789962769,0.5849309101946321,5271.19140625,12.641251463774212,0.2578122317790985,0.006595963146537542,0.5501432664756447,0.6,12,0.5,2,1200
/home/iams/ramlab_ws/src/unitree_rl_mjlab/logs/rsl_rl/h1_2_velocity_a1_v2/2026-08-26_10-02-56_a1a_fullmirror_jacc1e-7_standing15_s42/model_10000.pt,td3,"['velocity', 'orientation', 'height']",8,42,0.09569811820983887,0.09078013151884079,0.1525309532880783,0.09210076183080673,0.09049192070960999,0.5,3.9062499126885086e-05,595.06689453125,1.005057454109192,0.768307089805603,36.7103271484375,41.8053092956543,33.71583938598633,72.70216369628906,45.177513122558594,20855.994140625,52509.40625,12419.1171875,30657.099609375,0.19207677245140076,0.03683803975582123,0.020481696352362633,0.006975874770432711,0.4039720892906189,243.79164123535156,0.8017968535423279,0.5790713250660569,5202.2236328125,12.356693132486342,0.26018643379211426,0.005281243938952684,0.5373447612384118,0.6,12,0.5,3,1200
/home/iams/ramlab_ws/src/unitree_rl_mjlab/logs/rsl_rl/h1_2_velocity_a1_v2/2026-08-26_10-02-56_a1a_fullmirror_jacc1e-7_standing15_s42/model_10000.pt,td3,"['velocity', 'orientation', 'height']",8,42,0.10234548896551132,0.0932423546910286,0.15529775619506836,0.09980423003435135,0.09330694377422333,0.5,7.812499825377017e-05,582.6146850585938,1.037455677986145,0.7854604125022888,38.84104537963867,44.51136016845703,35.46012496948242,74.4952392578125,48.10506820678711,21732.193359375,51693.1484375,13613.54296875,30428.232421875,0.1963651031255722,0.03882690891623497,0.02149566076695919,0.007417640648782253,0.4205501675605774,258.7134704589844,0.7917513251304626,0.609317372312842,5371.0166015625,12.649724747049358,0.27723535895347595,0.0082349618896842,0.5358451072736787,0.6,12,0.5,4,1200
/home/iams/ramlab_ws/src/unitree_rl_mjlab/logs/rsl_rl/h1_2_velocity_a1_v2/2026-08-26_10-02-56_a1a_fullmirror_jacc1e-7_standing15_s42/model_10000.pt,td3,"['velocity', 'orientation', 'height']",8,42,0.1067313477396965,0.09311488270759583,0.1421799659729004,0.10343639552593231,0.09141391515731812,0.5,2.604166729724966e-05,594.2561645507812,1.0219917297363281,0.7780243754386902,37.35982894897461,41.493038177490234,35.227088928222656,71.92137145996094,47.97270584106445,20936.078125,53205.8671875,11996.904296875,30103.7578125,0.19450609385967255,0.038470540195703506,0.021031446754932404,0.007580888923257589,0.415781706571579,253.0426788330078,0.7931054830551147,0.5898083702577339,5319.9853515625,12.40016884766106,0.2706737816333771,0.006979004945605993,0.5502418054809243,0.6,12,0.5,5,1200
/home/iams/ramlab_ws/src/unitree_rl_mjlab/logs/rsl_rl/h1_2_velocity_a1_v2/2026-08-26_10-02-56_a1a_fullmirror_jacc1e-7_standing15_s42/model_10000.pt,td3,"['velocity', 'orientation', 'height']",8,42,0.10741279274225235,0.09034242480993271,0.15060542523860931,0.10473395138978958,0.08959802985191345,0.5,0.0,600.5,1.0366127490997314,0.7861595749855042,38.6878662109375,44.1469612121582,35.45414733886719,76.7598876953125,48.89920425415039,21722.50390625,53129.953125,13362.97265625,31884.49609375,0.19653989374637604,0.03720177710056305,0.020402006804943085,0.0072935884818434715,0.42351990938186646,254.7804412841797,0.7946224212646484,0.5919556149090441,5320.7880859375,12.362292875462996,0.2717146575450897,0.005676731001585722,0.5463275831406722,0.6,12,0.5,6,1200
/home/iams/ramlab_ws/src/unitree_rl_mjlab/logs/rsl_rl/h1_2_velocity_a1_v2/2026-08-26_10-02-56_a1a_fullmirror_jacc1e-7_standing15_s42/model_10000.pt,td3,"['velocity', 'orientation', 'height']",8,42,0.10335947573184967,0.09127319604158401,0.14032630622386932,0.10020468384027481,0.09066571295261383,0.5,1.302083364862483e-05,599.8370971679688,1.014089822769165,0.7756996154785156,36.9851188659668,41.75996017456055,34.24665069580078,72.98440551757812,47.22987747192383,21031.1171875,52879.1796875,12196.607421875,30847.4921875,0.1939249038696289,0.03808651491999626,0.020398298278450966,0.007442892994731665,0.4123501479625702,246.84681701660156,0.8005794286727905,0.5783595044077652,5249.63916015625,12.299848406282722,0.26641741394996643,0.005599967669695616,0.5459392216100942,0.6,12,0.5,7,1200
/home/iams/ramlab_ws/src/unitree_rl_mjlab/logs/rsl_rl/h1_2_velocity_a1_v2/2026-08-26_10-02-56_a1a_fullmirror_jacc1e-7_standing15_s42/model_10000.pt,td3,"['velocity', 'orientation', 'height']",8,42,0.1172577440738678,0.1031482070684433,0.18326608836650848,0.11635146290063858,0.1037631630897522,0.54,7.812499825377017e-05,588.5191650390625,1.0807355642318726,0.7803967595100403,42.12098693847656,46.28034973144531,40.14970016479492,74.40079498291016,51.86606979370117,21017.685546875,47089.8515625,14316.4619140625,32647.181640625,0.19509918987751007,0.03654417768120766,0.025651125237345695,0.008283410221338272,0.482304185628891,300.15234375,0.7542708516120911,0.682733240986437,5752.5244140625,13.08482040825631,0.31007322669029236,0.011161506175994873,0.5609934258582907,0.65,12,0.5,0,1200
/home/iams/ramlab_ws/src/unitree_rl_mjlab/logs/rsl_rl/h1_2_velocity_a1_v2/2026-08-26_10-02-56_a1a_fullmirror_jacc1e-7_standing15_s42/model_10000.pt,td3,"['velocity', 'orientation', 'height']",8,42,0.11738897860050201,0.10829261690378189,0.1846899688243866,0.11601904034614563,0.11038436740636826,0.54,6.510417006211355e-05,593.1266479492188,1.078777551651001,0.78094881772995,41.966636657714844,45.88651657104492,40.19509506225586,73.61324310302734,51.81354904174805,20861.890625,48493.4140625,14007.3232421875,32762.14453125,0.1952372044324875,0.038359496742486954,0.02561725303530693,0.008367106318473816,0.480276495218277,298.0480041503906,0.7536914348602295,0.6744162529635345,5728.6279296875,12.962609710205225,0.30866536498069763,0.010799091309309006,0.5595628415300546,0.65,12,0.5,1,1200
/home/iams/ramlab_ws/src/unitree_rl_mjlab/logs/rsl_rl/h1_2_velocity_a1_v2/2026-08-26_10-02-56_a1a_fullmirror_jacc1e-7_standing15_s42/model_10000.pt,td3,"['velocity', 'orientation', 'height']",8,42,0.13918524980545044,0.11248239874839783,0.19429665803909302,0.1383533924818039,0.11496193706989288,0.5,6.510417006211355e-05,588.0178833007812,1.0933208465576172,0.7906955480575562,42.649715423583984,46.6474494934082,40.7945556640625,74.06539154052734,51.198123931884766,21055.2734375,47798.76171875,14026.9169921875,33235.18359375,0.19767388701438904,0.04552563279867172,0.025447165593504906,0.009959205985069275,0.49137431383132935,307.8373718261719,0.7458593845367432,0.6644512701902661,5725.12939453125,12.357399148216928,0.3452499508857727,0.011251437477767467,0.5569253081943437,0.65,12,0.5,2,1200
/home/iams/ramlab_ws/src/unitree_rl_mjlab/logs/rsl_rl/h1_2_velocity_a1_v2/2026-08-26_10-02-56_a1a_fullmirror_jacc1e-7_standing15_s42/model_10000.pt,td3,"['velocity', 'orientation', 'height']",8,42,0.12220507115125656,0.10848452150821686,0.20154611766338348,0.12097568809986115,0.1095159724354744,0.52,0.00011718749738065526,579.4799194335938,1.0844659805297852,0.784040629863739,43.316749572753906,48.55291748046875,40.49826431274414,76.43871307373047,51.979148864746094,21245.30078125,47066.96875,15373.966796875,33149.5234375,0.19601015746593475,0.04153936356306076,0.025295456871390343,0.008683793246746063,0.480178564786911,305.78729248046875,0.7513672113418579,0.6868961554734593,5736.76953125,12.8866225080628,0.32764512300491333,0.014765606261789799,0.549651100375738,0.65,12,0.5,3,1200
/home/iams/ramlab_ws/src/unitree_rl_mjlab/logs/rsl_rl/h1_2_velocity_a1_v2/2026-08-26_10-02-56_a1a_fullmirror_jacc1e-7_standing15_s42/model_10000.pt,td3,"['velocity', 'orientation', 'height']",8,42,0.13361667096614838,0.1110486090183258,0.1943289339542389,0.13259437680244446,0.11298683285713196,0.5,9.11458337213844e-05,587.6111450195312,1.0848913192749023,0.7846903204917908,42.059051513671875,45.61735534667969,40.569637298583984,75.10633087158203,51.69111251831055,20772.619140625,47819.86328125,13504.65625,33340.98046875,0.1961725801229477,0.04438924789428711,0.02513817697763443,0.009610400535166264,0.48499298095703125,302.8927001953125,0.754309892654419,0.6600320751632307,5678.1396484375,12.373206745258823,0.33211860060691833,0.011604884639382362,0.5583424209378408,0.65,12,0.5,4,1200
/home/iams/ramlab_ws/src/unitree_rl_mjlab/logs/rsl_rl/h1_2_velocity_a1_v2/2026-08-26_10-02-56_a1a_fullmirror_jacc1e-7_standing15_s42/model_10000.pt,td3,"['velocity', 'orientation', 'height']",8,42,0.14178957045078278,0.10769113153219223,0.17816978693008423,0.14118938148021698,0.10915426164865494,0.5,2.604166729724966e-05,591.236083984375,1.0867197513580322,0.7895348072052002,41.496883392333984,44.814109802246094,40.142520904541016,72.7959976196289,51.5619010925293,20790.572265625,48421.625,12948.87890625,32519.671875,0.19738370180130005,0.0451883040368557,0.02439175359904766,0.010023478418588638,0.48675429821014404,299.5541687011719,0.75076824426651,0.6420400065883836,5625.68310546875,12.057629578088596,0.33877894282341003,0.008864527568221092,0.5662672811059908,0.65,12,0.5,5,1200
/home/iams/ramlab_ws/src/unitree_rl_mjlab/logs/rsl_rl/h1_2_velocity_a1_v2/2026-08-26_10-02-56_a1a_fullmirror_jacc1e-7_standing15_s42/model_10000.pt,td3,"['velocity', 'orientation', 'height']",8,42,0.12491350620985031,0.11080479621887207,0.19945798814296722,0.1250172108411789,0.11265100538730621,0.52,0.0001432291610399261,580.5818481445312,1.0943455696105957,0.7882424592971802,42.35483169555664,45.874881744384766,40.92033386230469,71.89510345458984,53.056427001953125,21188.95703125,47843.2265625,13813.9091796875,32133.845703125,0.19706061482429504,0.04108723998069763,0.027101026847958565,0.009277310222387314,0.4912770986557007,306.4200134277344,0.74393230676651,0.6806989990791081,5794.359375,12.871923603201685,0.3297603130340576,0.01359165832400322,0.5629466739967015,0.65,12,0.5,6,1200
/home/iams/ramlab_ws/src/unitree_rl_mjlab/logs/rsl_rl/h1_2_velocity_a1_v2/2026-08-26_10-02-56_a1a_fullmirror_jacc1e-7_standing15_s42/model_10000.pt,td3,"['velocity', 'orientation', 'height']",8,42,0.12815184891223907,0.10821128636598587,0.1857430785894394,0.12759006023406982,0.10986150056123734,0.52,1.302083364862483e-05,596.508544921875,1.0804167985916138,0.7840376496315002,41.88075637817383,45.583091735839844,40.309600830078125,73.79483032226562,50.907737731933594,20731.515625,47842.39453125,13568.1396484375,31673.326171875,0.19600941240787506,0.04103481024503708,0.025610364973545074,0.008979645557701588,0.4814746081829071,301.6616516113281,0.7517903447151184,0.6693972117536994,5769.1416015625,12.801915695125235,0.3243809938430786,0.012340575456619263,0.5598687807545106,0.65,12,0.5,7,1200
/home/iams/ramlab_ws/src/unitree_rl_mjlab/logs/rsl_rl/h1_2_velocity_a1_v2/2026-08-26_10-02-56_a1a_fullmirror_jacc1e-7_standing15_s42/model_10000.pt,td3,"['velocity', 'orientation', 'height']",8,42,0.13751520216464996,0.13387392461299896,0.22248966991901398,0.1322350651025772,0.1335853487253189,0.54,0.00015624999650754035,580.9755249023438,1.0992310047149658,0.7621182799339294,46.02346420288086,50.4576416015625,43.9489860534668,79.25187683105469,53.68489456176758,19933.595703125,43788.66015625,16299.6416015625,34773.578125,0.19052956998348236,0.04674630984663963,0.0296799149364233,0.01081866305321455,0.5226237177848816,334.3323669433594,0.6961523294448853,0.7264629342780432,5996.4833984375,13.029618999794248,0.37782561779022217,0.012460360303521156,0.5813777441332324,0.7,12,0.5,0,1200
/home/iams/ramlab_ws/src/unitree_rl_mjlab/logs/rsl_rl/h1_2_velocity_a1_v2/2026-08-26_10-02-56_a1a_fullmirror_jacc1e-7_standing15_s42/model_10000.pt,td3,"['velocity', 'orientation', 'height']",8,42,0.13706815242767334,0.13803471624851227,0.23294319212436676,0.132572740316391,0.1390441507101059,0.52,0.00015624999650754035,569.1870727539062,1.1129369735717773,0.7713718414306641,46.45759201049805,50.59847640991211,44.67279052734375,77.84367370605469,54.33399200439453,20200.478515625,43429.6796875,16416.037109375,35552.7578125,0.19284296035766602,0.048221904784440994,0.029819507151842117,0.011136423796415329,0.5264359712600708,344.1142272949219,0.6936588287353516,0.7440352492221294,6032.02783203125,13.042302969366647,0.3829540014266968,0.012249235063791275,0.5713222986795611,0.7,12,0.5,1,1200
/home/iams/ramlab_ws/src/unitree_rl_mjlab/logs/rsl_rl/h1_2_velocity_a1_v2/2026-08-26_10-02-56_a1a_fullmirror_jacc1e-7_standing15_s42/model_10000.pt,td3,"['velocity', 'orientation', 'height']",8,42,0.1321626901626587,0.1364719420671463,0.22587095201015472,0.12733811140060425,0.13749513030052185,0.54,0.0001432291610399261,576.6717529296875,1.1074885129928589,0.7684842944145203,46.02278137207031,49.912864685058594,44.42648696899414,79.68196868896484,53.4957160949707,20030.9375,43517.41015625,16039.453125,36824.14453125,0.19212107360363007,0.04674873128533363,0.02915729209780693,0.010484588332474232,0.5237351059913635,340.86224365234375,0.6987500190734863,0.743022762924383,6029.2578125,13.142775955160033,0.3743971884250641,0.01025363802909851,0.5819283955294563,0.7,12,0.5,2,1200
/home/iams/ramlab_ws/src/unitree_rl_mjlab/logs/rsl_rl/h1_2_velocity_a1_v2/2026-08-26_10-02-56_a1a_fullmirror_jacc1e-7_standing15_s42/model_10000.pt,td3,"['velocity', 'orientation', 'height']",8,42,0.13499891757965088,0.1376173049211502,0.20688779652118683,0.12986184656620026,0.13692431151866913,0.54,0.00023437499476131052,571.8310546875,1.1113940477371216,0.7696493268013,44.75835418701172,47.07256317138672,44.45186996459961,76.40142059326172,54.35148620605469,20066.15625,44982.62109375,14427.9912109375,34850.23046875,0.192412331700325,0.045984022319316864,0.030059630051255226,0.010920879431068897,0.5239152312278748,336.7387390136719,0.6996874809265137,0.7296480966438109,6006.7529296875,13.01547838289276,0.37749651074409485,0.011684728786349297,0.5812677388836329,0.7,12,0.5,3,1200
/home/iams/ramlab_ws/src/unitree_rl_mjlab/logs/rsl_rl/h1_2_velocity_a1_v2/2026-08-26_10-02-56_a1a_fullmirror_jacc1e-7_standing15_s42/model_10000.pt,td3,"['velocity', 'orientation', 'height']",8,42,0.13026481866836548,0.13074158132076263,0.21009093523025513,0.1253529191017151,0.13122676312923431,0.54,0.00015624999650754035,580.204345703125,1.0997129678726196,0.7603270411491394,44.349098205566406,46.723636627197266,43.97073745727539,75.74683380126953,53.33161926269531,19688.109375,43722.4453125,14431.359375,34490.58203125,0.19008176028728485,0.04374677687883377,0.030079565942287445,0.010346703231334686,0.5222522020339966,331.3824462890625,0.7011783719062805,0.7264503821554228,6005.26123046875,13.164620629392658,0.3685251772403717,0.010173331946134567,0.5937379203710862,0.7,12,0.5,4,1200
/home/iams/ramlab_ws/src/unitree_rl_mjlab/logs/rsl_rl/h1_2_velocity_a1_v2/2026-08-26_10-02-56_a1a_fullmirror_jacc1e-7_standing15_s42/model_10000.pt,td3,"['velocity', 'orientation', 'height']",8,42,0.14418034255504608,0.14256073534488678,0.23390799760818481,0.13984985649585724,0.14451096951961517,0.52,0.00024739583022892475,563.7718505859375,1.1228899955749512,0.7772483825683594,47.06616973876953,51.55027389526367,45.01354217529297,79.4232406616211,54.0987434387207,20502.927734375,44577.5625,16770.1328125,36270.51953125,0.19431209564208984,0.051291584968566895,0.030249029397964478,0.011708184145390987,0.528981626033783,350.1157531738281,0.692187488079071,0.7466466587234559,6068.12890625,12.940714288842914,0.39952120184898376,0.013351839035749435,0.5675226307038611,0.7,12,0.5,5,1200
/home/iams/ramlab_ws/src/unitree_rl_mjlab/logs/rsl_rl/h1_2_velocity_a1_v2/2026-08-26_10-02-56_a1a_fullmirror_jacc1e-7_standing15_s42/model_10000.pt,td3,"['velocity', 'orientation', 'height']",8,42,0.13814282417297363,0.1390029639005661,0.24229583144187927,0.13378266990184784,0.14057420194149017,0.52,0.0002213541738456115,573.6781005859375,1.1180895566940308,0.7751050591468811,46.433712005615234,50.4213752746582,44.7492561340332,78.09698486328125,55.5151252746582,20448.671875,44232.984375,16217.7431640625,34953.12109375,0.19377626478672028,0.048835139721632004,0.030266733840107918,0.0114342225715518,0.5301527976989746,346.6324768066406,0.6956705451011658,0.7476266397165818,6060.578125,13.071624970627946,0.3841420114040375,0.014129404909908772,0.5730274202574147,0.7,12,0.5,6,1200
/home/iams/ramlab_ws/src/unitree_rl_mjlab/logs/rsl_rl/h1_2_velocity_a1_v2/2026-08-26_10-02-56_a1a_fullmirror_jacc1e-7_standing15_s42/model_10000.pt,td3,"['velocity', 'orientation', 'height']",8,42,0.1384769082069397,0.13325972855091095,0.214275062084198,0.13451451063156128,0.1338881105184555,0.52,2.604166729724966e-05,594.3427124023438,1.0858113765716553,0.7568739056587219,43.199581146240234,44.83747482299805,43.36186599731445,71.7460708618164,52.94019317626953,19238.009765625,44627.67578125,13229.2509765625,33124.45703125,0.18921847641468048,0.046330180019140244,0.02840087190270424,0.010891895741224289,0.5191733241081238,324.1290283203125,0.6996028423309326,0.6944391484862052,5882.5908203125,12.60331849079342,0.37221476435661316,0.007237368728965521,0.5975491149581793,0.7,12,0.5,7,1200
/home/iams/ramlab_ws/src/unitree_rl_mjlab/logs/rsl_rl/h1_2_velocity_a1_v2/2026-08-26_10-02-56_a1a_fullmirror_jacc1e-7_standing15_s42/model_10000.pt,td3,"['velocity', 'orientation', 'height']",8,42,0.07096228003501892,0.07686538994312286,0.09754310548305511,0.06271189451217651,0.07603082805871964,0.58,0.0,600.5,0.9495282769203186,0.8257896304130554,40.25074768066406,55.859493255615234,28.751426696777344,109.4999008178711,36.423545837402344,23840.55859375,69083.75,16480.673828125,40763.88671875,0.20644740760326385,0.02396976202726364,0.00633592763915658,0.0038831436540931463,0.3228606879711151,227.17218017578125,0.9683659076690674,0.5513429858095087,3808.912109375,9.24416361854722,0.2749043405056,0.00047249370254576206,0.3943517329910141,0.4,0,0.6,0,1200
/home/iams/ramlab_ws/src/unitree_rl_mjlab/logs/rsl_rl/h1_2_velocity_a1_v2/2026-08-26_10-02-56_a1a_fullmirror_jacc1e-7_standing15_s42/model_10000.pt,td3,"['velocity', 'orientation', 'height']",8,42,0.07156189531087875,0.07645556330680847,0.09667077660560608,0.06330037117004395,0.07561352849006653,0.58,0.0,600.5,0.9487464427947998,0.8260499835014343,40.04505920410156,55.78990173339844,28.461650848388672,107.14092254638672,37.260704040527344,23893.439453125,68966.3203125,16637.244140625,42776.72265625,0.20651249587535858,0.024152277037501335,0.006656578276306391,0.0038449352141469717,0.32053571939468384,226.08468627929688,0.9666211009025574,0.5508545632142142,3834.1513671875,9.341895319141976,0.271823912858963,0.0004010811389889568,0.3943011166730843,0.4,0,0.6,1,1200
/home/iams/ramlab_ws/src/unitree_rl_mjlab/logs/rsl_rl/h1_2_velocity_a1_v2/2026-08-26_10-02-56_a1a_fullmirror_jacc1e-7_standing15_s42/model_10000.pt,td3,"['velocity', 'orientation', 'height']",8,42,0.0704038143157959,0.07703441381454468,0.09778568148612976,0.06225063279271126,0.0763356015086174,0.58,0.0,600.5,0.9535340666770935,0.832365870475769,40.301456451416016,56.64622497558594,28.17708396911621,110.97691345214844,36.514625549316406,23964.98828125,67113.7109375,17008.57421875,40655.83203125,0.20809146761894226,0.026273535564541817,0.006708999630063772,0.003931462299078703,0.3182819187641144,227.00021362304688,0.9698307514190674,0.5494821486108731,3834.251220703125,9.281280482210816,0.2715669870376587,0.0004491615400183946,0.3940482298614674,0.4,0,0.6,2,1200
/home/iams/ramlab_ws/src/unitree_rl_mjlab/logs/rsl_rl/h1_2_velocity_a1_v2/2026-08-26_10-02-56_a1a_fullmirror_jacc1e-7_standing15_s42/model_10000.pt,td3,"['velocity', 'orientation', 'height']",8,42,0.07091434299945831,0.07713082432746887,0.10028151422739029,0.06260190159082413,0.0764036625623703,0.6,0.0,600.5,0.9501248598098755,0.8285762071609497,39.6527214050293,54.89859390258789,28.41390037536621,106.71177673339844,37.17156219482422,23997.658203125,68538.734375,16025.30078125,41047.8359375,0.20714405179023743,0.02382870391011238,0.006639717612415552,0.0038544575218111277,0.3200179934501648,226.35838317871094,0.9668750166893005,0.550755246773414,3834.802490234375,9.330503385193929,0.2729128897190094,0.0004114893963560462,0.3942505133470226,0.4,0,0.6,3,1200
/home/iams/ramlab_ws/src/unitree_rl_mjlab/logs/rsl_rl/h1_2_velocity_a1_v2/2026-08-26_10-02-56_a1a_fullmirror_jacc1e-7_standing15_s42/model_10000.pt,td3,"['velocity', 'orientation', 'height']",8,42,0.07109968364238739,0.07685264945030212,0.10115154087543488,0.06287834048271179,0.07606255263090134,0.58,0.0,600.5,0.952522873878479,0.8309682607650757,40.742244720458984,57.2648811340332,28.507572174072266,114.07755279541016,37.265377044677734,24096.34375,68280.828125,17282.646484375,42955.0703125,0.20774206519126892,0.02434760145843029,0.006454870104789734,0.003889853600412607,0.3186856210231781,228.04351806640625,0.9691992402076721,0.5527164410472217,3848.146240234375,9.326875851571513,0.27302777767181396,0.0004873863363172859,0.39414934565050036,0.4,0,0.6,4,1200
/home/iams/ramlab_ws/src/unitree_rl_mjlab/logs/rsl_rl/h1_2_velocity_a1_v2/2026-08-26_10-02-56_a1a_fullmirror_jacc1e-7_standing15_s42/model_10000.pt,td3,"['velocity', 'orientation', 'height']",8,42,0.07142345607280731,0.07652115821838379,0.098954938352108,0.06313858181238174,0.0756644606590271,0.58,0.0,600.5,0.9499276280403137,0.825642466545105,41.1602897644043,57.695167541503906,28.944473266601562,117.64891815185547,37.23505783081055,23984.591796875,69037.0703125,17621.525390625,43748.890625,0.20641061663627625,0.023582926020026207,0.006710439454764128,0.003934027161449194,0.32148751616477966,227.1566162109375,0.9677278399467468,0.5530313640878697,3820.1953125,9.300579382703214,0.26935404539108276,0.00045165125629864633,0.3943011166730843,0.4,0,0.6,5,1200
/home/iams/ramlab_ws/src/unitree_rl_mjlab/logs/rsl_rl/h1_2_velocity_a1_v2/2026-08-26_10-02-56_a1a_fullmirror_jacc1e-7_standing15_s42/model_10000.pt,td3,"['velocity', 'orientation', 'height']",8,42,0.07202690094709396,0.07656939327716827,0.10442493110895157,0.06365358084440231,0.07578444480895996,0.74,0.0,600.5,0.9471681714057922,0.8254135847091675,40.77815246582031,57.27311706542969,28.548900604248047,111.9775161743164,37.85011672973633,24092.197265625,67886.1796875,17550.88671875,41011.7265625,0.20635339617729187,0.023423928767442703,0.006846663076430559,0.003932279534637928,0.3194262981414795,225.8035125732422,0.964830756187439,0.5517846953112353,3815.362060546875,9.3234082024195,0.268429160118103,0.0004832913400605321,0.3933418693982074,0.4,0,0.6,6,1200
/home/iams/ramlab_ws/src/unitree_rl_mjlab/logs/rsl_rl/h1_2_velocity_a1_v2/2026-08-26_10-02-56_a1a_fullmirror_jacc1e-7_standing15_s42/model_10000.pt,td3,"['velocity', 'orientation', 'height']",8,42,0.07139130681753159,0.07663828134536743,0.09479927271604538,0.06306932121515274,0.07587052136659622,0.6,0.0,600.5,0.9482056498527527,0.8257222771644592,40.77744674682617,57.33252716064453,28.521400451660156,112.8619384765625,36.26758575439453,23922.5546875,68937.9921875,17530.265625,41213.16015625,0.2064305692911148,0.023656489327549934,0.006638346705585718,0.003892555134370923,0.3187054395675659,226.16070556640625,0.9666926860809326,0.550996355055795,3822.09130859375,9.311778673204667,0.271028071641922,0.00040509627433493733,0.39450365994606396,0.4,0,0.6,7,1200
/home/iams/ramlab_ws/src/unitree_rl_mjlab/logs/rsl_rl/h1_2_velocity_a1_v2/2026-08-26_10-02-56_a1a_fullmirror_jacc1e-7_standing15_s42/model_10000.pt,td3,"['velocity', 'orientation', 'height']",8,42,0.07142969220876694,0.08386939018964767,0.10915926843881607,0.06337815523147583,0.08278822153806686,0.6,0.0,600.5,0.948682427406311,0.8088143467903137,39.061283111572266,53.072914123535156,28.87784767150879,112.6135482788086,36.353599548339844,23488.412109375,64557.37890625,15762.341796875,37398.69140625,0.20220358669757843,0.026206646114587784,0.007569974288344383,0.0038047274574637413,0.3174384534358978,232.6426544189453,0.9538607001304626,0.5473550950986018,4075.943359375,9.589763914094831,0.2661479115486145,0.0006086737266741693,0.44309822587624403,0.45,0,0.6,0,1200
/home/iams/ramlab_ws/src/unitree_rl_mjlab/logs/rsl_rl/h1_2_velocity_a1_v2/2026-08-26_10-02-56_a1a_fullmirror_jacc1e-7_standing15_s42/model_10000.pt,td3,"['velocity', 'orientation', 'height']",8,42,0.07043374329805374,0.08433079719543457,0.10783436894416809,0.06250043213367462,0.08326492458581924,0.6,0.0,600.5,0.9532284140586853,0.8144490718841553,38.77193832397461,52.567867279052734,28.755638122558594,107.8714828491211,35.9610710144043,23528.423828125,65590.6875,15403.5810546875,37064.1953125,0.20361226797103882,0.027885176241397858,0.007599393371492624,0.004016947001218796,0.3166264295578003,233.5680694580078,0.9502278566360474,0.545596505519702,4094.649169921875,9.564776483939516,0.2666671574115753,0.0006984499632380903,0.44316214656664743,0.45,0,0.6,1,1200
/home/iams/ramlab_ws/src/unitree_rl_mjlab/logs/rsl_rl/h1_2_velocity_a1_v2/2026-08-26_10-02-56_a1a_fullmirror_jacc1e-7_standing15_s42/model_10000.pt,td3,"['velocity', 'orientation', 'height']",8,42,0.07069217413663864,0.08464103937149048,0.10905897617340088,0.06268571317195892,0.08368629217147827,0.6,0.0,600.5,0.9487639665603638,0.8097656965255737,37.917091369628906,50.63409423828125,28.769716262817383,101.3730239868164,36.43593978881836,23153.01171875,64075.41796875,14271.837890625,35768.40625,0.20244142413139343,0.0266365185379982,0.007309627719223499,0.0037446117494255304,0.3172057569026947,231.65057373046875,0.9549023509025574,0.5438423417508937,4083.922607421875,9.587758819243192,0.2746169865131378,0.0006634992896579206,0.4439306358381503,0.45,0,0.6,2,1200
/home/iams/ramlab_ws/src/unitree_rl_mjlab/logs/rsl_rl/h1_2_velocity_a1_v2/2026-08-26_10-02-56_a1a_fullmirror_jacc1e-7_standing15_s42/model_10000.pt,td3,"['velocity', 'orientation', 'height']",8,42,0.0714438408613205,0.08395637571811676,0.10935279726982117,0.0633702427148819,0.08282388001680374,0.6,0.0,600.5,0.9484017491340637,0.8077468872070312,38.880592346191406,52.491111755371094,29.020387649536133,109.23411560058594,36.52754592895508,23297.28515625,64744.86328125,15377.41796875,37561.83203125,0.2019367218017578,0.025505108758807182,0.007436103653162718,0.003850479843094945,0.3205750286579132,233.10086059570312,0.9537500143051147,0.5476258978280019,4076.97119140625,9.578064332360587,0.2674320340156555,0.0006152268615551293,0.4432260857019189,0.45,0,0.6,3,1200
/home/iams/ramlab_ws/src/unitree_rl_mjlab/logs/rsl_rl/h1_2_velocity_a1_v2/2026-08-26_10-02-56_a1a_fullmirror_jacc1e-7_standing15_s42/model_10000.pt,td3,"['velocity', 'orientation', 'height']",8,42,0.0736984834074974,0.0842139795422554,0.11007029563188553,0.06549350917339325,0.08319170027971268,0.62,0.0,600.5,0.939254879951477,0.8011943697929382,37.46128463745117,49.8948860168457,28.54677391052246,97.55130767822266,36.194671630859375,22847.28125,63820.140625,13988.076171875,34212.0625,0.20029859244823456,0.023958031088113785,0.007628992199897766,0.003507341491058469,0.31900888681411743,228.7259063720703,0.9584765434265137,0.5441821368033973,4051.87158203125,9.640168017411288,0.26914384961128235,0.0005700766923837364,0.44380236925744004,0.45,0,0.6,4,1200
/home/iams/ramlab_ws/src/unitree_rl_mjlab/logs/rsl_rl/h1_2_velocity_a1_v2/2026-08-26_10-02-56_a1a_fullmirror_jacc1e-7_standing15_s42/model_10000.pt,td3,"['velocity', 'orientation', 'height']",8,42,0.07102711498737335,0.08460254222154617,0.11118478327989578,0.06295298039913177,0.08362133055925369,0.6,0.0,600.5,0.9476706981658936,0.8087693452835083,38.901241302490234,52.77332305908203,28.824169158935547,112.50286865234375,36.200355529785156,23364.05859375,64273.0703125,15566.5302734375,36701.06640625,0.20219233632087708,0.026422234252095222,0.007508997805416584,0.003768348367884755,0.3187601864337921,231.9062042236328,0.9548372626304626,0.5470058062982667,4080.73828125,9.6253897760953,0.2705479562282562,0.00067154347198084,0.44348202685145083,0.45,0,0.6,5,1200
/home/iams/ramlab_ws/src/unitree_rl_mjlab/logs/rsl_rl/h1_2_velocity_a1_v2/2026-08-26_10-02-56_a1a_fullmirror_jacc1e-7_standing15_s42/model_10000.pt,td3,"['velocity', 'orientation', 'height']",8,42,0.07035274058580399,0.08463156223297119,0.1076277568936348,0.062516950070858,0.0836559310555458,0.6,0.0,600.5,0.9530321359634399,0.8156564235687256,38.587642669677734,52.30461120605469,28.62119483947754,108.20907592773438,36.243736267089844,23529.876953125,66967.9375,15332.0380859375,36629.0703125,0.2039141058921814,0.028835877776145935,0.007650820538401604,0.004067113623023033,0.31295686960220337,233.46949768066406,0.9515820145606995,0.5432723231827304,4090.58740234375,9.518601110748978,0.27163180708885193,0.0008000813541002572,0.4430343236227286,0.45,0,0.6,6,1200
/home/iams/ramlab_ws/src/unitree_rl_mjlab/logs/rsl_rl/h1_2_velocity_a1_v2/2026-08-26_10-02-56_a1a_fullmirror_jacc1e-7_standing15_s42/model_10000.pt,td3,"['velocity', 'orientation', 'height']",8,42,0.07180342078208923,0.08386514335870743,0.11253092437982559,0.06372429430484772,0.08289513736963272,0.62,0.0,600.5,0.9455208778381348,0.8084306120872498,38.541534423828125,52.351951599121094,28.49533462524414,106.3083724975586,35.92390823364258,23236.828125,65332.6796875,15333.6962890625,36305.01953125,0.20210765302181244,0.026094768196344376,0.00763740437105298,0.003768820082768798,0.3162494897842407,231.2659912109375,0.952649712562561,0.5464857561087076,4083.047119140625,9.64831494471595,0.2685488760471344,0.0006569689721800387,0.44380236925744004,0.45,0,0.6,7,1200
/home/iams/ramlab_ws/src/unitree_rl_mjlab/logs/rsl_rl/h1_2_velocity_a1_v2/2026-08-26_10-02-56_a1a_fullmirror_jacc1e-7_standing15_s42/model_10000.pt,td3,"['velocity', 'orientation', 'height']",8,42,0.07390889525413513,0.08811606466770172,0.10189072787761688,0.06624425202608109,0.08674183487892151,0.64,0.0,600.5,0.9871097207069397,0.8226131796836853,38.2091064453125,49.617733001708984,30.171367645263672,96.62908172607422,38.38120651245117,23427.734375,65770.0078125,14293.34765625,35941.96875,0.20565329492092133,0.028808405622839928,0.00885916780680418,0.0038848428521305323,0.33436623215675354,240.58111572265625,0.9250651001930237,0.5397875691864743,4269.42236328125,9.579226908932865,0.2639797329902649,0.001171373762190342,0.4862298195631529,0.5,0,0.6,0,1200
/home/iams/ramlab_ws/src/unitree_rl_mjlab/logs/rsl_rl/h1_2_velocity_a1_v2/2026-08-26_10-02-56_a1a_fullmirror_jacc1e-7_standing15_s42/model_10000.pt,td3,"['velocity', 'orientation', 'height']",8,42,0.07565591484308243,0.08817818015813828,0.10204251855611801,0.06806901097297668,0.08681532740592957,0.64,0.0,600.5,0.9878762364387512,0.8247627019882202,38.01728057861328,49.29899597167969,30.089303970336914,99.34092712402344,38.165855407714844,23482.96484375,66653.6875,14094.4951171875,35776.11328125,0.20619067549705505,0.027825457975268364,0.008784783072769642,0.0037365341559052467,0.3341534733772278,241.4661407470703,0.9259049296379089,0.541332668368816,4288.728515625,9.614717729986411,0.2639223337173462,0.0015823900466784835,0.48438978240302744,0.5,0,0.6,1,1200
/home/iams/ramlab_ws/src/unitree_rl_mjlab/logs/rsl_rl/h1_2_velocity_a1_v2/2026-08-26_10-02-56_a1a_fullmirror_jacc1e-7_standing15_s42/model_10000.pt,td3,"['velocity', 'orientation', 'height']",8,42,0.07434508949518204,0.08804946392774582,0.10682500153779984,0.06665903329849243,0.08666618168354034,0.64,0.0,600.5,0.9845392107963562,0.8189235329627991,38.20736312866211,49.423301696777344,30.34255599975586,96.49734497070312,38.37175369262695,23392.556640625,67459.0859375,14199.544921875,35714.28125,0.20473088324069977,0.028530512005090714,0.008784580044448376,0.0037635969929397106,0.3328625559806824,239.12672424316406,0.9260872602462769,0.5381610241641542,4245.3125,9.554188777688426,0.2645411789417267,0.001085982657968998,0.48515476942514213,0.5,0,0.6,2,1200
/home/iams/ramlab_ws/src/unitree_rl_mjlab/logs/rsl_rl/h1_2_velocity_a1_v2/2026-08-26_10-02-56_a1a_fullmirror_jacc1e-7_standing15_s42/model_10000.pt,td3,"['velocity', 'orientation', 'height']",8,42,0.07560941576957703,0.08817023038864136,0.10363299399614334,0.06806105375289917,0.08678489923477173,0.64,0.0,600.5,0.9896802306175232,0.8263852596282959,37.804229736328125,48.9351806640625,29.993743896484375,97.27511596679688,37.80595397949219,23459.0078125,64622.65625,13888.2001953125,35582.43359375,0.20659631490707397,0.02819257415831089,0.009080707095563412,0.0038328401278704405,0.3341979384422302,242.0041961669922,0.9223437309265137,0.5420271505006362,4304.2451171875,9.640401663871508,0.26227983832359314,0.0016143956454470754,0.4863837872070931,0.5,0,0.6,3,1200
/home/iams/ramlab_ws/src/unitree_rl_mjlab/logs/rsl_rl/h1_2_velocity_a1_v2/2026-08-26_10-02-56_a1a_fullmirror_jacc1e-7_standing15_s42/model_10000.pt,td3,"['velocity', 'orientation', 'height']",8,42,0.07473848760128021,0.08803821355104446,0.11159031838178635,0.06711626797914505,0.08679886907339096,0.64,0.0,600.5,0.9940506219863892,0.8280383348464966,39.05582046508789,51.21643829345703,30.42710304260254,102.75975799560547,38.66538619995117,23713.982421875,66155.140625,15175.556640625,37334.38671875,0.20700958371162415,0.029585344716906548,0.00893248338252306,0.0039390577003359795,0.33563315868377686,243.28733825683594,0.9239192605018616,0.5431068894783458,4295.2060546875,9.588479151974095,0.26411494612693787,0.001337842084467411,0.4857685009487666,0.5,0,0.6,4,1200
/home/iams/ramlab_ws/src/unitree_rl_mjlab/logs/rsl_rl/h1_2_velocity_a1_v2/2026-08-26_10-02-56_a1a_fullmirror_jacc1e-7_standing15_s42/model_10000.pt,td3,"['velocity', 'orientation', 'height']",8,42,0.07358419895172119,0.09017465263605118,0.10691110044717789,0.06588508933782578,0.08886249363422394,0.64,0.0,600.5,0.9893922805786133,0.8211094737052917,38.378631591796875,49.553977966308594,30.56412124633789,98.73371124267578,38.256282806396484,23398.115234375,66405.4921875,14218.3017578125,35876.47265625,0.20527736842632294,0.02836070954799652,0.00857433583587408,0.0038179492112249136,0.3378346860408783,240.69903564453125,0.9261327981948853,0.5398309089846748,4265.28466796875,9.566023187938374,0.2644396722316742,0.001252568094059825,0.48515476942514213,0.5,0,0.6,5,1200
/home/iams/ramlab_ws/src/unitree_rl_mjlab/logs/rsl_rl/h1_2_velocity_a1_v2/2026-08-26_10-02-56_a1a_fullmirror_jacc1e-7_standing15_s42/model_10000.pt,td3,"['velocity', 'orientation', 'height']",8,42,0.07434911280870438,0.08837225288152695,0.10665778815746307,0.06654463708400726,0.08708721399307251,0.66,0.0,600.5,0.9841183423995972,0.8182748556137085,38.93879699707031,51.124088287353516,30.3095703125,101.06331634521484,38.14197540283203,23476.513671875,65806.2578125,15289.89453125,38112.32421875,0.20456871390342712,0.02690180204808712,0.00906804483383894,0.0037033131811767817,0.3357725739479065,239.72056579589844,0.9258593916893005,0.5422826400883544,4259.28564453125,9.63512148748636,0.2578428089618683,0.001245542080141604,0.4873096446700508,0.5,0,0.6,6,1200
/home/iams/ramlab_ws/src/unitree_rl_mjlab/logs/rsl_rl/h1_2_velocity_a1_v2/2026-08-26_10-02-56_a1a_fullmirror_jacc1e-7_standing15_s42/model_10000.pt,td3,"['velocity', 'orientation', 'height']",8,42,0.07405714690685272,0.08911554515361786,0.10466299951076508,0.06650455296039581,0.08772682398557663,0.64,0.0,600.5,0.987561047077179,0.8231059908866882,38.072750091552734,49.240238189697266,30.236539840698242,95.14388275146484,38.00413513183594,23427.603515625,66429.578125,14061.7646484375,36006.78125,0.20577649772167206,0.02953135222196579,0.008744559250772,0.0038444376550614834,0.3316425681114197,240.455078125,0.9259570240974426,0.5368668803452851,4257.27490234375,9.505268585614846,0.2657220959663391,0.0012847093166783452,0.4842370744010088,0.5,0,0.6,7,1200
/home/iams/ramlab_ws/src/unitree_rl_mjlab/logs/rsl_rl/h1_2_velocity_a1_v2/2026-08-26_10-02-56_a1a_fullmirror_jacc1e-7_standing15_s42/model_10000.pt,td3,"['velocity', 'orientation', 'height']",8,42,0.08309896290302277,0.08897257596254349,0.11161637306213379,0.0767153948545456,0.08697652816772461,0.68,0.0,600.5,1.0461534261703491,0.8464153409004211,38.32918930053711,47.25372314453125,32.2838134765625,90.66699981689453,43.53217315673828,24393.04296875,67330.0625,13495.822265625,35063.4609375,0.21160383522510529,0.031136073172092438,0.010708627291023731,0.004013370722532272,0.3691449761390686,253.00732421875,0.8670507669448853,0.5416490604582406,4380.3544921875,9.377652602396426,0.2678438425064087,0.001545326435007155,0.5179564997470916,0.55,0,0.6,0,1200
/home/iams/ramlab_ws/src/unitree_rl_mjlab/logs/rsl_rl/h1_2_velocity_a1_v2/2026-08-26_10-02-56_a1a_fullmirror_jacc1e-7_standing15_s42/model_10000.pt,td3,"['velocity', 'orientation', 'height']",8,42,0.08565608412027359,0.09036135673522949,0.11572787165641785,0.07948470860719681,0.08814379572868347,0.68,0.0,600.5,1.0555381774902344,0.851987361907959,38.83169174194336,47.84977340698242,32.696266174316406,92.59349822998047,43.840538024902344,24661.69921875,68308.421875,13865.720703125,36115.53125,0.21299684047698975,0.030210405588150024,0.010568158701062202,0.004185231868177652,0.37292176485061646,254.92198181152344,0.868665337562561,0.5406426398914735,4352.75634765625,9.231395673717259,0.2677605450153351,0.0018028240883722901,0.5159556600604636,0.55,0,0.6,1,1200
/home/iams/ramlab_ws/src/unitree_rl_mjlab/logs/rsl_rl/h1_2_velocity_a1_v2/2026-08-26_10-02-56_a1a_fullmirror_jacc1e-7_standing15_s42/model_10000.pt,td3,"['velocity', 'orientation', 'height']",8,42,0.08609531074762344,0.08846465498209,0.1244252547621727,0.07999011874198914,0.08630184084177017,0.68,0.0,600.5,1.0620931386947632,0.8565624952316284,39.61198425292969,49.49784851074219,32.775508880615234,94.01535034179688,43.70894241333008,24884.69921875,67536.5859375,14781.2412109375,37661.84765625,0.2141406238079071,0.031284693628549576,0.01104326918721199,0.004353134427219629,0.375121533870697,259.4605712890625,0.86453777551651,0.5479801832835661,4402.11767578125,9.297264585443317,0.270870178937912,0.0018251388100907207,0.5166498486377397,0.55,0,0.6,2,1200
/home/iams/ramlab_ws/src/unitree_rl_mjlab/logs/rsl_rl/h1_2_velocity_a1_v2/2026-08-26_10-02-56_a1a_fullmirror_jacc1e-7_standing15_s42/model_10000.pt,td3,"['velocity', 'orientation', 'height']",8,42,0.0909416526556015,0.08877752721309662,0.1192144900560379,0.08502230048179626,0.08656654506921768,0.68,0.0,600.5,1.0726984739303589,0.8640536665916443,39.71080780029297,49.121150970458984,33.281593322753906,91.62975311279297,44.70574188232422,25051.953125,67505.203125,14326.4521484375,36088.95703125,0.21601341664791107,0.03098536841571331,0.011114402674138546,0.004485502373427153,0.38198909163475037,262.1899719238281,0.8621158599853516,0.5509802530865536,4425.287109375,9.299538943756106,0.2730295658111572,0.0028760237619280815,0.5163893091275845,0.55,0,0.6,3,1200
/home/iams/ramlab_ws/src/unitree_rl_mjlab/logs/rsl_rl/h1_2_velocity_a1_v2/2026-08-26_10-02-56_a1a_fullmirror_jacc1e-7_standing15_s42/model_10000.pt,td3,"['velocity', 'orientation', 'height']",8,42,0.08676735311746597,0.09046944975852966,0.11936875432729721,0.08044511079788208,0.08838927000761032,0.68,0.0,600.5,1.0579614639282227,0.8520070314407349,38.90422058105469,47.73019027709961,33.00581741333008,87.91344451904297,43.19656753540039,24581.88671875,66392.984375,13638.6259765625,33865.91796875,0.21300175786018372,0.028563886880874634,0.01107821986079216,0.004062413237988949,0.37851765751838684,258.2076416015625,0.8647200465202332,0.5510422548916524,4419.0888671875,9.430797650964251,0.26448914408683777,0.0023937567602843046,0.5176946410515673,0.55,0,0.6,4,1200
/home/iams/ramlab_ws/src/unitree_rl_mjlab/logs/rsl_rl/h1_2_velocity_a1_v2/2026-08-26_10-02-56_a1a_fullmirror_jacc1e-7_standing15_s42/model_10000.pt,td3,"['velocity', 'orientation', 'height']",8,42,0.08731279522180557,0.08776463568210602,0.12261638790369034,0.08139774948358536,0.08564148843288422,0.68,0.0,600.5,1.0690064430236816,0.8630360960960388,39.41902160644531,49.05372619628906,32.768131256103516,92.91973876953125,44.20572280883789,25055.494140625,67422.3671875,14392.70703125,35933.78515625,0.2157590240240097,0.03191090747714043,0.011014016345143318,0.004411398433148861,0.3790673613548279,259.9022216796875,0.8627994656562805,0.5465647572392518,4393.796875,9.239992745975732,0.27509191632270813,0.001935460022650659,0.5170846658811648,0.55,0,0.6,5,1200
/home/iams/ramlab_ws/src/unitree_rl_mjlab/logs/rsl_rl/h1_2_velocity_a1_v2/2026-08-26_10-02-56_a1a_fullmirror_jacc1e-7_standing15_s42/model_10000.pt,td3,"['velocity', 'orientation', 'height']",8,42,0.08706651628017426,0.0914071649312973,0.1268307864665985,0.08126957714557648,0.08987844735383987,0.68,2.604166729724966e-05,597.1835327148438,1.0763479471206665,0.8629334568977356,41.22507095336914,52.03740692138672,33.70113754272461,98.7686996459961,44.83979797363281,25367.28125,66564.0234375,16064.3134765625,37330.54296875,0.2157333642244339,0.030957447364926338,0.011568566784262657,0.004436039831489325,0.38653993606567383,266.1234436035156,0.8601887822151184,0.5626697468803696,4450.7587890625,9.410321853569657,0.27091705799102783,0.003182557411491871,0.5104685942173479,0.55,0,0.6,6,1200
/home/iams/ramlab_ws/src/unitree_rl_mjlab/logs/rsl_rl/h1_2_velocity_a1_v2/2026-08-26_10-02-56_a1a_fullmirror_jacc1e-7_standing15_s42/model_10000.pt,td3,"['velocity', 'orientation', 'height']",8,42,0.08578427135944366,0.09112168848514557,0.12017221003770828,0.07956425100564957,0.08908269554376602,0.68,0.0,600.5,1.0670166015625,0.8580421805381775,40.137996673583984,50.11599349975586,33.2557373046875,94.87728881835938,44.65774154663086,24964.359375,65957.59375,15066.009765625,36773.6953125,0.21451054513454437,0.0311052855104208,0.011135661974549294,0.004362516570836306,0.38084766268730164,259.9356689453125,0.8668554425239563,0.5507563150790953,4400.05419921875,9.322912677599515,0.26680639386177063,0.001873818808235228,0.5110630510730327,0.55,0,0.6,7,1200
/home/iams/ramlab_ws/src/unitree_rl_mjlab/logs/rsl_rl/h1_2_velocity_a1_v2/2026-08-26_10-02-56_a1a_fullmirror_jacc1e-7_standing15_s42/model_10000.pt,td3,"['velocity', 'orientation', 'height']",8,42,0.10834857821464539,0.10517383366823196,0.20183157920837402,0.10405167937278748,0.10603006184101105,0.52,0.00019531250291038305,567.6862182617188,1.166731595993042,0.8900261521339417,46.12078094482422,56.72057342529297,38.86628723144531,90.02225494384766,51.406593322753906,25589.619140625,60427.18359375,18528.181640625,37997.33984375,0.2225065380334854,0.0401010736823082,0.016423841938376427,0.006717870011925697,0.44971638917922974,313.9056091308594,0.7820768356323242,0.6323256253983784,4851.38720703125,9.77254356249406,0.3195933997631073,0.010687308385968208,0.5029469548133595,0.6,0,0.6,0,1200
/home/iams/ramlab_ws/src/unitree_rl_mjlab/logs/rsl_rl/h1_2_velocity_a1_v2/2026-08-26_10-02-56_a1a_fullmirror_jacc1e-7_standing15_s42/model_10000.pt,td3,"['velocity', 'orientation', 'height']",8,42,0.1018940806388855,0.09457866102457047,0.15387168526649475,0.096275195479393,0.0929780974984169,0.52,0.0,600.5,1.1276048421859741,0.874415397644043,41.784969329833984,49.647666931152344,36.68949508666992,84.28553771972656,50.824581146240234,24590.4921875,62135.83984375,14822.2666015625,35598.58984375,0.21860384941101074,0.03302520141005516,0.013769037090241909,0.005444693844765425,0.4292919337749481,281.9564208984375,0.8039713501930237,0.5741546830112216,4608.21142578125,9.38381109138617,0.27850037813186646,0.0034681048709899187,0.5376268813440672,0.6,0,0.6,1,1200
/home/iams/ramlab_ws/src/unitree_rl_mjlab/logs/rsl_rl/h1_2_velocity_a1_v2/2026-08-26_10-02-56_a1a_fullmirror_jacc1e-7_standing15_s42/model_10000.pt,td3,"['velocity', 'orientation', 'height']",8,42,0.1045118048787117,0.09999807924032211,0.19604504108428955,0.10020539909601212,0.100279800593853,0.52,0.00010416666918899864,581.3758544921875,1.1581065654754639,0.8881861567497253,45.36406707763672,55.84501266479492,38.18378829956055,92.76194763183594,51.6030158996582,25410.650390625,59862.69921875,18232.3515625,37313.73046875,0.22204653918743134,0.03698345646262169,0.015514821745455265,0.006189312320202589,0.4464705288410187,307.9791259765625,0.787584662437439,0.6225609620917208,4795.5634765625,9.693937359665188,0.2992675304412842,0.008232031017541885,0.5197969543147208,0.6,0,0.6,2,1200
/home/iams/ramlab_ws/src/unitree_rl_mjlab/logs/rsl_rl/h1_2_velocity_a1_v2/2026-08-26_10-02-56_a1a_fullmirror_jacc1e-7_standing15_s42/model_10000.pt,td3,"['velocity', 'orientation', 'height']",8,42,0.10383269935846329,0.09415698796510696,0.16269361972808838,0.09834995865821838,0.0924464538693428,0.52,2.604166729724966e-05,597.3422241210938,1.1362015008926392,0.8788639903068542,42.63315200805664,51.28009796142578,36.87888717651367,89.75625610351562,51.77128219604492,24778.177734375,61692.17578125,15747.7412109375,36790.1875,0.21971599757671356,0.035713523626327515,0.013912680558860302,0.005811996757984161,0.4321853220462799,288.16680908203125,0.7972460985183716,0.5805573823072504,4642.18359375,9.352409019504973,0.28989705443382263,0.003733903868123889,0.5356582388840453,0.6,0,0.6,3,1200
/home/iams/ramlab_ws/src/unitree_rl_mjlab/logs/rsl_rl/h1_2_velocity_a1_v2/2026-08-26_10-02-56_a1a_fullmirror_jacc1e-7_standing15_s42/model_10000.pt,td3,"['velocity', 'orientation', 'height']",8,42,0.10837670415639877,0.09824308007955551,0.18310652673244476,0.10290231555700302,0.09741490334272385,0.52,0.00011718749738065526,574.2533569335938,1.1536955833435059,0.8888711333274841,44.15211868286133,53.68824768066406,37.70740509033203,91.40160369873047,51.473262786865234,25260.736328125,60771.1328125,16827.923828125,36098.80078125,0.22221778333187103,0.03736855462193489,0.014856233261525631,0.006151938810944557,0.4408818483352661,301.35809326171875,0.7918164134025574,0.6054693438694707,4752.91357421875,9.54924921691616,0.30697211623191833,0.006671537179499865,0.5131117421079004,0.6,0,0.6,4,1200
/home/iams/ramlab_ws/src/unitree_rl_mjlab/logs/rsl_rl/h1_2_velocity_a1_v2/2026-08-26_10-02-56_a1a_fullmirror_jacc1e-7_standing15_s42/model_10000.pt,td3,"['velocity', 'orientation', 'height']",8,42,0.1123909130692482,0.09965845197439194,0.20775341987609863,0.10836395621299744,0.0994691476225853,0.52,0.00020833333837799728,573.5161743164062,1.1758959293365479,0.9014759063720703,45.530574798583984,55.66209030151367,38.61701965332031,92.2256088256836,52.69999313354492,25943.263671875,60952.48046875,17666.181640625,36422.296875,0.22536897659301758,0.0401032492518425,0.01625153049826622,0.006807391066104174,0.4520814120769501,319.9423828125,0.7835937738418579,0.6404321470440433,4877.13525390625,9.762616495362751,0.320134699344635,0.01293141208589077,0.5089463220675944,0.6,0,0.6,5,1200
/home/iams/ramlab_ws/src/unitree_rl_mjlab/logs/rsl_rl/h1_2_velocity_a1_v2/2026-08-26_10-02-56_a1a_fullmirror_jacc1e-7_standing15_s42/model_10000.pt,td3,"['velocity', 'orientation', 'height']",8,42,0.10956170409917831,0.09250235557556152,0.1659943014383316,0.10434780269861221,0.0903860479593277,0.52,2.604166729724966e-05,595.3643798828125,1.1298402547836304,0.874640941619873,41.754302978515625,49.72798156738281,36.50061798095703,84.95083618164062,50.89188766479492,24516.96484375,60987.53515625,14767.4208984375,34390.11328125,0.21866023540496826,0.0385245755314827,0.013534585945308208,0.006086158566176891,0.42831116914749146,285.97283935546875,0.7956705689430237,0.5705792795330211,4604.2734375,9.186546005154792,0.29709863662719727,0.0042747873812913895,0.5370629370629371,0.6,0,0.6,6,1200
/home/iams/ramlab_ws/src/unitree_rl_mjlab/logs/rsl_rl/h1_2_velocity_a1_v2/2026-08-26_10-02-56_a1a_fullmirror_jacc1e-7_standing15_s42/model_10000.pt,td3,"['velocity', 'orientation', 'height']",8,42,0.10575458407402039,0.09664342552423477,0.16906321048736572,0.09999489039182663,0.09474366158246994,0.52,0.00010416666918899864,586.3134155273438,1.1384742259979248,0.8788716197013855,42.36543273925781,50.66568374633789,36.91014099121094,86.92044067382812,51.13382339477539,24983.814453125,61876.78515625,15348.23046875,36170.875,0.21971790492534637,0.03554878383874893,0.014338945038616657,0.005814169067889452,0.43223097920417786,290.6757507324219,0.796875,0.5871956670339885,4658.9609375,9.411591749374047,0.29329654574394226,0.006566931027919054,0.525487512829285,0.6,0,0.6,7,1200
/home/iams/ramlab_ws/src/unitree_rl_mjlab/logs/rsl_rl/h1_2_velocity_a1_v2/2026-08-26_10-02-56_a1a_fullmirror_jacc1e-7_standing15_s42/model_10000.pt,td3,"['velocity', 'orientation', 'height']",8,42,0.12431502342224121,0.1373462677001953,0.2618931829929352,0.12163091450929642,0.1472637802362442,0.54,0.0002734375011641532,558.7922973632812,1.241260051727295,0.9081451892852783,51.95071029663086,61.845664978027344,45.5582275390625,91.38423156738281,60.22309112548828,25209.3359375,54920.34375,20700.640625,37863.78125,0.22703629732131958,0.04762556031346321,0.021305544301867485,0.009076804853975773,0.5246863961219788,377.4096374511719,0.7224739789962769,0.7315067048549219,5372.6044921875,10.413345237804414,0.37301507592201233,0.017626767978072166,0.5027000490918017,0.65,0,0.6,0,1200
/home/iams/ramlab_ws/src/unitree_rl_mjlab/logs/rsl_rl/h1_2_velocity_a1_v2/2026-08-26_10-02-56_a1a_fullmirror_jacc1e-7_standing15_s42/model_10000.pt,td3,"['velocity', 'orientation', 'height']",8,42,0.13151298463344574,0.13672064244747162,0.2357957512140274,0.1294204592704773,0.14865171909332275,0.52,0.0001302083401242271,581.4326782226562,1.237934947013855,0.910744309425354,50.612060546875,59.04674530029297,45.37925338745117,88.58995819091797,59.64067459106445,24762.671875,55970.1640625,18819.1953125,37522.609375,0.2276860773563385,0.047224197536706924,0.020030463114380836,0.009069613181054592,0.5247039794921875,373.9699401855469,0.7212499976158142,0.711584442317687,5354.5966796875,10.188646009898882,0.37166914343833923,0.015032811090350151,0.5169106511862696,0.65,0,0.6,1,1200
/home/iams/ramlab_ws/src/unitree_rl_mjlab/logs/rsl_rl/h1_2_velocity_a1_v2/2026-08-26_10-02-56_a1a_fullmirror_jacc1e-7_standing15_s42/model_10000.pt,td3,"['velocity', 'orientation', 'height']",8,42,0.1279211938381195,0.12794004380702972,0.2519876956939697,0.12442341446876526,0.13288614153862,0.52,0.0002734375011641532,561.6416015625,1.2385475635528564,0.9071620106697083,50.56547546386719,59.14651870727539,45.206520080566406,90.16582489013672,59.79715347290039,25093.796875,56062.390625,19072.419921875,37553.359375,0.22679050266742706,0.0473187230527401,0.02120494656264782,0.009234322234988213,0.5232425332069397,372.905029296875,0.7259309887886047,0.7183190947393189,5344.083984375,10.2941967488143,0.37154701352119446,0.013973980210721493,0.5214734340519437,0.65,0,0.6,2,1200
/home/iams/ramlab_ws/src/unitree_rl_mjlab/logs/rsl_rl/h1_2_velocity_a1_v2/2026-08-26_10-02-56_a1a_fullmirror_jacc1e-7_standing15_s42/model_10000.pt,td3,"['velocity', 'orientation', 'height']",8,42,0.11929211765527725,0.12671294808387756,0.2187923640012741,0.11511953175067902,0.1363932490348816,0.54,7.812499825377017e-05,580.4642944335938,1.2026234865188599,0.8874984979629517,48.62150192260742,56.78032684326172,43.55195999145508,88.25241088867188,58.29655075073242,24144.197265625,54155.55078125,18197.880859375,37969.6640625,0.22187462449073792,0.04293530434370041,0.01929243467748165,0.008196593262255192,0.5075961351394653,348.90478515625,0.7350976467132568,0.6776836995309766,5149.82568359375,10.002594272771002,0.3444303274154663,0.009343255311250687,0.5347258485639687,0.65,0,0.6,3,1200
/home/iams/ramlab_ws/src/unitree_rl_mjlab/logs/rsl_rl/h1_2_velocity_a1_v2/2026-08-26_10-02-56_a1a_fullmirror_jacc1e-7_standing15_s42/model_10000.pt,td3,"['velocity', 'orientation', 'height']",8,42,0.12637659907341003,0.13558748364448547,0.24206431210041046,0.12181152403354645,0.14440786838531494,0.52,0.0001822916674427688,571.861083984375,1.2307502031326294,0.9046652317047119,50.10651779174805,58.480411529541016,44.907020568847656,89.76097869873047,59.99350357055664,24628.662109375,55481.828125,18714.19140625,38947.38671875,0.22616630792617798,0.04710572585463524,0.02006344497203827,0.008943446911871433,0.5197271704673767,367.08868408203125,0.730872392654419,0.7047018817239156,5289.1689453125,10.153644069251595,0.36501598358154297,0.012526686303317547,0.5167367535744323,0.65,0,0.6,4,1200
/home/iams/ramlab_ws/src/unitree_rl_mjlab/logs/rsl_rl/h1_2_velocity_a1_v2/2026-08-26_10-02-56_a1a_fullmirror_jacc1e-7_standing15_s42/model_10000.pt,td3,"['velocity', 'orientation', 'height']",8,42,0.1259588599205017,0.12881255149841309,0.20616209506988525,0.12184572964906693,0.13821889460086823,0.52,6.510417006211355e-05,593.2040405273438,1.2043588161468506,0.8940393924713135,46.519065856933594,52.296634674072266,43.35508728027344,82.17578125,58.34281921386719,23817.30078125,55111.6953125,15384.3017578125,35330.1484375,0.22350984811782837,0.044205691665410995,0.01885591447353363,0.008297961205244064,0.5070511698722839,347.29510498046875,0.7365299463272095,0.6630456221870404,5165.2685546875,9.861378654754926,0.35066208243370056,0.007671809289604425,0.5461333333333334,0.65,0,0.6,5,1200
/home/iams/ramlab_ws/src/unitree_rl_mjlab/logs/rsl_rl/h1_2_velocity_a1_v2/2026-08-26_10-02-56_a1a_fullmirror_jacc1e-7_standing15_s42/model_10000.pt,td3,"['velocity', 'orientation', 'height']",8,42,0.12554198503494263,0.1434076875448227,0.26783695816993713,0.1232403963804245,0.1551254838705063,0.54,0.00032552084303461015,544.8204956054688,1.252705693244934,0.9133788347244263,52.320892333984375,61.83413314819336,46.266876220703125,91.69070434570312,59.8917236328125,25546.986328125,55334.8984375,20523.470703125,37448.46875,0.22834470868110657,0.048418108373880386,0.022003568708896637,0.00947179738432169,0.5300281047821045,384.1539306640625,0.7231510281562805,0.7432693597736972,5447.6455078125,10.540222480035833,0.37951382994651794,0.019548920914530754,0.5042678923177938,0.65,0,0.6,6,1200
/home/iams/ramlab_ws/src/unitree_rl_mjlab/logs/rsl_rl/h1_2_velocity_a1_v2/2026-08-26_10-02-56_a1a_fullmirror_jacc1e-7_standing15_s42/model_10000.pt,td3,"['velocity', 'orientation', 'height']",8,42,0.13102765381336212,0.12714052200317383,0.24362067878246307,0.12872785329818726,0.13256612420082092,0.54,0.0002604166802484542,562.5272216796875,1.2432267665863037,0.9112428426742554,50.28814697265625,58.56165313720703,45.170509338378906,90.68502807617188,59.770259857177734,25088.923828125,56528.16015625,18639.626953125,39533.625,0.22781071066856384,0.04713013395667076,0.02159910276532173,0.009127700701355934,0.5263971090316772,376.3539733886719,0.7263802289962769,0.7229403108116956,5406.265625,10.38492489871414,0.36983513832092285,0.0167889092117548,0.5192697768762677,0.65,0,0.6,7,1200
/home/iams/ramlab_ws/src/unitree_rl_mjlab/logs/rsl_rl/h1_2_velocity_a1_v2/2026-08-26_10-02-56_a1a_fullmirror_jacc1e-7_standing15_s42/model_10000.pt,td3,"['velocity', 'orientation', 'height']",8,42,0.1384657770395279,0.1844100058078766,0.26207566261291504,0.13225914537906647,0.18824951350688934,0.54,9.11458337213844e-05,578.9641723632812,1.2849767208099365,0.9181963205337524,55.248634338378906,63.097755432128906,50.6967887878418,90.74185180664062,64.48947143554688,23762.54296875,47288.58984375,20461.091796875,39404.9765625,0.2295490801334381,0.05476350709795952,0.023935455828905106,0.010926015675067902,0.5698898434638977,417.4734191894531,0.641614556312561,0.7733055405685009,5717.216796875,10.59026832269715,0.4255070090293884,0.012534800916910172,0.5095372366893349,0.7,0,0.6,0,1200
/home/iams/ramlab_ws/src/unitree_rl_mjlab/logs/rsl_rl/h1_2_velocity_a1_v2/2026-08-26_10-02-56_a1a_fullmirror_jacc1e-7_standing15_s42/model_10000.pt,td3,"['velocity', 'orientation', 'height']",8,42,0.13296131789684296,0.19044385850429535,0.28139573335647583,0.1269998699426651,0.19705699384212494,0.54,0.00024739583022892475,560.5789794921875,1.2882559299468994,0.9156502485275269,56.27534484863281,64.8480224609375,51.163143157958984,93.4643325805664,64.11091613769531,24086.7265625,48131.02734375,21616.658203125,40645.08203125,0.2289125621318817,0.0544462725520134,0.02490282617509365,0.010749801062047482,0.5684634447097778,422.35821533203125,0.6510807275772095,0.7958245651563132,5755.33740234375,10.844442086933327,0.41881683468818665,0.01725197024643421,0.5081885856079404,0.7,0,0.6,1,1200
/home/iams/ramlab_ws/src/unitree_rl_mjlab/logs/rsl_rl/h1_2_velocity_a1_v2/2026-08-26_10-02-56_a1a_fullmirror_jacc1e-7_standing15_s42/model_10000.pt,td3,"['velocity', 'orientation', 'height']",8,42,0.13422052562236786,0.18654762208461761,0.2724848687648773,0.1283215880393982,0.18994353711605072,0.54,0.00024739583022892475,566.3446655273438,1.2770802974700928,0.90803062915802,54.76156234741211,62.22930908203125,50.51736068725586,89.06914520263672,64.73774719238281,23717.947265625,47114.54296875,20213.865234375,37183.24609375,0.227007657289505,0.054362792521715164,0.02532687783241272,0.01101238839328289,0.5661600232124329,415.18359375,0.6526692509651184,0.7823949078711101,5722.72314453125,10.784216186313351,0.41684937477111816,0.016845058649778366,0.5194453838349679,0.7,0,0.6,2,1200
/home/iams/ramlab_ws/src/unitree_rl_mjlab/logs/rsl_rl/h1_2_velocity_a1_v2/2026-08-26_10-02-56_a1a_fullmirror_jacc1e-7_standing15_s42/model_10000.pt,td3,"['velocity', 'orientation', 'height']",8,42,0.13653089106082916,0.19134899973869324,0.27739161252975464,0.130728080868721,0.19850875437259674,0.54,0.00015624999650754035,569.0419311523438,1.286431908607483,0.9189497828483582,55.33049011230469,62.931941986083984,50.98838806152344,87.57015991210938,64.55009460449219,23876.81640625,46373.21484375,20284.25,36242.33203125,0.22973744571208954,0.055154044181108475,0.024639304727315903,0.010690460912883282,0.5692530274391174,424.97235107421875,0.6432812213897705,0.791321351518725,5788.36865234375,10.778254774004234,0.42918646335601807,0.015702318400144577,0.5107231920199501,0.7,0,0.6,3,1200
/home/iams/ramlab_ws/src/unitree_rl_mjlab/logs/rsl_rl/h1_2_velocity_a1_v2/2026-08-26_10-02-56_a1a_fullmirror_jacc1e-7_standing15_s42/model_10000.pt,td3,"['velocity', 'orientation', 'height']",8,42,0.12958289682865143,0.17526990175247192,0.2457839697599411,0.122403584420681,0.17926479876041412,0.54,0.0001432291610399261,585.5899047851562,1.2607909440994263,0.9025657773017883,52.79539108276367,59.10464859008789,49.435791015625,86.1709213256836,62.253482818603516,23098.595703125,47993.015625,18580.6953125,36993.90625,0.22564144432544708,0.05110904574394226,0.023861048743128777,0.01022077165544033,0.5609503984451294,401.9272766113281,0.658886730670929,0.7561868659744305,5600.955078125,10.537649639423323,0.39971354603767395,0.010129015892744064,0.5356582388840453,0.7,0,0.6,4,1200
/home/iams/ramlab_ws/src/unitree_rl_mjlab/logs/rsl_rl/h1_2_velocity_a1_v2/2026-08-26_10-02-56_a1a_fullmirror_jacc1e-7_standing15_s42/model_10000.pt,td3,"['velocity', 'orientation', 'height']",8,42,0.14008697867393494,0.1965259462594986,0.2849434018135071,0.1317185014486313,0.20096330344676971,0.54,0.00032552084303461015,555.0182495117188,1.3079328536987305,0.9296174645423889,57.561378479003906,66.77217102050781,51.974796295166016,94.88578033447266,65.51061248779297,24543.091796875,46517.703125,22363.822265625,40229.3203125,0.23240436613559723,0.0577046275138855,0.025768116116523743,0.01161331869661808,0.5742730498313904,433.4056396484375,0.6431120038032532,0.8052302113900293,5845.5185546875,10.86046822863287,0.4410954713821411,0.016896944493055344,0.4971678265091439,0.7,0,0.6,5,1200
/home/iams/ramlab_ws/src/unitree_rl_mjlab/logs/rsl_rl/h1_2_velocity_a1_v2/2026-08-26_10-02-56_a1a_fullmirror_jacc1e-7_standing15_s42/model_10000.pt,td3,"['velocity', 'orientation', 'height']",8,42,0.14030252397060394,0.20055633783340454,0.295395165681839,0.13345405459403992,0.2054891735315323,0.54,0.00037760415580123663,550.8779907226562,1.3213268518447876,0.9370521306991577,58.33759689331055,67.55994415283203,52.76102828979492,94.35942077636719,67.11196899414062,24788.3515625,46892.26171875,22706.87890625,40365.00390625,0.23426303267478943,0.05761474743485451,0.02635328657925129,0.011607096530497074,0.5830672979354858,443.4505310058594,0.6368424296379089,0.8222111980099172,5945.25341796875,11.023223249110194,0.4423161745071411,0.019566180184483528,0.49397009165460687,0.7,0,0.6,6,1200
/home/iams/ramlab_ws/src/unitree_rl_mjlab/logs/rsl_rl/h1_2_velocity_a1_v2/2026-08-26_10-02-56_a1a_fullmirror_jacc1e-7_standing15_s42/model_10000.pt,td3,"['velocity', 'orientation', 'height']",8,42,0.13510404527187347,0.19546183943748474,0.2709414064884186,0.1290123015642166,0.20263667404651642,0.54,0.0002864583220798522,562.9647216796875,1.2988700866699219,0.9228804707527161,56.50007629394531,64.570556640625,51.83305740356445,92.09651184082031,66.60552978515625,24140.6875,45567.30078125,21315.33984375,40333.37109375,0.23072011768817902,0.05548282712697983,0.025747530162334442,0.011241407133638859,0.5742689371109009,429.5780029296875,0.6481314897537231,0.8030348681906484,5843.88134765625,10.924302856535832,0.4288009703159332,0.017048031091690063,0.5065963060686016,0.7,0,0.6,7,1200
/home/iams/ramlab_ws/src/unitree_rl_mjlab/logs/rsl_rl/h1_2_velocity_a1_v2/2026-08-26_10-02-56_a1a_fullmirror_jacc1e-7_standing15_s42/model_10000.pt,td3,"['velocity', 'orientation', 'height']",8,42,0.07525744289159775,0.07516295462846756,0.09228251874446869,0.0665457472205162,0.07441405951976776,0.76,0.0,600.5,0.9444762468338013,0.8280937671661377,38.439945220947266,53.66563034057617,27.214494705200195,100.55268859863281,33.062355041503906,23552.12109375,68687.7109375,16066.419921875,37426.8984375,0.20702344179153442,0.02448953501880169,0.008738777600228786,0.0044366540387272835,0.3199138939380646,225.92674255371094,0.9726497530937195,0.5568294098995383,4172.92626953125,10.284784852848974,0.25922316312789917,0.0006874280516058207,0.39309021113243764,0.4,4,0.6,0,1200
/home/iams/ramlab_ws/src/unitree_rl_mjlab/logs/rsl_rl/h1_2_velocity_a1_v2/2026-08-26_10-02-56_a1a_fullmirror_jacc1e-7_standing15_s42/model_10000.pt,td3,"['velocity', 'orientation', 'height']",8,42,0.07531467080116272,0.07485675811767578,0.09661918133497238,0.06661801040172577,0.0740256980061531,0.76,0.0,600.5,0.9385829567909241,0.8241398930549622,38.1928825378418,53.37752151489258,26.981313705444336,102.78581237792969,33.278629302978516,23418.466796875,69270.078125,15977.6884765625,38570.0234375,0.20603497326374054,0.024881206452846527,0.008741196244955063,0.004362789448350668,0.3185257911682129,224.48976135253906,0.9751172065734863,0.5538656859924835,4153.23486328125,10.246946117058139,0.26223260164260864,0.0005965195596218109,0.39349301908543616,0.4,4,0.6,1,1200
/home/iams/ramlab_ws/src/unitree_rl_mjlab/logs/rsl_rl/h1_2_velocity_a1_v2/2026-08-26_10-02-56_a1a_fullmirror_jacc1e-7_standing15_s42/model_10000.pt,td3,"['velocity', 'orientation', 'height']",8,42,0.07412584125995636,0.07461953163146973,0.09936726093292236,0.0653626024723053,0.07385029643774033,0.76,0.0,600.5,0.9383625388145447,0.8230288624763489,39.24706268310547,55.755149841308594,26.987022399902344,109.25684356689453,33.56760025024414,23631.63671875,69211.8828125,17314.171875,37423.5625,0.20575721561908722,0.024034468457102776,0.008775288239121437,0.004080911632627249,0.31680476665496826,223.12599182128906,0.9730273485183716,0.5508468002897573,4139.634765625,10.219805164354115,0.25582894682884216,0.0005251204129308462,0.3928388746803069,0.4,4,0.6,2,1200
/home/iams/ramlab_ws/src/unitree_rl_mjlab/logs/rsl_rl/h1_2_velocity_a1_v2/2026-08-26_10-02-56_a1a_fullmirror_jacc1e-7_standing15_s42/model_10000.pt,td3,"['velocity', 'orientation', 'height']",8,42,0.07561162114143372,0.07452936470508575,0.1007908284664154,0.06686713546514511,0.07375090569257736,0.76,0.0,600.5,0.9366185069084167,0.8218910694122314,39.02566909790039,55.39469909667969,26.86971664428711,108.66911315917969,33.534610748291016,23551.23046875,67893.9765625,17184.771484375,38125.26953125,0.20547276735305786,0.024391479790210724,0.008653989993035793,0.004260788671672344,0.31987425684928894,223.05380249023438,0.9737630486488342,0.5527847242361215,4128.734375,10.232066720362429,0.25527599453926086,0.0005692692939192057,0.3940482298614674,0.4,4,0.6,3,1200
/home/iams/ramlab_ws/src/unitree_rl_mjlab/logs/rsl_rl/h1_2_velocity_a1_v2/2026-08-26_10-02-56_a1a_fullmirror_jacc1e-7_standing15_s42/model_10000.pt,td3,"['velocity', 'orientation', 'height']",8,42,0.07335184514522552,0.07442879676818848,0.08851487189531326,0.06488439440727234,0.07367739081382751,0.76,0.0,600.5,0.94542396068573,0.829813539981842,38.416202545166016,54.15592956542969,26.75455093383789,103.06393432617188,33.258522033691406,23696.080078125,66706.6015625,16284.0029296875,37257.92578125,0.2074533849954605,0.027014195919036865,0.008798139169812202,0.00426084641367197,0.31587427854537964,224.56179809570312,0.9769921898841858,0.5518387029906553,4169.55224609375,10.246268505727317,0.26253220438957214,0.0005306914681568742,0.39384615384615385,0.4,4,0.6,4,1200
/home/iams/ramlab_ws/src/unitree_rl_mjlab/logs/rsl_rl/h1_2_velocity_a1_v2/2026-08-26_10-02-56_a1a_fullmirror_jacc1e-7_standing15_s42/model_10000.pt,td3,"['velocity', 'orientation', 'height']",8,42,0.07415417581796646,0.07381555438041687,0.08950243145227432,0.06552319973707199,0.07297985255718231,0.76,0.0,600.5,0.9412256479263306,0.8272943496704102,37.88673400878906,53.056583404541016,26.69139289855957,98.46751403808594,32.57558822631836,23400.900390625,67309.1796875,15618.9658203125,38217.8828125,0.20682358741760254,0.0255226232111454,0.008802765980362892,0.004305447917431593,0.3182936906814575,224.52700805664062,0.9741536378860474,0.5535303952531878,4183.734375,10.314234439971468,0.26116693019866943,0.0005198741564527154,0.39359385009609227,0.4,4,0.6,5,1200
/home/iams/ramlab_ws/src/unitree_rl_mjlab/logs/rsl_rl/h1_2_velocity_a1_v2/2026-08-26_10-02-56_a1a_fullmirror_jacc1e-7_standing15_s42/model_10000.pt,td3,"['velocity', 'orientation', 'height']",8,42,0.07491649687290192,0.07493602484464645,0.09398722648620605,0.06625957787036896,0.0741397812962532,0.76,0.0,600.5,0.9412027597427368,0.8258175849914551,38.90848159790039,54.82630920410156,27.121232986450195,110.1898422241211,33.083377838134766,23378.802734375,65999.09375,16790.166015625,37341.2890625,0.20645439624786377,0.025799890980124474,0.008804515935480595,0.004331590142101049,0.3197302520275116,225.4869842529297,0.9744465947151184,0.5558616930565268,4156.98193359375,10.2476304942405,0.25839710235595703,0.0006393450312316418,0.3933418693982074,0.4,4,0.6,6,1200
/home/iams/ramlab_ws/src/unitree_rl_mjlab/logs/rsl_rl/h1_2_velocity_a1_v2/2026-08-26_10-02-56_a1a_fullmirror_jacc1e-7_standing15_s42/model_10000.pt,td3,"['velocity', 'orientation', 'height']",8,42,0.0727837011218071,0.07445380836725235,0.095046266913414,0.064339280128479,0.07356254756450653,0.76,0.0,600.5,0.9473609924316406,0.8332532048225403,37.942970275878906,52.925418853759766,26.888532638549805,101.37384796142578,32.757877349853516,23518.609375,66295.3828125,15554.0048828125,36137.5234375,0.20831330120563507,0.027250824496150017,0.008851259015500546,0.004524130839854479,0.31785598397254944,228.4097442626953,0.97530597448349,0.5579951681368105,4204.771484375,10.272074684247817,0.26744070649147034,0.0006994144641794264,0.39399769141977686,0.4,4,0.6,7,1200
/home/iams/ramlab_ws/src/unitree_rl_mjlab/logs/rsl_rl/h1_2_velocity_a1_v2/2026-08-26_10-02-56_a1a_fullmirror_jacc1e-7_standing15_s42/model_10000.pt,td3,"['velocity', 'orientation', 'height']",8,42,0.07485607266426086,0.082620769739151,0.10647865384817123,0.06631074845790863,0.08156298846006393,0.62,0.0,600.5,0.9343805313110352,0.8048294186592102,37.16340255737305,50.7392463684082,27.29022789001465,103.8580551147461,34.25214767456055,22894.009765625,65088.4140625,15081.5458984375,34982.3125,0.20120735466480255,0.025191133841872215,0.010008630342781544,0.004143897444009781,0.3197546899318695,230.84666442871094,0.9497460722923279,0.5545414568280073,4461.55126953125,10.717568815473625,0.24638158082962036,0.0008881855173967779,0.44341801385681295,0.45,4,0.6,0,1200
/home/iams/ramlab_ws/src/unitree_rl_mjlab/logs/rsl_rl/h1_2_velocity_a1_v2/2026-08-26_10-02-56_a1a_fullmirror_jacc1e-7_standing15_s42/model_10000.pt,td3,"['velocity', 'orientation', 'height']",8,42,0.07093078643083572,0.08169476687908173,0.10503856837749481,0.06281712651252747,0.0807424858212471,0.62,0.0,600.5,0.9412055015563965,0.8128371834754944,37.079654693603516,50.65654754638672,27.168659210205078,103.57649230957031,34.02616500854492,23128.447265625,67201.0625,15004.8193359375,36024.328125,0.2032092958688736,0.030235672369599342,0.009679130278527737,0.004353012889623642,0.31203338503837585,231.2939910888672,0.9449934959411621,0.543823348549775,4423.48046875,10.400582038845455,0.2583395838737488,0.0008435118943452835,0.44297043979812545,0.45,4,0.6,1,1200
/home/iams/ramlab_ws/src/unitree_rl_mjlab/logs/rsl_rl/h1_2_velocity_a1_v2/2026-08-26_10-02-56_a1a_fullmirror_jacc1e-7_standing15_s42/model_10000.pt,td3,"['velocity', 'orientation', 'height']",8,42,0.0735553726553917,0.08312851190567017,0.1079290509223938,0.0650489404797554,0.08208580315113068,0.62,0.0,600.5,0.9370095729827881,0.8045347332954407,36.966941833496094,50.090274810791016,27.452987670898438,98.81005859375,34.26601791381836,22898.142578125,64476.47265625,14683.8369140625,34095.28515625,0.20113368332386017,0.02581970952451229,0.009842818602919579,0.004192719701677561,0.32058343291282654,230.42515563964844,0.9498372673988342,0.5508497399371824,4433.20458984375,10.597929861930366,0.24753794074058533,0.0008519120747223496,0.4438664932813177,0.45,4,0.6,2,1200
/home/iams/ramlab_ws/src/unitree_rl_mjlab/logs/rsl_rl/h1_2_velocity_a1_v2/2026-08-26_10-02-56_a1a_fullmirror_jacc1e-7_standing15_s42/model_10000.pt,td3,"['velocity', 'orientation', 'height']",8,42,0.0715956911444664,0.0826306939125061,0.10635748505592346,0.0633595734834671,0.08160090446472168,0.62,0.0,600.5,0.9352369904518127,0.8050774335861206,36.30598068237305,48.9519157409668,27.159828186035156,96.3394775390625,34.377784729003906,22778.07421875,65267.82421875,13963.111328125,33633.22265625,0.20126935839653015,0.0278349369764328,0.009602117352187634,0.004090333357453346,0.3159447908401489,229.047607421875,0.9487890601158142,0.5436856900597177,4398.22314453125,10.439975654212615,0.2554614543914795,0.0006668951245956123,0.44335401933901,0.45,4,0.6,3,1200
/home/iams/ramlab_ws/src/unitree_rl_mjlab/logs/rsl_rl/h1_2_velocity_a1_v2/2026-08-26_10-02-56_a1a_fullmirror_jacc1e-7_standing15_s42/model_10000.pt,td3,"['velocity', 'orientation', 'height']",8,42,0.07266174256801605,0.08282815665006638,0.10212594270706177,0.06419892609119415,0.08181264996528625,0.62,0.0,600.5,0.9327242970466614,0.8024101853370667,36.201908111572266,48.48324203491211,27.377548217773438,95.83344268798828,34.41083908081055,22619.814453125,65391.890625,13728.046875,34108.671875,0.20060254633426666,0.025211630389094353,0.009828807786107063,0.0039123669266700745,0.3176558315753937,228.7062530517578,0.9506314992904663,0.5466171601947147,4426.177734375,10.578743395337225,0.24982808530330658,0.0006850872887298465,0.4440589765828274,0.45,4,0.6,4,1200
/home/iams/ramlab_ws/src/unitree_rl_mjlab/logs/rsl_rl/h1_2_velocity_a1_v2/2026-08-26_10-02-56_a1a_fullmirror_jacc1e-7_standing15_s42/model_10000.pt,td3,"['velocity', 'orientation', 'height']",8,42,0.07280175387859344,0.08235214650630951,0.10004745423793793,0.06450574845075607,0.08137050271034241,0.62,0.0,600.5,0.934726893901825,0.8069952130317688,36.618106842041016,49.87751388549805,26.963529586791992,102.23212432861328,33.986507415771484,22873.205078125,66754.7734375,14563.1875,34187.9375,0.2017488032579422,0.027691815048456192,0.009709510952234268,0.004094557836651802,0.3135729134082794,229.35491943359375,0.9482617378234863,0.545817197276206,4423.6689453125,10.527416285647577,0.25524184107780457,0.0008748838445171714,0.44380236925744004,0.45,4,0.6,5,1200
/home/iams/ramlab_ws/src/unitree_rl_mjlab/logs/rsl_rl/h1_2_velocity_a1_v2/2026-08-26_10-02-56_a1a_fullmirror_jacc1e-7_standing15_s42/model_10000.pt,td3,"['velocity', 'orientation', 'height']",8,42,0.07303347438573837,0.08235309273004532,0.11095757782459259,0.06461410224437714,0.08135273307561874,0.62,0.0,600.5,0.934753954410553,0.8039833903312683,38.07493209838867,52.55237579345703,27.464746475219727,108.30916595458984,34.24607849121094,23107.416015625,64583.0625,16159.49609375,36997.83203125,0.20099584758281708,0.026758724823594093,0.009498407132923603,0.004055549390614033,0.3165535628795624,229.24075317382812,0.9484700560569763,0.5450007788211683,4403.53662109375,10.469041613041625,0.25158941745758057,0.0008938657701946795,0.4440589765828274,0.45,4,0.6,6,1200
/home/iams/ramlab_ws/src/unitree_rl_mjlab/logs/rsl_rl/h1_2_velocity_a1_v2/2026-08-26_10-02-56_a1a_fullmirror_jacc1e-7_standing15_s42/model_10000.pt,td3,"['velocity', 'orientation', 'height']",8,42,0.0727195292711258,0.08217059075832367,0.10571646690368652,0.0642685666680336,0.08115840703248978,0.62,0.0,600.5,0.9323418736457825,0.8021032810211182,37.10851287841797,50.594234466552734,27.307649612426758,99.373779296875,34.30532455444336,22926.46875,66513.7734375,14979.380859375,34114.41015625,0.20052582025527954,0.026186272501945496,0.009971331804990768,0.0040682596154510975,0.31800249218940735,228.49835205078125,0.9472330808639526,0.5463523120901459,4410.033203125,10.544635189252604,0.24953845143318176,0.0007224549190141261,0.4436101083032491,0.45,4,0.6,7,1200
/home/iams/ramlab_ws/src/unitree_rl_mjlab/logs/rsl_rl/h1_2_velocity_a1_v2/2026-08-26_10-02-56_a1a_fullmirror_jacc1e-7_standing15_s42/model_10000.pt,td3,"['velocity', 'orientation', 'height']",8,42,0.07474113255739212,0.08720707148313522,0.10623028874397278,0.0668269470334053,0.08575268089771271,0.66,0.0,600.5,0.979581356048584,0.8192964196205139,37.21274185180664,48.352291107177734,29.386178970336914,96.26900482177734,36.49778747558594,22841.447265625,62587.51953125,14106.1767578125,36631.48046875,0.20482410490512848,0.03067786805331707,0.011638508178293705,0.004323332570493221,0.3386651873588562,242.48812866210938,0.9156510233879089,0.5486554288069255,4628.29931640625,10.47202373796922,0.24621699750423431,0.0015009141061455011,0.48203357916209005,0.5,4,0.6,0,1200
/home/iams/ramlab_ws/src/unitree_rl_mjlab/logs/rsl_rl/h1_2_velocity_a1_v2/2026-08-26_10-02-56_a1a_fullmirror_jacc1e-7_standing15_s42/model_10000.pt,td3,"['velocity', 'orientation', 'height']",8,42,0.07440212368965149,0.08661004900932312,0.10171676427125931,0.06651867181062698,0.08516766875982285,0.66,0.0,600.5,0.9759315848350525,0.8162840008735657,36.3390007019043,46.5749397277832,29.24372673034668,92.84004974365234,36.38558578491211,22715.970703125,61624.06640625,13126.6142578125,34287.4609375,0.20407100021839142,0.029099512845277786,0.011375509202480316,0.00421533128246665,0.3365766406059265,240.36766052246094,0.9153711199760437,0.5439806283986605,4622.4052734375,10.461053238514639,0.24781835079193115,0.0016480067279189825,0.4868462757527734,0.5,4,0.6,1,1200
/home/iams/ramlab_ws/src/unitree_rl_mjlab/logs/rsl_rl/h1_2_velocity_a1_v2/2026-08-26_10-02-56_a1a_fullmirror_jacc1e-7_standing15_s42/model_10000.pt,td3,"['velocity', 'orientation', 'height']",8,42,0.0750344917178154,0.08594556152820587,0.09933602809906006,0.06704644113779068,0.08454146981239319,0.66,0.0,600.5,0.9764270782470703,0.8184249997138977,36.434749603271484,47.0647087097168,29.015117645263672,91.22152709960938,36.54886245727539,22823.0859375,61736.97265625,13255.7119140625,35409.69140625,0.20460624992847443,0.027832189574837685,0.01120532676577568,0.0040984065271914005,0.33728498220443726,240.58314514160156,0.9166536331176758,0.5447468262063571,4639.2041015625,10.504441415046484,0.24126073718070984,0.0016988185234367847,0.48484848484848486,0.5,4,0.6,2,1200
/home/iams/ramlab_ws/src/unitree_rl_mjlab/logs/rsl_rl/h1_2_velocity_a1_v2/2026-08-26_10-02-56_a1a_fullmirror_jacc1e-7_standing15_s42/model_10000.pt,td3,"['velocity', 'orientation', 'height']",8,42,0.07396424561738968,0.08627624064683914,0.10480008274316788,0.06611587852239609,0.08480902761220932,0.66,0.0,600.5,0.9876027703285217,0.8286573886871338,37.940616607666016,50.02254104614258,29.3105525970459,99.25271606445312,36.79545211791992,23348.6484375,62441.1796875,15148.048828125,39971.140625,0.20716434717178345,0.03173568844795227,0.011475896462798119,0.004539238754659891,0.33801570534706116,245.07505798339844,0.9122330546379089,0.5486433809631532,4643.8935546875,10.396168423964388,0.24889785051345825,0.001567866187542677,0.4837795275590551,0.5,4,0.6,3,1200
/home/iams/ramlab_ws/src/unitree_rl_mjlab/logs/rsl_rl/h1_2_velocity_a1_v2/2026-08-26_10-02-56_a1a_fullmirror_jacc1e-7_standing15_s42/model_10000.pt,td3,"['velocity', 'orientation', 'height']",8,42,0.07421775907278061,0.08672075718641281,0.1039871945977211,0.06604278832674026,0.08533144742250443,0.66,0.0,600.5,0.9715584516525269,0.8124117851257324,36.96874237060547,48.10163497924805,29.173906326293945,95.23529052734375,36.16053771972656,22836.41796875,59913.26953125,14090.8857421875,35027.54296875,0.2031029462814331,0.027215493842959404,0.011555896140635014,0.004039156250655651,0.3385199308395386,239.6016082763672,0.9183073043823242,0.5477534359088797,4620.7841796875,10.563578096606486,0.23838256299495697,0.0014298069290816784,0.48484848484848486,0.5,4,0.6,4,1200
/home/iams/ramlab_ws/src/unitree_rl_mjlab/logs/rsl_rl/h1_2_velocity_a1_v2/2026-08-26_10-02-56_a1a_fullmirror_jacc1e-7_standing15_s42/model_10000.pt,td3,"['velocity', 'orientation', 'height']",8,42,0.07461250573396683,0.0865422934293747,0.10352437198162079,0.06662137806415558,0.08515184372663498,0.66,0.0,600.5,0.9752898812294006,0.8180674314498901,36.48276138305664,47.311134338378906,28.891265869140625,91.19424438476562,36.693687438964844,22854.232421875,60628.546875,13538.2744140625,33486.47265625,0.20451685786247253,0.02934504859149456,0.0113828144967556,0.004183917306363583,0.3361304998397827,240.50450134277344,0.9170117378234863,0.5453399564100102,4639.39404296875,10.519748511847865,0.2462785542011261,0.001555871102027595,0.4870778500079277,0.5,4,0.6,5,1200
/home/iams/ramlab_ws/src/unitree_rl_mjlab/logs/rsl_rl/h1_2_velocity_a1_v2/2026-08-26_10-02-56_a1a_fullmirror_jacc1e-7_standing15_s42/model_10000.pt,td3,"['velocity', 'orientation', 'height']",8,42,0.07329323142766953,0.08694849908351898,0.10696161538362503,0.0655074194073677,0.08544334769248962,0.66,0.0,600.5,0.985127866268158,0.824348509311676,37.91858673095703,49.84273910522461,29.44740867614746,94.58783721923828,36.37556838989258,23405.982421875,63145.33203125,14914.580078125,40137.16796875,0.206087127327919,0.030792923644185066,0.01144458632916212,0.004265399184077978,0.3363152742385864,244.53424072265625,0.9135286211967468,0.5479948519815723,4610.857421875,10.332810553386729,0.24728164076805115,0.0014397287741303444,0.48271527341294784,0.5,4,0.6,6,1200
/home/iams/ramlab_ws/src/unitree_rl_mjlab/logs/rsl_rl/h1_2_velocity_a1_v2/2026-08-26_10-02-56_a1a_fullmirror_jacc1e-7_standing15_s42/model_10000.pt,td3,"['velocity', 'orientation', 'height']",8,42,0.07478391379117966,0.08602787554264069,0.10421966016292572,0.06681028008460999,0.08462470769882202,0.66,0.0,600.5,0.9727556109428406,0.8159722089767456,37.018585205078125,48.433013916015625,28.939918518066406,95.51408386230469,36.054290771484375,22868.669921875,60950.69921875,14167.9404296875,37221.1484375,0.2039930522441864,0.029587771743535995,0.011181855574250221,0.004179064650088549,0.3336019814014435,240.03619384765625,0.9159960746765137,0.5445081582359957,4616.54541015625,10.47236485244483,0.24843470752239227,0.001816625241190195,0.4839319470699433,0.5,4,0.6,7,1200
/home/iams/ramlab_ws/src/unitree_rl_mjlab/logs/rsl_rl/h1_2_velocity_a1_v2/2026-08-26_10-02-56_a1a_fullmirror_jacc1e-7_standing15_s42/model_10000.pt,td3,"['velocity', 'orientation', 'height']",8,42,0.09072890132665634,0.08874835819005966,0.12383913993835449,0.08460307866334915,0.08675207197666168,0.68,0.0,600.5,1.0680813789367676,0.8572044372558594,39.7650146484375,49.32709503173828,33.194149017333984,91.5745620727539,44.65035629272461,24621.029296875,63109.50390625,14709.61328125,34859.94140625,0.21430110931396484,0.03306625410914421,0.013293243944644928,0.005070705432444811,0.390982985496521,267.77490234375,0.8543489575386047,0.5630373630689913,4779.9833984375,10.050639438597873,0.2632603943347931,0.0032418796326965094,0.510214250124564,0.55,4,0.6,0,1200
/home/iams/ramlab_ws/src/unitree_rl_mjlab/logs/rsl_rl/h1_2_velocity_a1_v2/2026-08-26_10-02-56_a1a_fullmirror_jacc1e-7_standing15_s42/model_10000.pt,td3,"['velocity', 'orientation', 'height']",8,42,0.08776438236236572,0.09017530828714371,0.11820359528064728,0.08151134848594666,0.0879909098148346,0.68,0.0,600.5,1.0618019104003906,0.8533347249031067,38.8197135925293,47.510990142822266,32.95329284667969,89.13946533203125,45.84455871582031,24389.875,65244.49609375,13779.89453125,34887.21484375,0.21333368122577667,0.03170618787407875,0.013382486999034882,0.0048729656264185905,0.3860752284526825,264.6990661621094,0.8590559959411621,0.5599435012556637,4764.9765625,10.07981524222012,0.2605721354484558,0.002406249288469553,0.5177818978594303,0.55,4,0.6,1,1200
/home/iams/ramlab_ws/src/unitree_rl_mjlab/logs/rsl_rl/h1_2_velocity_a1_v2/2026-08-26_10-02-56_a1a_fullmirror_jacc1e-7_standing15_s42/model_10000.pt,td3,"['velocity', 'orientation', 'height']",8,42,0.09186860918998718,0.08659006655216217,0.13139711320400238,0.08589785546064377,0.08461014926433563,0.68,0.0,600.5,1.0800836086273193,0.8668600916862488,40.095645904541016,49.936153411865234,33.27217102050781,88.89081573486328,44.83631896972656,25053.0703125,65282.44921875,15087.8564453125,35237.8046875,0.2167150229215622,0.03367061913013458,0.013769537210464478,0.0050901686772704124,0.39483630657196045,271.6448669433594,0.8510937690734863,0.56728900462804,4787.89453125,9.998789534457853,0.267709344625473,0.0030340617522597313,0.5151769243669294,0.55,4,0.6,2,1200
/home/iams/ramlab_ws/src/unitree_rl_mjlab/logs/rsl_rl/h1_2_velocity_a1_v2/2026-08-26_10-02-56_a1a_fullmirror_jacc1e-7_standing15_s42/model_10000.pt,td3,"['velocity', 'orientation', 'height']",8,42,0.08536718040704727,0.08881889283657074,0.12491107732057571,0.07885533571243286,0.08670518547296524,0.7000000000000001,0.0,600.5,1.0548690557479858,0.84824138879776,38.91029739379883,48.09370422363281,32.68403244018555,89.09789276123047,43.39849853515625,24300.03125,63022.40625,14211.3046875,33753.98046875,0.21206034719944,0.0296352319419384,0.013593684881925583,0.0045022908598184586,0.38622015714645386,263.7749328613281,0.8569791913032532,0.5651184838602218,4781.70751953125,10.244458175966281,0.2501008212566376,0.002794681116938591,0.5187436676798379,0.55,4,0.6,3,1200
/home/iams/ramlab_ws/src/unitree_rl_mjlab/logs/rsl_rl/h1_2_velocity_a1_v2/2026-08-26_10-02-56_a1a_fullmirror_jacc1e-7_standing15_s42/model_10000.pt,td3,"['velocity', 'orientation', 'height']",8,42,0.08868248760700226,0.08901671320199966,0.12174995243549347,0.08256400376558304,0.08694784343242645,0.68,0.0,600.5,1.0600868463516235,0.8538634181022644,38.514461517333984,47.2547492980957,32.58055877685547,86.73643493652344,44.551456451416016,24246.994140625,63042.60546875,13619.9365234375,34093.5234375,0.2134658545255661,0.03309588134288788,0.01340877078473568,0.005077401641756296,0.38478296995162964,265.423828125,0.8567968606948853,0.558586004522856,4761.17041015625,10.019910050313541,0.26050639152526855,0.002502736169844866,0.5150041911148365,0.55,4,0.6,4,1200
/home/iams/ramlab_ws/src/unitree_rl_mjlab/logs/rsl_rl/h1_2_velocity_a1_v2/2026-08-26_10-02-56_a1a_fullmirror_jacc1e-7_standing15_s42/model_10000.pt,td3,"['velocity', 'orientation', 'height']",8,42,0.08169345557689667,0.08967887610197067,0.11873331665992737,0.07480710744857788,0.08755520731210709,0.7000000000000001,0.0,600.5,1.0403023958206177,0.8366242051124573,38.253021240234375,47.07673263549805,32.34421920776367,87.20773315429688,42.664058685302734,23864.2265625,62423.21875,13844.142578125,33737.47265625,0.20915605127811432,0.02867758460342884,0.013792685233056545,0.004212136380374432,0.38123616576194763,258.8270263671875,0.8597070574760437,0.5618358374569551,4752.96435546875,10.317260573087482,0.24274998903274536,0.002155376598238945,0.5176074136478517,0.55,4,0.6,5,1200
/home/iams/ramlab_ws/src/unitree_rl_mjlab/logs/rsl_rl/h1_2_velocity_a1_v2/2026-08-26_10-02-56_a1a_fullmirror_jacc1e-7_standing15_s42/model_10000.pt,td3,"['velocity', 'orientation', 'height']",8,42,0.08925897628068924,0.08827494084835052,0.12791839241981506,0.08326411992311478,0.08631354570388794,0.68,0.0,600.5,1.065122127532959,0.8586193919181824,38.68655776977539,47.709632873535156,32.496883392333984,86.61547088623047,44.40008544921875,24607.474609375,64295.31640625,13806.2568359375,34080.1640625,0.2146548479795456,0.033026859164237976,0.013306072913110256,0.0049067893996834755,0.3852861523628235,265.7021789550781,0.8557161688804626,0.5581106703902307,4758.4873046875,9.99525932823456,0.2669714391231537,0.0026926922146230936,0.5159556600604636,0.55,4,0.6,6,1200
/home/iams/ramlab_ws/src/unitree_rl_mjlab/logs/rsl_rl/h1_2_velocity_a1_v2/2026-08-26_10-02-56_a1a_fullmirror_jacc1e-7_standing15_s42/model_10000.pt,td3,"['velocity', 'orientation', 'height']",8,42,0.08836111426353455,0.08915308117866516,0.12359067052602768,0.08223629742860794,0.08716514706611633,0.68,0.0,600.5,1.0573885440826416,0.8508999943733215,39.21038055419922,48.56654357910156,32.80420684814453,93.00009155273438,43.7928352355957,24223.435546875,63248.1640625,14352.501953125,36626.66796875,0.21272499859333038,0.03345132991671562,0.01333196833729744,0.004903190303593874,0.3829328119754791,265.4562072753906,0.8569400906562805,0.560985096314008,4761.95263671875,10.063371464042506,0.2586043179035187,0.0026908540166914463,0.5149178679182032,0.55,4,0.6,7,1200
/home/iams/ramlab_ws/src/unitree_rl_mjlab/logs/rsl_rl/h1_2_velocity_a1_v2/2026-08-26_10-02-56_a1a_fullmirror_jacc1e-7_standing15_s42/model_10000.pt,td3,"['velocity', 'orientation', 'height']",8,42,0.09894126653671265,0.09567911922931671,0.16436642408370972,0.09322874993085861,0.0939670279622078,0.54,2.604166729724966e-05,595.0315551757812,1.12347412109375,0.8658655881881714,41.121150970458984,47.927154541015625,36.867286682128906,81.50514221191406,51.24861526489258,23903.291015625,58391.9140625,14032.197265625,33553.3984375,0.21646639704704285,0.03410052880644798,0.01678546518087387,0.005783944856375456,0.4343273937702179,289.79248046875,0.7953059673309326,0.5921511926592599,4987.546875,10.191369048258672,0.2724653482437134,0.003719187341630459,0.5417034032798448,0.6,4,0.6,0,1200
/home/iams/ramlab_ws/src/unitree_rl_mjlab/logs/rsl_rl/h1_2_velocity_a1_v2/2026-08-26_10-02-56_a1a_fullmirror_jacc1e-7_standing15_s42/model_10000.pt,td3,"['velocity', 'orientation', 'height']",8,42,0.10953871160745621,0.09557334333658218,0.17216555774211884,0.10417713969945908,0.09450912475585938,0.52,6.510417006211355e-05,593.4528198242188,1.144141435623169,0.8795763850212097,42.369747161865234,49.721160888671875,37.680564880371094,81.67111206054688,52.35432434082031,24460.6484375,58636.703125,14784.412109375,33126.5703125,0.21989409625530243,0.03713150694966316,0.017152652144432068,0.006457144860178232,0.44523611664772034,301.5493469238281,0.7872461080551147,0.6027041948087137,5063.97998046875,10.121334867761703,0.2901610732078552,0.005295258015394211,0.5272009610434185,0.6,4,0.6,1,1200
/home/iams/ramlab_ws/src/unitree_rl_mjlab/logs/rsl_rl/h1_2_velocity_a1_v2/2026-08-26_10-02-56_a1a_fullmirror_jacc1e-7_standing15_s42/model_10000.pt,td3,"['velocity', 'orientation', 'height']",8,42,0.10558559745550156,0.09778697043657303,0.1746126413345337,0.10045922547578812,0.09650661796331406,0.54,7.812499825377017e-05,585.085693359375,1.1436281204223633,0.8756921887397766,43.79222106933594,52.16994094848633,38.32604217529297,85.8174819946289,52.08051681518555,24607.42578125,57887.3828125,16108.8828125,35409.5078125,0.21892304718494415,0.03612320497632027,0.017612053081393242,0.006312135141342878,0.4481915831565857,309.52630615234375,0.7893294095993042,0.6274709964950302,5106.25732421875,10.351394922256114,0.2885380983352661,0.007217190694063902,0.5196211096075778,0.6,4,0.6,2,1200
/home/iams/ramlab_ws/src/unitree_rl_mjlab/logs/rsl_rl/h1_2_velocity_a1_v2/2026-08-26_10-02-56_a1a_fullmirror_jacc1e-7_standing15_s42/model_10000.pt,td3,"['velocity', 'orientation', 'height']",8,42,0.11012779176235199,0.10520011931657791,0.19530870020389557,0.10485105216503143,0.10300309211015701,0.54,0.0001432291610399261,572.60986328125,1.1469461917877197,0.874637246131897,44.638370513916016,53.6395263671875,38.68290710449219,86.11384582519531,51.384849548339844,24552.724609375,56840.7734375,16916.814453125,35907.1953125,0.21865931153297424,0.03868851065635681,0.018333738669753075,0.006741315592080355,0.450600802898407,315.4165344238281,0.784095048904419,0.636376911318553,5165.24853515625,10.421281256641313,0.301515132188797,0.010977613739669323,0.5167367535744323,0.6,4,0.6,3,1200
/home/iams/ramlab_ws/src/unitree_rl_mjlab/logs/rsl_rl/h1_2_velocity_a1_v2/2026-08-26_10-02-56_a1a_fullmirror_jacc1e-7_standing15_s42/model_10000.pt,td3,"['velocity', 'orientation', 'height']",8,42,0.11107700318098068,0.10413721203804016,0.19774925708770752,0.10728779435157776,0.10506079345941544,0.54,0.00019531250291038305,565.6408081054688,1.1707453727722168,0.8892307877540588,45.71089172363281,54.88643264770508,39.64881134033203,87.7199478149414,53.42363357543945,25294.791015625,56804.66796875,17461.216796875,36084.80859375,0.2223076969385147,0.038774408400058746,0.019357377663254738,0.006856714840978384,0.4624381363391876,325.9818420410156,0.7804427146911621,0.6557315802053797,5265.54736328125,10.59195742942156,0.3045491576194763,0.010692533105611801,0.5103837846818409,0.6,4,0.6,4,1200
/home/iams/ramlab_ws/src/unitree_rl_mjlab/logs/rsl_rl/h1_2_velocity_a1_v2/2026-08-26_10-02-56_a1a_fullmirror_jacc1e-7_standing15_s42/model_10000.pt,td3,"['velocity', 'orientation', 'height']",8,42,0.11318221688270569,0.09858271479606628,0.20163996517658234,0.10794666409492493,0.09678146243095398,0.52,3.9062499126885086e-05,593.45361328125,1.1576879024505615,0.8845540881156921,45.62009048461914,55.83279800415039,38.64471435546875,89.90576934814453,52.0372428894043,24906.041015625,56196.515625,18203.580078125,36321.76953125,0.22113852202892303,0.03849656879901886,0.01765282079577446,0.006741867866367102,0.4569200575351715,314.17376708984375,0.7761197686195374,0.6239675689316027,5159.30517578125,10.246683622921573,0.2998518943786621,0.006615048740059137,0.5211195928753181,0.6,4,0.6,5,1200
/home/iams/ramlab_ws/src/unitree_rl_mjlab/logs/rsl_rl/h1_2_velocity_a1_v2/2026-08-26_10-02-56_a1a_fullmirror_jacc1e-7_standing15_s42/model_10000.pt,td3,"['velocity', 'orientation', 'height']",8,42,0.10893217474222183,0.10379330068826675,0.20060387253761292,0.1048336997628212,0.10365114361047745,0.54,0.0001822916674427688,573.5101928710938,1.1518503427505493,0.8758609294891357,45.67815017700195,55.737403869628906,38.88266372680664,89.65433502197266,51.6619873046875,24884.41796875,56647.78125,18196.6640625,37996.19140625,0.21896523237228394,0.038385797291994095,0.018721168860793114,0.0066796550527215,0.4541395604610443,314.62591552734375,0.7814713716506958,0.6386947966376239,5169.28662109375,10.493721261038074,0.30195754766464233,0.010878563858568668,0.5060955518945635,0.6,4,0.6,6,1200
/home/iams/ramlab_ws/src/unitree_rl_mjlab/logs/rsl_rl/h1_2_velocity_a1_v2/2026-08-26_10-02-56_a1a_fullmirror_jacc1e-7_standing15_s42/model_10000.pt,td3,"['velocity', 'orientation', 'height']",8,42,0.11415817588567734,0.09566078335046768,0.17024461925029755,0.1091383621096611,0.0941743552684784,0.54,3.9062499126885086e-05,591.606689453125,1.1503170728683472,0.8838780522346497,43.63919448852539,52.065765380859375,38.08930587768555,83.45343017578125,51.66355895996094,24792.322265625,58136.59375,16024.0029296875,33571.0390625,0.22096951305866241,0.037575721740722656,0.016596203669905663,0.006599961314350367,0.4516911208629608,307.0995788574219,0.7853710651397705,0.6124816280842967,5102.46142578125,10.176385803614615,0.2951033413410187,0.007251686416566372,0.5194453838349679,0.6,4,0.6,7,1200
/home/iams/ramlab_ws/src/unitree_rl_mjlab/logs/rsl_rl/h1_2_velocity_a1_v2/2026-08-26_10-02-56_a1a_fullmirror_jacc1e-7_standing15_s42/model_10000.pt,td3,"['velocity', 'orientation', 'height']",8,42,0.13824604451656342,0.13954998552799225,0.2716485857963562,0.13495758175849915,0.1502293199300766,0.54,0.00023437499476131052,563.1912231445312,1.257246494293213,0.9115073680877686,53.12218475341797,62.454017639160156,47.21809768676758,90.0293197631836,60.711830139160156,25072.30859375,53767.05078125,20811.021484375,36793.3046875,0.22787684202194214,0.04965337738394737,0.024431291967630386,0.010126078501343727,0.5466711521148682,400.1525573730469,0.7097265720367432,0.7550253242097117,5864.953125,11.06624937747214,0.392020583152771,0.015675967559218407,0.5212964534193111,0.65,4,0.6,0,1200
/home/iams/ramlab_ws/src/unitree_rl_mjlab/logs/rsl_rl/h1_2_velocity_a1_v2/2026-08-26_10-02-56_a1a_fullmirror_jacc1e-7_standing15_s42/model_10000.pt,td3,"['velocity', 'orientation', 'height']",8,42,0.1311686784029007,0.1328597068786621,0.23884844779968262,0.12788857519626617,0.14400619268417358,0.54,9.11458337213844e-05,584.8128051757812,1.2193273305892944,0.8943184614181519,49.58512496948242,57.0868034362793,45.0921630859375,86.66697692871094,59.22657775878906,23773.0703125,52494.68359375,18106.65625,39056.22265625,0.22357961535453796,0.046206995844841,0.02209259755909443,0.00923884380608797,0.5246612429618835,369.12384033203125,0.7259179949760437,0.6989765004525026,5650.423828125,10.699698406113855,0.3623298704624176,0.010046006180346012,0.5321323402043998,0.65,4,0.6,1,1200
/home/iams/ramlab_ws/src/unitree_rl_mjlab/logs/rsl_rl/h1_2_velocity_a1_v2/2026-08-26_10-02-56_a1a_fullmirror_jacc1e-7_standing15_s42/model_10000.pt,td3,"['velocity', 'orientation', 'height']",8,42,0.1278683841228485,0.12671776115894318,0.2504969835281372,0.12420176714658737,0.13291428983211517,0.54,0.00010416666918899864,588.9560546875,1.211974859237671,0.8867989778518677,49.728187561035156,57.681427001953125,44.87971496582031,86.41212463378906,59.12004470825195,23812.32421875,52496.67578125,18656.173828125,37325.19140625,0.22169974446296692,0.044674310833215714,0.02279316820204258,0.008805384859442711,0.5226583480834961,369.88201904296875,0.7292187213897705,0.7099710726679771,5647.28564453125,10.839698034571434,0.35603511333465576,0.011258160695433617,0.5242320819112628,0.65,4,0.6,2,1200
/home/iams/ramlab_ws/src/unitree_rl_mjlab/logs/rsl_rl/h1_2_velocity_a1_v2/2026-08-26_10-02-56_a1a_fullmirror_jacc1e-7_standing15_s42/model_10000.pt,td3,"['velocity', 'orientation', 'height']",8,42,0.13668422400951385,0.12633079290390015,0.2442011833190918,0.13440875709056854,0.13233570754528046,0.54,0.0002213541738456115,571.329345703125,1.2325904369354248,0.8989256620407104,49.79542541503906,57.1915168762207,45.376014709472656,86.54872131347656,59.29438400268555,24312.38671875,53121.79296875,18055.2890625,36612.21875,0.2247314155101776,0.04680502414703369,0.02370542474091053,0.009639625437557697,0.5325514078140259,378.45556640625,0.7254362106323242,0.7213622137034295,5718.6904296875,10.90021387933353,0.37281620502471924,0.0157560333609581,0.531212173612312,0.65,4,0.6,3,1200
/home/iams/ramlab_ws/src/unitree_rl_mjlab/logs/rsl_rl/h1_2_velocity_a1_v2/2026-08-26_10-02-56_a1a_fullmirror_jacc1e-7_standing15_s42/model_10000.pt,td3,"['velocity', 'orientation', 'height']",8,42,0.13304121792316437,0.12855204939842224,0.24055303633213043,0.13074764609336853,0.13564132153987885,0.54,0.00015624999650754035,576.75048828125,1.2283854484558105,0.8967286348342896,49.907955169677734,57.41907501220703,45.4033203125,84.79834747314453,59.79403305053711,24221.95703125,53207.04296875,18284.5234375,38232.86328125,0.2241821587085724,0.046617019921541214,0.023123519495129585,0.009272296912968159,0.5299332737922668,376.12335205078125,0.7223307490348816,0.7150594574618353,5700.734375,10.837838384429977,0.36962974071502686,0.012814049609005451,0.526207605344296,0.65,4,0.6,4,1200
/home/iams/ramlab_ws/src/unitree_rl_mjlab/logs/rsl_rl/h1_2_velocity_a1_v2/2026-08-26_10-02-56_a1a_fullmirror_jacc1e-7_standing15_s42/model_10000.pt,td3,"['velocity', 'orientation', 'height']",8,42,0.1318494975566864,0.1189650222659111,0.2349802851676941,0.1296570748090744,0.12354771792888641,0.54,6.510417006211355e-05,586.4639282226562,1.2141332626342773,0.8901309967041016,49.213680267333984,56.61813735961914,44.764041900634766,86.2834243774414,59.39629364013672,23793.79296875,52611.828125,17835.552734375,36362.76953125,0.2225327491760254,0.043455760926008224,0.022680943831801414,0.008802962489426136,0.5287753343582153,367.6551208496094,0.7253711223602295,0.7036521145928014,5631.078125,10.777274093432602,0.35373422503471375,0.01073925755918026,0.5330557001561687,0.65,4,0.6,5,1200
/home/iams/ramlab_ws/src/unitree_rl_mjlab/logs/rsl_rl/h1_2_velocity_a1_v2/2026-08-26_10-02-56_a1a_fullmirror_jacc1e-7_standing15_s42/model_10000.pt,td3,"['velocity', 'orientation', 'height']",8,42,0.1255081295967102,0.1244916170835495,0.23001062870025635,0.12323451787233353,0.1311240792274475,0.54,9.11458337213844e-05,575.7659912109375,1.2112692594528198,0.8881538510322571,48.5295295715332,55.409061431884766,44.52140426635742,84.54015350341797,58.22699737548828,23804.052734375,53303.65625,17286.08203125,35947.59375,0.22203846275806427,0.04288170486688614,0.022225871682167053,0.008576693013310432,0.521362841129303,363.09271240234375,0.7296549677848816,0.6999429680601001,5591.6279296875,10.77912268525795,0.3496358096599579,0.010998990386724472,0.5345397598747172,0.65,4,0.6,6,1200
/home/iams/ramlab_ws/src/unitree_rl_mjlab/logs/rsl_rl/h1_2_velocity_a1_v2/2026-08-26_10-02-56_a1a_fullmirror_jacc1e-7_standing15_s42/model_10000.pt,td3,"['velocity', 'orientation', 'height']",8,42,0.13102827966213226,0.11973120272159576,0.20828528702259064,0.12739203870296478,0.12443985790014267,0.54,9.11458337213844e-05,587.857177734375,1.1972429752349854,0.8816449642181396,46.57360076904297,52.324649810791016,43.4201545715332,82.31946563720703,57.62311935424805,23346.064453125,53048.4609375,15737.1455078125,37097.4765625,0.2204112410545349,0.04462118446826935,0.02145622856914997,0.009003471583127975,0.512856662273407,351.9287109375,0.7370442748069763,0.6716112876142983,5525.64990234375,10.545002613317303,0.348952978849411,0.009610611945390701,0.5512291404988336,0.65,4,0.6,7,1200
/home/iams/ramlab_ws/src/unitree_rl_mjlab/logs/rsl_rl/h1_2_velocity_a1_v2/2026-08-26_10-02-56_a1a_fullmirror_jacc1e-7_standing15_s42/model_10000.pt,td3,"['velocity', 'orientation', 'height']",8,42,0.14603038132190704,0.19787350296974182,0.27375662326812744,0.13884282112121582,0.2044222056865692,0.54,0.0002994791720993817,558.1859130859375,1.297224998474121,0.9156067371368408,56.09052658081055,63.32326126098633,52.08699035644531,88.46941375732422,64.81986999511719,23736.822265625,46248.44921875,20618.5703125,37819.96875,0.2289016842842102,0.05796642228960991,0.028687922284007072,0.01201101578772068,0.5829786062240601,442.53594970703125,0.6476823091506958,0.8116064463219631,6231.46728515625,11.428447599817172,0.44817662239074707,0.017816077917814255,0.5174330469934311,0.7,4,0.6,0,1200
/home/iams/ramlab_ws/src/unitree_rl_mjlab/logs/rsl_rl/h1_2_velocity_a1_v2/2026-08-26_10-02-56_a1a_fullmirror_jacc1e-7_standing15_s42/model_10000.pt,td3,"['velocity', 'orientation', 'height']",8,42,0.1352013647556305,0.17398542165756226,0.25172093510627747,0.12814481556415558,0.17810650169849396,0.54,0.0001432291610399261,578.2548217773438,1.2537789344787598,0.8900590538978577,53.07673263549805,59.098045349121094,49.957149505615234,86.19435119628906,62.578704833984375,22781.322265625,46842.44921875,18802.482421875,38921.45703125,0.22251476347446442,0.050512101501226425,0.027269642800092697,0.010668482631444931,0.5690636038780212,416.2178649902344,0.656334638595581,0.7795119787135674,6021.572265625,11.27747818331479,0.4074513614177704,0.011246036738157272,0.5442948263642806,0.7,4,0.6,1,1200
/home/iams/ramlab_ws/src/unitree_rl_mjlab/logs/rsl_rl/h1_2_velocity_a1_v2/2026-08-26_10-02-56_a1a_fullmirror_jacc1e-7_standing15_s42/model_10000.pt,td3,"['velocity', 'orientation', 'height']",8,42,0.14412564039230347,0.18674123287200928,0.2849430441856384,0.13641570508480072,0.19118663668632507,0.54,0.0002604166802484542,560.7694702148438,1.2847347259521484,0.9055055379867554,55.38936996459961,62.081356048583984,51.78657913208008,90.64278411865234,66.45234680175781,23528.384765625,47183.83203125,20135.234375,39328.28125,0.22637638449668884,0.05637696757912636,0.02873716689646244,0.011969596147537231,0.5843202471733093,439.76031494140625,0.649889349937439,0.8107443548217815,6163.56103515625,11.363170479338605,0.4353112280368805,0.01572595350444317,0.5309367438645005,0.7,4,0.6,2,1200
/home/iams/ramlab_ws/src/unitree_rl_mjlab/logs/rsl_rl/h1_2_velocity_a1_v2/2026-08-26_10-02-56_a1a_fullmirror_jacc1e-7_standing15_s42/model_10000.pt,td3,"['velocity', 'orientation', 'height']",8,42,0.14635489881038666,0.1870284378528595,0.3137173056602478,0.13813169300556183,0.19037839770317078,0.54,0.00045572916860692203,540.0853881835938,1.313444972038269,0.9198254346847534,58.970924377441406,68.56417846679688,53.104164123535156,95.9008560180664,67.27241516113281,24869.267578125,48712.23828125,23784.7421875,41604.765625,0.22995635867118835,0.05787736177444458,0.03082611970603466,0.01232287846505642,0.5942304730415344,459.2577209472656,0.6404492259025574,0.8572525187819665,6328.2939453125,11.812421438681218,0.45742130279541016,0.019918866455554962,0.4973288003885381,0.7,4,0.6,3,1200
/home/iams/ramlab_ws/src/unitree_rl_mjlab/logs/rsl_rl/h1_2_velocity_a1_v2/2026-08-26_10-02-56_a1a_fullmirror_jacc1e-7_standing15_s42/model_10000.pt,td3,"['velocity', 'orientation', 'height']",8,42,0.1433795988559723,0.18440096080303192,0.24117045104503632,0.13786546885967255,0.19158942997455597,0.54,0.0001302083401242271,578.7322387695312,1.264074444770813,0.8983493447303772,52.79813766479492,57.920806884765625,50.44963836669922,85.53661346435547,63.377689361572266,22636.017578125,46519.18359375,17826.134765625,37225.4453125,0.2245873361825943,0.05247272178530693,0.02746177650988102,0.011276047676801682,0.5707565546035767,419.3158874511719,0.6499479413032532,0.7695731244753828,6061.478515625,11.124670625554375,0.42035871744155884,0.014249999076128006,0.5485714285714286,0.7,4,0.6,4,1200
/home/iams/ramlab_ws/src/unitree_rl_mjlab/logs/rsl_rl/h1_2_velocity_a1_v2/2026-08-26_10-02-56_a1a_fullmirror_jacc1e-7_standing15_s42/model_10000.pt,td3,"['velocity', 'orientation', 'height']",8,42,0.1329164057970047,0.16595163941383362,0.24372434616088867,0.1257261037826538,0.16905520856380463,0.54,3.9062499126885086e-05,592.772216796875,1.2365531921386719,0.8803442120552063,51.834468841552734,57.22362518310547,49.1877326965332,84.66851043701172,61.49882125854492,22265.138671875,47463.796875,17876.205078125,37686.4453125,0.22008605301380157,0.04937687888741493,0.02600446343421936,0.010257664136588573,0.5648490190505981,403.0426940917969,0.6581054925918579,0.7537993134853705,5921.39501953125,11.074616685914071,0.39894479513168335,0.007015578914433718,0.5543125225550343,0.7,4,0.6,5,1200
/home/iams/ramlab_ws/src/unitree_rl_mjlab/logs/rsl_rl/h1_2_velocity_a1_v2/2026-08-26_10-02-56_a1a_fullmirror_jacc1e-7_standing15_s42/model_10000.pt,td3,"['velocity', 'orientation', 'height']",8,42,0.1377088874578476,0.19040191173553467,0.25701749324798584,0.13176071643829346,0.19570203125476837,0.54,0.00023437499476131052,572.3915405273438,1.266965627670288,0.899209201335907,53.11808776855469,58.25909423828125,50.73936080932617,84.1161117553711,64.6501235961914,22747.763671875,45212.90625,18003.09765625,37120.22265625,0.22480230033397675,0.05454795062541962,0.027094192802906036,0.01125151664018631,0.5697765350341797,422.1602783203125,0.65213543176651,0.7839248187326706,6082.26708984375,11.294382827766832,0.425994336605072,0.014832902699708939,0.5442948263642806,0.7,4,0.6,6,1200
/home/iams/ramlab_ws/src/unitree_rl_mjlab/logs/rsl_rl/h1_2_velocity_a1_v2/2026-08-26_10-02-56_a1a_fullmirror_jacc1e-7_standing15_s42/model_10000.pt,td3,"['velocity', 'orientation', 'height']",8,42,0.1378422975540161,0.18320968747138977,0.2638466954231262,0.13139931857585907,0.1878478229045868,0.54,0.00019531250291038305,564.7009887695312,1.2626056671142578,0.8931406140327454,54.63032531738281,61.6640510559082,50.73863220214844,88.31732177734375,64.96721649169922,23111.693359375,46053.609375,20198.51953125,37871.59375,0.22328515350818634,0.05331924930214882,0.027472972869873047,0.010966443456709385,0.5704256296157837,421.6673583984375,0.6554492115974426,0.789514170549839,6064.9775390625,11.355836538144212,0.4191794693470001,0.01563986949622631,0.5293813544718249,0.7,4,0.6,7,1200
/home/iams/ramlab_ws/src/unitree_rl_mjlab/logs/rsl_rl/h1_2_velocity_a1_v2/2026-08-26_10-02-56_a1a_fullmirror_jacc1e-7_standing15_s42/model_10000.pt,td3,"['velocity', 'orientation', 'height']",8,42,0.07567911595106125,0.07257485389709473,0.09971664100885391,0.06692711263895035,0.0718064159154892,0.76,0.0,600.5,0.9437389373779297,0.8341206312179565,37.1739387512207,52.41169357299805,25.909029006958008,100.94507598876953,31.290199279785156,23423.642578125,65713.3984375,16162.94921875,33342.71875,0.20853015780448914,0.029100684449076653,0.011396914720535278,0.004863814450800419,0.313003808259964,226.87271118164062,0.9821810126304626,0.5607137747112204,4562.27978515625,11.275632878689693,0.2589731216430664,0.0008389981230720878,0.3932411674347158,0.4,8,0.6,0,1200
/home/iams/ramlab_ws/src/unitree_rl_mjlab/logs/rsl_rl/h1_2_velocity_a1_v2/2026-08-26_10-02-56_a1a_fullmirror_jacc1e-7_standing15_s42/model_10000.pt,td3,"['velocity', 'orientation', 'height']",8,42,0.07543378323316574,0.07343905419111252,0.09674590826034546,0.06663422286510468,0.07265134155750275,0.76,0.0,600.5,0.9410408735275269,0.8315815329551697,37.52950668334961,53.30266189575195,25.798097610473633,106.0616683959961,31.2231388092041,23232.310546875,64610.66796875,16562.87890625,33950.140625,0.20789538323879242,0.02967541292309761,0.011104154400527477,0.004882323555648327,0.3147222101688385,227.12632751464844,0.9791275858879089,0.5611038305442814,4541.052734375,11.218435469164925,0.259909451007843,0.0007621847908012569,0.3936442849820605,0.4,8,0.6,1,1200
/home/iams/ramlab_ws/src/unitree_rl_mjlab/logs/rsl_rl/h1_2_velocity_a1_v2/2026-08-26_10-02-56_a1a_fullmirror_jacc1e-7_standing15_s42/model_10000.pt,td3,"['velocity', 'orientation', 'height']",8,42,0.07615473121404648,0.07243923097848892,0.09474314749240875,0.0672462210059166,0.07159589976072311,0.76,0.0,600.5,0.941120982170105,0.8326107263565063,37.3260612487793,52.81324768066406,25.855052947998047,101.62418365478516,30.967531204223633,23374.54296875,64612.84765625,16185.337890625,32957.2109375,0.2081526815891266,0.02833622321486473,0.01133804116398096,0.004685580730438232,0.3140736222267151,227.7018280029297,0.9793879985809326,0.5627555681084397,4548.4189453125,11.241228804686687,0.25604063272476196,0.000800050504039973,0.39293937068303914,0.4,8,0.6,2,1200
/home/iams/ramlab_ws/src/unitree_rl_mjlab/logs/rsl_rl/h1_2_velocity_a1_v2/2026-08-26_10-02-56_a1a_fullmirror_jacc1e-7_standing15_s42/model_10000.pt,td3,"['velocity', 'orientation', 'height']",8,42,0.07782202959060669,0.07260014861822128,0.08947984129190445,0.06873297691345215,0.07187085598707199,0.76,0.0,600.5,0.9395189881324768,0.8323900699615479,35.71061325073242,49.83943557739258,25.293195724487305,90.30220031738281,31.391895294189453,23145.6328125,64216.40234375,14671.1376953125,32126.900390625,0.20809751749038696,0.02684563398361206,0.011741282418370247,0.004585857968777418,0.3127535283565521,225.0487823486328,0.9809374809265137,0.5607265782564834,4590.74609375,11.438203144206588,0.25522589683532715,0.0008245793869718909,0.39349301908543616,0.4,8,0.6,3,1200
/home/iams/ramlab_ws/src/unitree_rl_mjlab/logs/rsl_rl/h1_2_velocity_a1_v2/2026-08-26_10-02-56_a1a_fullmirror_jacc1e-7_standing15_s42/model_10000.pt,td3,"['velocity', 'orientation', 'height']",8,42,0.07541164010763168,0.07249259948730469,0.09223208576440811,0.06669816374778748,0.07163658738136292,0.76,0.0,600.5,0.9459517598152161,0.8358412981033325,36.685123443603516,51.30109786987305,25.93663787841797,100.10051727294922,30.810977935791016,23213.775390625,65453.85546875,15339.6494140625,32667.654296875,0.20896032452583313,0.030139397829771042,0.01149799581617117,0.004879109561443329,0.3150639235973358,228.89739990234375,0.9837499856948853,0.5640401086111579,4576.66748046875,11.277646496830705,0.26216602325439453,0.0008210183586925268,0.3930399181166837,0.4,8,0.6,4,1200
/home/iams/ramlab_ws/src/unitree_rl_mjlab/logs/rsl_rl/h1_2_velocity_a1_v2/2026-08-26_10-02-56_a1a_fullmirror_jacc1e-7_standing15_s42/model_10000.pt,td3,"['velocity', 'orientation', 'height']",8,42,0.07591841369867325,0.07274460047483444,0.08693627268075943,0.06702524423599243,0.07200876623392105,0.76,0.0,600.5,0.9412509799003601,0.8340305089950562,36.50460433959961,51.340232849121094,25.532176971435547,96.61881256103516,30.88385581970215,23325.70703125,64762.8984375,15392.5400390625,33633.22265625,0.20850762724876404,0.028688417747616768,0.011368244886398315,0.004593377932906151,0.31106868386268616,225.677734375,0.9813737273216248,0.5585814323813485,4568.18603515625,11.306848236016336,0.2596270740032196,0.0008115142118185759,0.3932915119702983,0.4,8,0.6,5,1200
/home/iams/ramlab_ws/src/unitree_rl_mjlab/logs/rsl_rl/h1_2_velocity_a1_v2/2026-08-26_10-02-56_a1a_fullmirror_jacc1e-7_standing15_s42/model_10000.pt,td3,"['velocity', 'orientation', 'height']",8,42,0.08039858192205429,0.07173315435647964,0.09924840927124023,0.07124046236276627,0.07082274556159973,0.76,0.0,600.5,0.9352061152458191,0.8258398771286011,37.2586669921875,52.624778747558594,25.869422912597656,104.3967056274414,31.63629150390625,23285.498046875,65013.30078125,16118.318359375,32793.7109375,0.20645996928215027,0.025229893624782562,0.011345521546900272,0.004494657274335623,0.32146042585372925,226.29153442382812,0.9818164110183716,0.5682218449108138,4552.96728515625,11.432576618293314,0.2538718283176422,0.0008414427866227925,0.3933418693982074,0.4,8,0.6,6,1200
/home/iams/ramlab_ws/src/unitree_rl_mjlab/logs/rsl_rl/h1_2_velocity_a1_v2/2026-08-26_10-02-56_a1a_fullmirror_jacc1e-7_standing15_s42/model_10000.pt,td3,"['velocity', 'orientation', 'height']",8,42,0.0781659260392189,0.07131054997444153,0.09028574079275131,0.06911954283714294,0.07044366747140884,0.76,0.0,600.5,0.9397516250610352,0.8308725953102112,36.76128005981445,51.49306106567383,25.912044525146484,94.6521987915039,31.183109283447266,23228.69140625,64780.34765625,15346.1416015625,33457.68359375,0.2077181488275528,0.026854021474719048,0.011465128511190414,0.00462533812969923,0.31859609484672546,228.26841735839844,0.9791861772537231,0.5687131337187892,4564.7646484375,11.372759573193742,0.25781694054603577,0.0008969895425252616,0.39369473279507883,0.4,8,0.6,7,1200
/home/iams/ramlab_ws/src/unitree_rl_mjlab/logs/rsl_rl/h1_2_velocity_a1_v2/2026-08-26_10-02-56_a1a_fullmirror_jacc1e-7_standing15_s42/model_10000.pt,td3,"['velocity', 'orientation', 'height']",8,42,0.07278791069984436,0.08099614083766937,0.10326504707336426,0.06442193686962128,0.07996153831481934,0.62,0.0,600.5,0.9407884478569031,0.8142054080963135,36.42844772338867,49.59737777709961,26.850791931152344,98.95712280273438,32.72719955444336,22982.345703125,66385.8046875,14961.4345703125,34162.48046875,0.20355135202407837,0.03218952193856239,0.012234789319336414,0.0048939017578959465,0.31675881147384644,234.29676818847656,0.9397005438804626,0.5535409894889803,4802.6591796875,11.346588044939557,0.2520017623901367,0.001280635711736977,0.44341801385681295,0.45,8,0.6,0,1200
/home/iams/ramlab_ws/src/unitree_rl_mjlab/logs/rsl_rl/h1_2_velocity_a1_v2/2026-08-26_10-02-56_a1a_fullmirror_jacc1e-7_standing15_s42/model_10000.pt,td3,"['velocity', 'orientation', 'height']",8,42,0.07488470524549484,0.07970363646745682,0.102641262114048,0.06624481081962585,0.07875633239746094,0.62,0.0,600.5,0.9294520020484924,0.8077146410942078,35.002708435058594,47.33253479003906,26.082122802734375,92.35826873779297,32.354888916015625,22586.75390625,65726.2421875,13763.5,32026.71875,0.20192866027355194,0.02849724516272545,0.012685807421803474,0.004604907240718603,0.31559455394744873,230.26487731933594,0.9421288967132568,0.5542483056660327,4830.7314453125,11.627585630805033,0.2480568140745163,0.0011563531588762999,0.44380236925744004,0.45,8,0.6,1,1200
/home/iams/ramlab_ws/src/unitree_rl_mjlab/logs/rsl_rl/h1_2_velocity_a1_v2/2026-08-26_10-02-56_a1a_fullmirror_jacc1e-7_standing15_s42/model_10000.pt,td3,"['velocity', 'orientation', 'height']",8,42,0.07403185963630676,0.0800626277923584,0.10616087913513184,0.06558515876531601,0.07895515859127045,0.62,0.0,600.5,0.9404069781303406,0.8140380382537842,35.976016998291016,48.847267150878906,26.666852951049805,91.93155670166016,33.21641540527344,22859.09765625,68047.9453125,14528.958984375,32751.365234375,0.20350950956344604,0.031392794102430344,0.012837434187531471,0.004697011783719063,0.32018929719924927,235.46388244628906,0.9407161474227905,0.5606374765660778,4837.796875,11.518750562862843,0.25124093890190125,0.001173748285509646,0.44284272740377684,0.45,8,0.6,2,1200
/home/iams/ramlab_ws/src/unitree_rl_mjlab/logs/rsl_rl/h1_2_velocity_a1_v2/2026-08-26_10-02-56_a1a_fullmirror_jacc1e-7_standing15_s42/model_10000.pt,td3,"['velocity', 'orientation', 'height']",8,42,0.07538554072380066,0.07997636497020721,0.09927713125944138,0.06677879393100739,0.07890715450048447,0.62,0.0,600.5,0.9365194439888,0.8122049570083618,34.908870697021484,46.85051727294922,26.30702018737793,88.36429595947266,32.41262435913086,22541.134765625,65668.125,13353.4931640625,30858.962890625,0.20305123925209045,0.028339477255940437,0.012609024532139301,0.004635941702872515,0.3202213943004608,233.95057678222656,0.9422721266746521,0.5596024577032972,4860.5908203125,11.62638292556511,0.248551145195961,0.0014239820884540677,0.4436101083032491,0.45,8,0.6,3,1200
/home/iams/ramlab_ws/src/unitree_rl_mjlab/logs/rsl_rl/h1_2_velocity_a1_v2/2026-08-26_10-02-56_a1a_fullmirror_jacc1e-7_standing15_s42/model_10000.pt,td3,"['velocity', 'orientation', 'height']",8,42,0.07458872348070145,0.08054590225219727,0.10030661523342133,0.06606431305408478,0.07959607243537903,0.62,0.0,600.5,0.9348370432853699,0.8120859265327454,34.88797378540039,47.08476257324219,26.070232391357422,90.82754516601562,32.38013458251953,22647.677734375,66572.5,13546.720703125,31310.80859375,0.20302148163318634,0.030148331075906754,0.012421409599483013,0.004573045298457146,0.3159937560558319,230.80653381347656,0.9409700632095337,0.5517306275986447,4812.6728515625,11.50443700684328,0.24917806684970856,0.0011643782490864396,0.4441873915558126,0.45,8,0.6,4,1200
/home/iams/ramlab_ws/src/unitree_rl_mjlab/logs/rsl_rl/h1_2_velocity_a1_v2/2026-08-26_10-02-56_a1a_fullmirror_jacc1e-7_standing15_s42/model_10000.pt,td3,"['velocity', 'orientation', 'height']",8,42,0.07236699759960175,0.07921963930130005,0.10453750193119049,0.06390852481126785,0.07817509025335312,0.62,0.0,600.5,0.9352840781211853,0.811112105846405,35.75084686279297,48.72209167480469,26.33892822265625,97.15323638916016,32.64807891845703,22769.439453125,65750.2890625,14526.34375,32524.908203125,0.20277802646160126,0.03080688789486885,0.012609056197106838,0.0045990366488695145,0.31763312220573425,233.08653259277344,0.9394987225532532,0.5552442933850236,4836.37890625,11.52092138953029,0.2519805431365967,0.0011007152497768402,0.4426512968299712,0.45,8,0.6,5,1200
/home/iams/ramlab_ws/src/unitree_rl_mjlab/logs/rsl_rl/h1_2_velocity_a1_v2/2026-08-26_10-02-56_a1a_fullmirror_jacc1e-7_standing15_s42/model_10000.pt,td3,"['velocity', 'orientation', 'height']",8,42,0.07381545752286911,0.08013354986906052,0.10225538909435272,0.06529771536588669,0.07918747514486313,0.62,0.0,600.5,0.9342761039733887,0.8113422989845276,35.84343338012695,49.0395622253418,26.24827766418457,97.98552703857422,32.5608024597168,22857.990234375,65822.8671875,14771.12890625,33956.8359375,0.2028355747461319,0.03080015815794468,0.013094897381961346,0.0047009969130158424,0.3159123659133911,233.04200744628906,0.9394987225532532,0.5580487596728442,4850.3330078125,11.61474028888397,0.24844957888126373,0.0010960606159642339,0.44335401933901,0.45,8,0.6,6,1200
/home/iams/ramlab_ws/src/unitree_rl_mjlab/logs/rsl_rl/h1_2_velocity_a1_v2/2026-08-26_10-02-56_a1a_fullmirror_jacc1e-7_standing15_s42/model_10000.pt,td3,"['velocity', 'orientation', 'height']",8,42,0.07406003028154373,0.08117161691188812,0.09651210904121399,0.06550098955631256,0.08015640079975128,0.62,0.0,600.5,0.9331464767456055,0.8080782294273376,35.611270904541016,48.267147064208984,26.457408905029297,94.3126449584961,33.146575927734375,22664.896484375,66036.71875,14139.259765625,32421.005859375,0.2020195573568344,0.029805989935994148,0.012380055151879787,0.004547995515167713,0.3178000748157501,232.1410675048828,0.9419596195220947,0.5561331373054155,4822.53857421875,11.553205234190942,0.24823112785816193,0.0010471275309100747,0.4439306358381503,0.45,8,0.6,7,1200
/home/iams/ramlab_ws/src/unitree_rl_mjlab/logs/rsl_rl/h1_2_velocity_a1_v2/2026-08-26_10-02-56_a1a_fullmirror_jacc1e-7_standing15_s42/model_10000.pt,td3,"['velocity', 'orientation', 'height']",8,42,0.07584145665168762,0.08517961204051971,0.10021299123764038,0.06786177307367325,0.08365494757890701,0.66,0.0,600.5,0.987132728099823,0.8291610479354858,35.81442642211914,45.836551666259766,28.868284225463867,87.84016418457031,35.79206848144531,22780.041015625,64698.58984375,13061.435546875,31853.970703125,0.20729026198387146,0.03364478424191475,0.01485113613307476,0.004929014015942812,0.34508371353149414,249.45806884765625,0.8999739289283752,0.5620513914032951,5085.716796875,11.458575615913663,0.244564950466156,0.002265624701976776,0.4863067911983536,0.5,8,0.6,0,1200
/home/iams/ramlab_ws/src/unitree_rl_mjlab/logs/rsl_rl/h1_2_velocity_a1_v2/2026-08-26_10-02-56_a1a_fullmirror_jacc1e-7_standing15_s42/model_10000.pt,td3,"['velocity', 'orientation', 'height']",8,42,0.07448380440473557,0.08594799786806107,0.10068123787641525,0.06633170694112778,0.0843934565782547,0.66,0.0,600.5,0.9756740927696228,0.8177751302719116,35.50069046020508,45.043739318847656,29.00594139099121,82.20054626464844,35.70197677612305,22335.560546875,66646.109375,12655.369140625,30360.34375,0.2044437825679779,0.030576661229133606,0.01467385794967413,0.004625969100743532,0.3459446430206299,245.2902069091797,0.9031575322151184,0.5593169146855247,5063.44189453125,11.545789320643575,0.23698247969150543,0.0020562349818646908,0.4849250197316496,0.5,8,0.6,1,1200
/home/iams/ramlab_ws/src/unitree_rl_mjlab/logs/rsl_rl/h1_2_velocity_a1_v2/2026-08-26_10-02-56_a1a_fullmirror_jacc1e-7_standing15_s42/model_10000.pt,td3,"['velocity', 'orientation', 'height']",8,42,0.07475698739290237,0.08474572747945786,0.10737930238246918,0.06664147973060608,0.08332160115242004,0.66,0.0,600.5,0.9770352244377136,0.8193385004997253,36.52616500854492,47.73588943481445,28.606491088867188,86.32077026367188,35.822235107421875,22808.876953125,62289.03515625,14192.654296875,33556.97265625,0.20483462512493134,0.03309040889143944,0.014097369275987148,0.004735526163130999,0.3435533344745636,245.69171142578125,0.9025065302848816,0.5556077896361225,5009.0908203125,11.327570357182205,0.24642151594161987,0.0020267993677407503,0.48523140104248935,0.5,8,0.6,2,1200
/home/iams/ramlab_ws/src/unitree_rl_mjlab/logs/rsl_rl/h1_2_velocity_a1_v2/2026-08-26_10-02-56_a1a_fullmirror_jacc1e-7_standing15_s42/model_10000.pt,td3,"['velocity', 'orientation', 'height']",8,42,0.07613757997751236,0.08389516174793243,0.10915693640708923,0.06807587295770645,0.08239249885082245,0.66,0.0,600.5,0.9804567098617554,0.8213625550270081,36.930633544921875,48.3679084777832,28.84552764892578,89.02236938476562,36.033451080322266,22981.546875,66013.609375,14658.408203125,35481.171875,0.20534063875675201,0.03253532946109772,0.014098847284913063,0.004737760405987501,0.3442382514476776,245.6864013671875,0.9052538871765137,0.5544911462548586,5000.796875,11.286329432622638,0.24598991870880127,0.0022150203585624695,0.4830188679245283,0.5,8,0.6,3,1200
/home/iams/ramlab_ws/src/unitree_rl_mjlab/logs/rsl_rl/h1_2_velocity_a1_v2/2026-08-26_10-02-56_a1a_fullmirror_jacc1e-7_standing15_s42/model_10000.pt,td3,"['velocity', 'orientation', 'height']",8,42,0.07563767582178116,0.08596769720315933,0.10440247505903244,0.06759949028491974,0.08448503166437149,0.66,0.0,600.5,0.9821481108665466,0.8242168426513672,35.58609390258789,45.43141555786133,28.78288459777832,82.74771118164062,35.3246955871582,22635.845703125,64526.0,12815.2255859375,30371.669921875,0.2060542106628418,0.03405437618494034,0.014648430980741978,0.004837058950215578,0.3444468080997467,248.53916931152344,0.9036523699760437,0.562122071609729,5036.39111328125,11.39082653645523,0.24672465026378632,0.0020658376161009073,0.4865378523915109,0.5,8,0.6,4,1200
/home/iams/ramlab_ws/src/unitree_rl_mjlab/logs/rsl_rl/h1_2_velocity_a1_v2/2026-08-26_10-02-56_a1a_fullmirror_jacc1e-7_standing15_s42/model_10000.pt,td3,"['velocity', 'orientation', 'height']",8,42,0.07675176858901978,0.08463647216558456,0.10526919364929199,0.06888972967863083,0.0829862579703331,0.66,0.0,600.5,0.9856085181236267,0.8257619738578796,36.521278381347656,47.051151275634766,29.180627822875977,84.76607513427734,35.70081329345703,22761.267578125,67430.5625,13685.232421875,32890.70703125,0.2064404934644699,0.03221064433455467,0.014338798820972443,0.005036244168877602,0.347617506980896,249.88026428222656,0.9043489694595337,0.5597542873877271,5069.28857421875,11.355661262569528,0.2461356371641159,0.0026101504918187857,0.48446617252799246,0.5,8,0.6,5,1200
/home/iams/ramlab_ws/src/unitree_rl_mjlab/logs/rsl_rl/h1_2_velocity_a1_v2/2026-08-26_10-02-56_a1a_fullmirror_jacc1e-7_standing15_s42/model_10000.pt,td3,"['velocity', 'orientation', 'height']",8,42,0.07597276568412781,0.08395665138959885,0.10417424887418747,0.06766977161169052,0.08247895538806915,0.68,0.0,600.5,0.9726165533065796,0.816986083984375,36.036922454833984,46.82304382324219,28.489147186279297,88.43047332763672,35.23055648803711,22631.970703125,65025.1796875,13682.716796875,32526.357421875,0.20424652099609375,0.02960105612874031,0.014359100721776485,0.004569296259433031,0.3453482985496521,245.32293701171875,0.9047656059265137,0.5600650772036322,5053.578125,11.537169347265763,0.23631009459495544,0.0022021178156137466,0.4860759493670886,0.5,8,0.6,6,1200
/home/iams/ramlab_ws/src/unitree_rl_mjlab/logs/rsl_rl/h1_2_velocity_a1_v2/2026-08-26_10-02-56_a1a_fullmirror_jacc1e-7_standing15_s42/model_10000.pt,td3,"['velocity', 'orientation', 'height']",8,42,0.07464910298585892,0.08543988317251205,0.10331902652978897,0.066754549741745,0.08390122652053833,0.66,0.0,600.5,0.9919557571411133,0.8311068415641785,36.92397689819336,47.8593635559082,29.255144119262695,89.4469223022461,36.04661560058594,22910.42578125,63351.69921875,14077.5615234375,33586.4453125,0.20777671039104462,0.033853188157081604,0.014523091726005077,0.004922057967633009,0.3480467200279236,251.3441925048828,0.90213543176651,0.5626707370416392,5055.9560546875,11.318496311666006,0.24586789309978485,0.00211620656773448,0.4787283777466106,0.5,8,0.6,7,1200
/home/iams/ramlab_ws/src/unitree_rl_mjlab/logs/rsl_rl/h1_2_velocity_a1_v2/2026-08-26_10-02-56_a1a_fullmirror_jacc1e-7_standing15_s42/model_10000.pt,td3,"['velocity', 'orientation', 'height']",8,42,0.08624447137117386,0.08855776488780975,0.1260387897491455,0.07922141253948212,0.08659986406564713,0.7000000000000001,0.0,600.5,1.0503977537155151,0.8414566516876221,38.775634765625,47.4434928894043,33.00422668457031,85.19092559814453,43.024532318115234,23454.001953125,61497.52734375,14037.142578125,34482.69921875,0.21036416292190552,0.030672825872898102,0.017143618315458298,0.005082416348159313,0.3970639407634735,271.6148681640625,0.8447916507720947,0.5852902629990909,5247.38818359375,11.30735311466702,0.24328261613845825,0.0034890836104750633,0.5200609446419502,0.55,8,0.6,0,1200
/home/iams/ramlab_ws/src/unitree_rl_mjlab/logs/rsl_rl/h1_2_velocity_a1_v2/2026-08-26_10-02-56_a1a_fullmirror_jacc1e-7_standing15_s42/model_10000.pt,td3,"['velocity', 'orientation', 'height']",8,42,0.08761579543352127,0.08763580024242401,0.13241170346736908,0.08116289228200912,0.08562711626291275,0.7000000000000001,0.0,600.5,1.0585532188415527,0.849102795124054,38.83475112915039,47.769100189208984,32.760223388671875,85.93962097167969,43.610198974609375,23770.873046875,63595.59375,14199.0478515625,36003.953125,0.2122756987810135,0.03506585210561752,0.017061643302440643,0.005574662704020739,0.3955053389072418,273.7963562011719,0.8434830904006958,0.577930342700916,5219.15625,11.016613356824612,0.25944626331329346,0.0029122380074113607,0.5119146808865189,0.55,8,0.6,1,1200
/home/iams/ramlab_ws/src/unitree_rl_mjlab/logs/rsl_rl/h1_2_velocity_a1_v2/2026-08-26_10-02-56_a1a_fullmirror_jacc1e-7_standing15_s42/model_10000.pt,td3,"['velocity', 'orientation', 'height']",8,42,0.08629567176103592,0.0876023918390274,0.12075787782669067,0.07952750474214554,0.08560582995414734,0.7000000000000001,0.0,600.5,1.0596460103988647,0.846411943435669,38.97627639770508,47.61611557006836,33.215206146240234,83.07198333740234,44.36399459838867,23854.771484375,63096.5703125,14084.365234375,34054.30078125,0.21160298585891724,0.03126677870750427,0.017250079661607742,0.0051396689377725124,0.4002472460269928,273.2637634277344,0.8444401025772095,0.5858481915986492,5236.4296875,11.226344830265774,0.2503127157688141,0.0032541381660848856,0.512,0.55,8,0.6,2,1200
/home/iams/ramlab_ws/src/unitree_rl_mjlab/logs/rsl_rl/h1_2_velocity_a1_v2/2026-08-26_10-02-56_a1a_fullmirror_jacc1e-7_standing15_s42/model_10000.pt,td3,"['velocity', 'orientation', 'height']",8,42,0.09167483448982239,0.08711086213588715,0.13179166615009308,0.08564185351133347,0.08516563475131989,0.7000000000000001,0.0,600.5,1.06551194190979,0.855835497379303,38.19416809082031,46.599609375,32.484107971191406,82.32830810546875,44.27957534790039,23972.109375,63256.6953125,13496.7890625,33963.84375,0.21395887434482574,0.03551173582673073,0.016423817723989487,0.0056873164139688015,0.39739730954170227,273.84735107421875,0.8434244990348816,0.5726526806631939,5176.345703125,10.82445587456765,0.26344266533851624,0.003413946134969592,0.5149178679182032,0.55,8,0.6,3,1200
/home/iams/ramlab_ws/src/unitree_rl_mjlab/logs/rsl_rl/h1_2_velocity_a1_v2/2026-08-26_10-02-56_a1a_fullmirror_jacc1e-7_standing15_s42/model_10000.pt,td3,"['velocity', 'orientation', 'height']",8,42,0.09065179526805878,0.0877547636628151,0.1328032910823822,0.0843610018491745,0.08576411008834839,0.7000000000000001,0.0,600.5,1.0580625534057617,0.8500922322273254,39.12644577026367,48.893768310546875,32.3032112121582,89.73876953125,43.956050872802734,24181.4375,63106.89453125,14895.72265625,36599.76953125,0.21252305805683136,0.03650718927383423,0.015685420483350754,0.005532504059374332,0.390848845243454,270.72967529296875,0.8498437404632568,0.5700629132660004,5123.63720703125,10.78860532844997,0.2662506699562073,0.003226382425054908,0.5127691537305958,0.55,8,0.6,4,1200
/home/iams/ramlab_ws/src/unitree_rl_mjlab/logs/rsl_rl/h1_2_velocity_a1_v2/2026-08-26_10-02-56_a1a_fullmirror_jacc1e-7_standing15_s42/model_10000.pt,td3,"['velocity', 'orientation', 'height']",8,42,0.08806350827217102,0.08890002965927124,0.12462104856967926,0.08147883415222168,0.08691928535699844,0.7000000000000001,0.0,600.5,1.057573914527893,0.8470087647438049,38.4205436706543,46.66869354248047,32.93260955810547,83.37535858154297,44.75823974609375,23804.65234375,63502.3515625,13579.7548828125,33824.98046875,0.21175219118595123,0.03121638298034668,0.01650625839829445,0.00531646516174078,0.39769354462623596,271.9287109375,0.8468685150146484,0.5790415907617634,5234.84326171875,11.147010491761886,0.25664880871772766,0.0035324760247021914,0.5143144148669011,0.55,8,0.6,5,1200
/home/iams/ramlab_ws/src/unitree_rl_mjlab/logs/rsl_rl/h1_2_velocity_a1_v2/2026-08-26_10-02-56_a1a_fullmirror_jacc1e-7_standing15_s42/model_10000.pt,td3,"['velocity', 'orientation', 'height']",8,42,0.08682284504175186,0.08885633200407028,0.12617777287960052,0.08018817752599716,0.08664952963590622,0.7000000000000001,0.0,600.5,1.054623007774353,0.8455276489257812,37.97792053222656,45.77494812011719,32.86753845214844,81.95709228515625,43.87253952026367,23494.029296875,63580.59375,13046.7939453125,33461.96875,0.2113819122314453,0.0331614650785923,0.016781805083155632,0.005285229068249464,0.3932657241821289,270.5426940917969,0.8470247387886047,0.5766974282713455,5213.416015625,11.113085393906303,0.2530893385410309,0.0032617775723338127,0.514745308310992,0.55,8,0.6,6,1200
/home/iams/ramlab_ws/src/unitree_rl_mjlab/logs/rsl_rl/h1_2_velocity_a1_v2/2026-08-26_10-02-56_a1a_fullmirror_jacc1e-7_standing15_s42/model_10000.pt,td3,"['velocity', 'orientation', 'height']",8,42,0.08993794769048691,0.08805062621831894,0.1330605000257492,0.08353040367364883,0.08594416826963425,0.7000000000000001,0.0,600.5,1.059662103652954,0.8503648042678833,38.33099365234375,46.47468185424805,32.894264221191406,82.49462890625,43.86636734008789,23740.287109375,62760.5078125,13499.6083984375,35261.48046875,0.21259120106697083,0.03465227410197258,0.016682729125022888,0.0056028529070317745,0.3952045440673828,273.53680419921875,0.8465364575386047,0.5761580796553784,5206.42578125,10.966437930372281,0.2632758319377899,0.003348671831190586,0.5139702191734984,0.55,8,0.6,7,1200
/home/iams/ramlab_ws/src/unitree_rl_mjlab/logs/rsl_rl/h1_2_velocity_a1_v2/2026-08-26_10-02-56_a1a_fullmirror_jacc1e-7_standing15_s42/model_10000.pt,td3,"['velocity', 'orientation', 'height']",8,42,0.11273743957281113,0.10177573561668396,0.1872880905866623,0.10813113301992416,0.10162726044654846,0.54,6.510417006211355e-05,589.2081298828125,1.1518802642822266,0.8730451464653015,44.68122863769531,52.43061828613281,39.75114440917969,83.99607849121094,53.32765197753906,24258.45703125,58007.6640625,16211.8662109375,35229.78125,0.21826128661632538,0.039447300136089325,0.021364770829677582,0.0072615863755345345,0.4667086899280548,322.04669189453125,0.7769205570220947,0.6415910981513248,5595.02880859375,11.146584091189066,0.3029226064682007,0.006699086632579565,0.5236066132606102,0.6,8,0.6,0,1200
/home/iams/ramlab_ws/src/unitree_rl_mjlab/logs/rsl_rl/h1_2_velocity_a1_v2/2026-08-26_10-02-56_a1a_fullmirror_jacc1e-7_standing15_s42/model_10000.pt,td3,"['velocity', 'orientation', 'height']",8,42,0.11435742676258087,0.10039689391851425,0.18390583992004395,0.11011824011802673,0.10035430639982224,0.54,3.9062499126885086e-05,593.2088623046875,1.1352870464324951,0.8656690120697021,43.5781135559082,51.16267395019531,38.74839782714844,81.6366958618164,51.58897399902344,23738.728515625,57707.12890625,15505.5498046875,35411.484375,0.21641725301742554,0.03997226059436798,0.020466117188334465,0.0071289730258286,0.4568449854850769,315.3626708984375,0.7811588644981384,0.62961960160372,5540.80712890625,11.062187715434746,0.29660558700561523,0.008013810031116009,0.5276537272414977,0.6,8,0.6,1,1200
/home/iams/ramlab_ws/src/unitree_rl_mjlab/logs/rsl_rl/h1_2_velocity_a1_v2/2026-08-26_10-02-56_a1a_fullmirror_jacc1e-7_standing15_s42/model_10000.pt,td3,"['velocity', 'orientation', 'height']",8,42,0.10680682212114334,0.0989997535943985,0.1862674504518509,0.10160785913467407,0.09845124930143356,0.72,2.604166729724966e-05,594.5545043945312,1.131366491317749,0.8615150451660156,42.87043762207031,49.55400466918945,38.7984504699707,77.46630859375,51.708465576171875,23720.783203125,56920.62890625,14812.1416015625,32224.474609375,0.2153787612915039,0.03646177798509598,0.02112683653831482,0.006611118093132973,0.45720788836479187,311.4781799316406,0.7804166674613953,0.6322885330018365,5542.6142578125,11.25129120996199,0.29016172885894775,0.006827011238783598,0.5314878892733564,0.6,8,0.6,2,1200
/home/iams/ramlab_ws/src/unitree_rl_mjlab/logs/rsl_rl/h1_2_velocity_a1_v2/2026-08-26_10-02-56_a1a_fullmirror_jacc1e-7_standing15_s42/model_10000.pt,td3,"['velocity', 'orientation', 'height']",8,42,0.11171680688858032,0.10055682808160782,0.1895039677619934,0.106358602643013,0.09897167235612869,0.54,5.208333459449932e-05,589.6329956054688,1.138314962387085,0.8667657971382141,43.66500473022461,51.16324234008789,38.9038200378418,79.9438705444336,50.543861389160156,23711.759765625,56634.58203125,15658.58203125,35474.9921875,0.21669144928455353,0.03953101113438606,0.02112438529729843,0.007165670394897461,0.4595378637313843,317.7516784667969,0.7753515839576721,0.6356773576372143,5571.12548828125,11.145303352281369,0.2988418638706207,0.007179909851402044,0.5332407568130533,0.6,8,0.6,3,1200
/home/iams/ramlab_ws/src/unitree_rl_mjlab/logs/rsl_rl/h1_2_velocity_a1_v2/2026-08-26_10-02-56_a1a_fullmirror_jacc1e-7_standing15_s42/model_10000.pt,td3,"['velocity', 'orientation', 'height']",8,42,0.1033618301153183,0.0965033546090126,0.16746820509433746,0.09787536412477493,0.09540996700525284,0.72,0.0,600.5,1.1155946254730225,0.855215847492218,41.776432037353516,48.403438568115234,37.71847915649414,77.33317565917969,50.34222412109375,23302.439453125,57017.40234375,14319.9580078125,32267.05859375,0.2138039618730545,0.03445212543010712,0.02019021101295948,0.006333068013191223,0.446560263633728,302.92559814453125,0.7864843606948853,0.6202326179132057,5510.0361328125,11.281661518455975,0.2735835909843445,0.006365281995385885,0.5327783558792925,0.6,8,0.6,4,1200
/home/iams/ramlab_ws/src/unitree_rl_mjlab/logs/rsl_rl/h1_2_velocity_a1_v2/2026-08-26_10-02-56_a1a_fullmirror_jacc1e-7_standing15_s42/model_10000.pt,td3,"['velocity', 'orientation', 'height']",8,42,0.10890980064868927,0.10134770721197128,0.18488657474517822,0.104347363114357,0.10227598994970322,0.54,3.9062499126885086e-05,594.79345703125,1.135265827178955,0.8643772602081299,43.336727142333984,50.39973068237305,38.94195556640625,79.45569610595703,52.297813415527344,23750.109375,57270.99609375,15147.552734375,34376.4921875,0.21609431505203247,0.03811727464199066,0.02096513845026493,0.007045719772577286,0.45944854617118835,314.89373779296875,0.7808659076690674,0.6330052852850718,5550.353515625,11.1574256740571,0.29484984278678894,0.00731540285050869,0.5255774165953807,0.6,8,0.6,5,1200
/home/iams/ramlab_ws/src/unitree_rl_mjlab/logs/rsl_rl/h1_2_velocity_a1_v2/2026-08-26_10-02-56_a1a_fullmirror_jacc1e-7_standing15_s42/model_10000.pt,td3,"['velocity', 'orientation', 'height']",8,42,0.11664345115423203,0.1038469597697258,0.19801807403564453,0.11293628811836243,0.10376296937465668,0.54,0.00011718749738065526,580.6013793945312,1.1605058908462524,0.8786889910697937,45.5194091796875,53.9090576171875,40.08219528198242,81.873779296875,52.580806732177734,24422.91015625,56479.45703125,16713.4375,34197.328125,0.21967224776744843,0.04113199561834335,0.021844089031219482,0.007524715270847082,0.47277528047561646,335.4244689941406,0.7694726586341858,0.6646020732491056,5677.54736328125,11.249356190000244,0.31308144330978394,0.01094740629196167,0.5157824042981867,0.6,8,0.6,6,1200
/home/iams/ramlab_ws/src/unitree_rl_mjlab/logs/rsl_rl/h1_2_velocity_a1_v2/2026-08-26_10-02-56_a1a_fullmirror_jacc1e-7_standing15_s42/model_10000.pt,td3,"['velocity', 'orientation', 'height']",8,42,0.10605651885271072,0.09714638441801071,0.17169278860092163,0.10058573633432388,0.09618982672691345,0.54,1.302083364862483e-05,597.1927490234375,1.1152430772781372,0.852308988571167,42.618873596191406,50.0644645690918,37.894901275634766,82.84119415283203,52.14531707763672,23399.947265625,57106.6875,15453.3740234375,35228.2109375,0.21307724714279175,0.0363900400698185,0.020070528611540794,0.006529050879180431,0.4479142129421234,302.29949951171875,0.786048173904419,0.6122357163716268,5440.39111328125,11.018217331678121,0.2787993252277374,0.005515448283404112,0.542756183745583,0.6,8,0.6,7,1200
/home/iams/ramlab_ws/src/unitree_rl_mjlab/logs/rsl_rl/h1_2_velocity_a1_v2/2026-08-26_10-02-56_a1a_fullmirror_jacc1e-7_standing15_s42/model_10000.pt,td3,"['velocity', 'orientation', 'height']",8,42,0.1314355432987213,0.12467848509550095,0.2664695978164673,0.12872347235679626,0.1282510608434677,0.54,0.0002734375011641532,563.955078125,1.217961311340332,0.8775120377540588,51.02434539794922,59.363399505615234,45.872833251953125,87.05059051513672,57.82793426513672,23874.044921875,50600.3671875,19671.8359375,38142.625,0.2193780094385147,0.04766014963388443,0.027342118322849274,0.0097851837053895,0.5342762470245361,389.10369873046875,0.7202799320220947,0.7486937724931778,6091.1123046875,11.720211343844367,0.37570270895957947,0.015786707401275635,0.5239638410370118,0.65,8,0.6,0,1200
/home/iams/ramlab_ws/src/unitree_rl_mjlab/logs/rsl_rl/h1_2_velocity_a1_v2/2026-08-26_10-02-56_a1a_fullmirror_jacc1e-7_standing15_s42/model_10000.pt,td3,"['velocity', 'orientation', 'height']",8,42,0.1405942738056183,0.12772159278392792,0.25746971368789673,0.14045089483261108,0.13335275650024414,0.54,0.0002213541738456115,568.26953125,1.2315328121185303,0.8883357048034668,50.91486740112305,58.3829231262207,46.49476623535156,85.98442840576172,58.95917892456055,24040.173828125,51146.32421875,18916.326171875,38165.25,0.2220839262008667,0.04910093918442726,0.027384979650378227,0.010397406294941902,0.5429074168205261,391.3314208984375,0.7183789014816284,0.7447244671463521,6150.50537109375,11.7047381636143,0.3884587287902832,0.018417105078697205,0.5205015249068112,0.65,8,0.6,1,1200
/home/iams/ramlab_ws/src/unitree_rl_mjlab/logs/rsl_rl/h1_2_velocity_a1_v2/2026-08-26_10-02-56_a1a_fullmirror_jacc1e-7_standing15_s42/model_10000.pt,td3,"['velocity', 'orientation', 'height']",8,42,0.13274089992046356,0.12449531257152557,0.25738075375556946,0.1320144236087799,0.12979206442832947,0.56,0.00020833333837799728,564.2352905273438,1.222822666168213,0.8836475610733032,50.39882278442383,57.60726547241211,46.158390045166016,85.46476745605469,59.375389099121094,24043.52734375,50273.1171875,18428.427734375,36275.7109375,0.2209118902683258,0.04622442647814751,0.027690766379237175,0.009533654898405075,0.5411630272865295,389.54327392578125,0.7191926836967468,0.7519202229505277,6184.646484375,11.937980402586192,0.37668493390083313,0.017575645819306374,0.5226267437904049,0.65,8,0.6,2,1200
/home/iams/ramlab_ws/src/unitree_rl_mjlab/logs/rsl_rl/h1_2_velocity_a1_v2/2026-08-26_10-02-56_a1a_fullmirror_jacc1e-7_standing15_s42/model_10000.pt,td3,"['velocity', 'orientation', 'height']",8,42,0.13504986464977264,0.1238275021314621,0.26467859745025635,0.13501137495040894,0.1278967708349228,0.56,0.00024739583022892475,549.1448364257812,1.2273699045181274,0.8835614323616028,52.1246337890625,61.039608001708984,46.53511047363281,88.51763153076172,58.57559585571289,24386.01953125,50734.09765625,20432.765625,38926.08203125,0.2208903580904007,0.046132929623126984,0.028272634372115135,0.009510152973234653,0.543226957321167,395.9173889160156,0.7165234088897705,0.7650976652792928,6208.81884765625,11.998343252830509,0.38388127088546753,0.019830364733934402,0.5116588940706196,0.65,8,0.6,3,1200
/home/iams/ramlab_ws/src/unitree_rl_mjlab/logs/rsl_rl/h1_2_velocity_a1_v2/2026-08-26_10-02-56_a1a_fullmirror_jacc1e-7_standing15_s42/model_10000.pt,td3,"['velocity', 'orientation', 'height']",8,42,0.13041862845420837,0.12447512149810791,0.22238144278526306,0.12686391174793243,0.1282425820827484,0.54,0.00016927083197515458,579.7070922851562,1.1986899375915527,0.8702980875968933,47.323909759521484,52.45121383666992,44.738914489746094,81.46321868896484,58.430992126464844,22968.16796875,50565.953125,15808.203125,36986.90234375,0.21757452189922333,0.043856263160705566,0.026272956281900406,0.009177878499031067,0.5246012210845947,369.46881103515625,0.731640636920929,0.7072844138154106,6005.68212890625,11.49684363755092,0.35676902532577515,0.011343559250235558,0.5443912812333865,0.65,8,0.6,4,1200
/home/iams/ramlab_ws/src/unitree_rl_mjlab/logs/rsl_rl/h1_2_velocity_a1_v2/2026-08-26_10-02-56_a1a_fullmirror_jacc1e-7_standing15_s42/model_10000.pt,td3,"['velocity', 'orientation', 'height']",8,42,0.14373566210269928,0.12390370666980743,0.21765446662902832,0.1424911469221115,0.12754656374454498,0.54,0.00015624999650754035,579.8956298828125,1.2180765867233276,0.8829582929611206,47.69791030883789,52.05193328857422,45.750099182128906,78.78573608398438,58.06232452392578,23368.853515625,51583.7265625,15072.7890625,34384.6640625,0.22073957324028015,0.04662700369954109,0.026705611497163773,0.00993823166936636,0.5392106771469116,384.9303283691406,0.722154974937439,0.7232398654549127,6108.9912109375,11.4780929366483,0.38089191913604736,0.014504367485642433,0.5442948263642806,0.65,8,0.6,5,1200
/home/iams/ramlab_ws/src/unitree_rl_mjlab/logs/rsl_rl/h1_2_velocity_a1_v2/2026-08-26_10-02-56_a1a_fullmirror_jacc1e-7_standing15_s42/model_10000.pt,td3,"['velocity', 'orientation', 'height']",8,42,0.12300073355436325,0.12186037749052048,0.23173893988132477,0.1190606951713562,0.12353778630495071,0.56,0.00020833333837799728,573.9025268554688,1.1923027038574219,0.8660385608673096,47.802345275878906,53.74144744873047,44.58098220825195,83.19696807861328,56.77571487426758,23070.35546875,50020.21484375,16661.595703125,36809.875,0.2165096402168274,0.04339441657066345,0.025720376521348953,0.008762175217270851,0.5173223614692688,368.45062255859375,0.7412434816360474,0.7216346684730582,5971.26904296875,11.695122324168304,0.34697091579437256,0.013512611389160156,0.5442948263642806,0.65,8,0.6,6,1200
/home/iams/ramlab_ws/src/unitree_rl_mjlab/logs/rsl_rl/h1_2_velocity_a1_v2/2026-08-26_10-02-56_a1a_fullmirror_jacc1e-7_standing15_s42/model_10000.pt,td3,"['velocity', 'orientation', 'height']",8,42,0.13073787093162537,0.12348935753107071,0.22422204911708832,0.1281578093767166,0.1277429312467575,0.54,5.208333459449932e-05,589.412841796875,1.1829050779342651,0.8625578880310059,46.81279373168945,52.080196380615234,44.06309509277344,80.14753723144531,56.661827087402344,22595.015625,49881.0234375,15735.015625,36207.42578125,0.21563947200775146,0.04447348788380623,0.025130463764071465,0.009197740815579891,0.5205177664756775,361.0934753417969,0.7315364480018616,0.68891430361878,5882.41357421875,11.22279824328597,0.3504706621170044,0.009622127749025822,0.5495527728085867,0.65,8,0.6,7,1200
/home/iams/ramlab_ws/src/unitree_rl_mjlab/logs/rsl_rl/h1_2_velocity_a1_v2/2026-08-26_10-02-56_a1a_fullmirror_jacc1e-7_standing15_s42/model_10000.pt,td3,"['velocity', 'orientation', 'height']",8,42,0.14587703347206116,0.17310982942581177,0.24760037660598755,0.13873255252838135,0.1770588755607605,0.56,0.00015624999650754035,583.2794799804688,1.2335705757141113,0.8650967478752136,51.69913101196289,55.995643615722656,49.953216552734375,83.9689712524414,62.67283630371094,21942.791015625,46375.73828125,17306.2109375,37194.8984375,0.2162741869688034,0.05187241733074188,0.03113718330860138,0.01168758887797594,0.5782026052474976,421.95623779296875,0.6558789014816284,0.7783389301581306,6413.8564453125,11.830977028161039,0.42367714643478394,0.011729534715414047,0.5630498533724341,0.7,8,0.6,0,1200
/home/iams/ramlab_ws/src/unitree_rl_mjlab/logs/rsl_rl/h1_2_velocity_a1_v2/2026-08-26_10-02-56_a1a_fullmirror_jacc1e-7_standing15_s42/model_10000.pt,td3,"['velocity', 'orientation', 'height']",8,42,0.14899638295173645,0.17916296422481537,0.23859789967536926,0.1421758532524109,0.18680059909820557,0.56,6.510417006211355e-05,593.0035400390625,1.2306824922561646,0.8690898418426514,51.131465911865234,54.8651237487793,49.827415466308594,82.76118469238281,62.11177062988281,21545.83203125,45879.83203125,16402.205078125,38387.70703125,0.21727246046066284,0.05351666733622551,0.02900649420917034,0.011631468310952187,0.5739124417304993,417.57696533203125,0.6561002731323242,0.7615053634084553,6362.30029296875,11.60247374160369,0.4287646412849426,0.010319756343960762,0.5676274944567627,0.7,8,0.6,1,1200
/home/iams/ramlab_ws/src/unitree_rl_mjlab/logs/rsl_rl/h1_2_velocity_a1_v2/2026-08-26_10-02-56_a1a_fullmirror_jacc1e-7_standing15_s42/model_10000.pt,td3,"['velocity', 'orientation', 'height']",8,42,0.14515374600887299,0.17606042325496674,0.28053608536720276,0.13986708223819733,0.18182814121246338,0.56,0.00023437499476131052,568.3193969726562,1.2412362098693848,0.8665738701820374,53.87696838378906,60.08714294433594,50.630558013916016,89.14643859863281,62.82925796508789,22452.716796875,46359.30859375,19722.0546875,39037.46875,0.21664346754550934,0.053961850702762604,0.031192149966955185,0.011802581138908863,0.5778905153274536,425.44610595703125,0.6562955975532532,0.7963712604781367,6429.98779296875,12.035973894914237,0.43082183599472046,0.019707821309566498,0.5418945140236373,0.7,8,0.6,2,1200
/home/iams/ramlab_ws/src/unitree_rl_mjlab/logs/rsl_rl/h1_2_velocity_a1_v2/2026-08-26_10-02-56_a1a_fullmirror_jacc1e-7_standing15_s42/model_10000.pt,td3,"['velocity', 'orientation', 'height']",8,42,0.1325155347585678,0.1664290428161621,0.2252863496541977,0.12570060789585114,0.17043255269527435,0.56,5.208333459449932e-05,593.3125,1.2066996097564697,0.8521614670753479,49.12718200683594,51.602447509765625,48.84891891479492,78.412841796875,60.577964782714844,21025.03125,45208.14453125,15121.4892578125,34882.91015625,0.21304036676883698,0.04732460901141167,0.028919430449604988,0.010373799130320549,0.559714674949646,397.3811340332031,0.6732877492904663,0.7489983270474877,6241.45849609375,11.76412641161686,0.3954428434371948,0.008370993658900261,0.5804988662131519,0.7,8,0.6,3,1200
/home/iams/ramlab_ws/src/unitree_rl_mjlab/logs/rsl_rl/h1_2_velocity_a1_v2/2026-08-26_10-02-56_a1a_fullmirror_jacc1e-7_standing15_s42/model_10000.pt,td3,"['velocity', 'orientation', 'height']",8,42,0.13804908096790314,0.17067119479179382,0.27958035469055176,0.13184040784835815,0.17480535805225372,0.56,0.0002734375011641532,566.0371704101562,1.2500184774398804,0.8737816214561462,54.68780517578125,61.55717468261719,50.91079330444336,89.88339233398438,62.9482307434082,23013.08203125,47574.7734375,20682.583984375,39502.0859375,0.21844540536403656,0.05116979032754898,0.03198612108826637,0.011453712359070778,0.5812472105026245,435.751220703125,0.659264326095581,0.8275596485268414,6528.43310546875,12.398514878610639,0.42240166664123535,0.019029950723052025,0.5305699481865285,0.7,8,0.6,4,1200
/home/iams/ramlab_ws/src/unitree_rl_mjlab/logs/rsl_rl/h1_2_velocity_a1_v2/2026-08-26_10-02-56_a1a_fullmirror_jacc1e-7_standing15_s42/model_10000.pt,td3,"['velocity', 'orientation', 'height']",8,42,0.1502983272075653,0.17854048311710358,0.2605333626270294,0.1448669135570526,0.18374621868133545,0.54,0.00023437499476131052,567.0155639648438,1.2530312538146973,0.8773893713951111,53.493492126464844,58.7244873046875,51.032962799072266,87.70781707763672,63.44316864013672,22524.13671875,46159.99609375,18603.38671875,38547.3203125,0.21934734284877777,0.05547456070780754,0.030624307692050934,0.01216900534927845,0.583641767501831,435.7678527832031,0.6548241972923279,0.7986968491022742,6460.650390625,11.841398758738404,0.4407000243663788,0.015681453049182892,0.5515260323159784,0.7,8,0.6,5,1200
/home/iams/ramlab_ws/src/unitree_rl_mjlab/logs/rsl_rl/h1_2_velocity_a1_v2/2026-08-26_10-02-56_a1a_fullmirror_jacc1e-7_standing15_s42/model_10000.pt,td3,"['velocity', 'orientation', 'height']",8,42,0.14426535367965698,0.18090103566646576,0.2750382125377655,0.1381726861000061,0.1866064816713333,0.56,0.00023437499476131052,572.4891967773438,1.2586798667907715,0.8834038376808167,54.58587646484375,60.952728271484375,51.252708435058594,87.76710510253906,63.766448974609375,22733.708984375,45052.296875,19862.009765625,39144.75,0.22085095942020416,0.05464743450284004,0.030910464003682137,0.01182337012141943,0.5774279832839966,437.3378601074219,0.6502408981323242,0.8121984894319535,6510.16259765625,12.090295373479664,0.4383299648761749,0.016414739191532135,0.5371568456023781,0.7,8,0.6,6,1200
/home/iams/ramlab_ws/src/unitree_rl_mjlab/logs/rsl_rl/h1_2_velocity_a1_v2/2026-08-26_10-02-56_a1a_fullmirror_jacc1e-7_standing15_s42/model_10000.pt,td3,"['velocity', 'orientation', 'height']",8,42,0.14406336843967438,0.1806623488664627,0.2750319838523865,0.13668890297412872,0.18537583947181702,0.54,0.00016927083197515458,578.1408081054688,1.2553118467330933,0.8806721568107605,54.58499526977539,60.924049377441406,51.286407470703125,88.96360778808594,64.6806640625,22573.45703125,45032.78515625,19936.5078125,40606.1953125,0.22016803920269012,0.053712572902441025,0.03050021454691887,0.011780147440731525,0.5774261951446533,436.70037841796875,0.6542578339576721,0.8061055870157473,6460.97216796875,11.926314045479753,0.43523970246315,0.0137273408472538,0.5328707718993929,0.7,8,0.6,7,1200
/home/iams/ramlab_ws/src/unitree_rl_mjlab/logs/rsl_rl/h1_2_velocity_a1_v2/2026-08-26_10-02-56_a1a_fullmirror_jacc1e-7_standing15_s42/model_10000.pt,td3,"['velocity', 'orientation', 'height']",8,42,0.08182021975517273,0.06978897750377655,0.09823142737150192,0.0725623369216919,0.06892596930265427,0.76,0.0,600.5,0.943484902381897,0.8366607427597046,35.24949645996094,49.147743225097656,25.03382110595703,88.19866180419922,29.30470848083496,23393.17578125,62594.703125,14798.298828125,31832.681640625,0.20916518568992615,0.030567511916160583,0.014440582133829594,0.0050478531047701836,0.31723296642303467,232.15182495117188,0.9843814969062805,0.5833648715911598,4990.77099609375,12.5411038634703,0.2672092318534851,0.001069850753992796,0.39203675344563554,0.4,12,0.6,0,1200
/home/iams/ramlab_ws/src/unitree_rl_mjlab/logs/rsl_rl/h1_2_velocity_a1_v2/2026-08-26_10-02-56_a1a_fullmirror_jacc1e-7_standing15_s42/model_10000.pt,td3,"['velocity', 'orientation', 'height']",8,42,0.07619703561067581,0.07239976525306702,0.0959894061088562,0.06733456254005432,0.07174188643693924,0.76,0.0,600.5,0.9514948129653931,0.8442213535308838,34.957820892333984,48.278011322021484,25.17953109741211,88.74386596679688,29.5900936126709,23295.146484375,61873.98828125,14294.2373046875,31441.41796875,0.21105533838272095,0.03502354770898819,0.014551621861755848,0.005447484087198973,0.31115779280662537,233.3231201171875,0.9866471290588379,0.5739108377128903,4979.64697265625,12.248564425190995,0.2751065492630005,0.0011343791848048568,0.39203675344563554,0.4,12,0.6,1,1200
/home/iams/ramlab_ws/src/unitree_rl_mjlab/logs/rsl_rl/h1_2_velocity_a1_v2/2026-08-26_10-02-56_a1a_fullmirror_jacc1e-7_standing15_s42/model_10000.pt,td3,"['velocity', 'orientation', 'height']",8,42,0.07868950814008713,0.07087603211402893,0.08959785103797913,0.06971660256385803,0.07004231214523315,0.76,0.0,600.5,0.9573623538017273,0.8468219041824341,35.208656311035156,48.304073333740234,25.673967361450195,84.43167877197266,29.653635025024414,23375.818359375,59649.08203125,14175.2275390625,32238.51953125,0.21170547604560852,0.032711662352085114,0.014370308257639408,0.0053678895346820354,0.3155779242515564,236.18179321289062,0.9851367473602295,0.5825956459688545,5012.89990234375,12.365448248455424,0.2713143229484558,0.0015039392746984959,0.39293937068303914,0.4,12,0.6,2,1200
/home/iams/ramlab_ws/src/unitree_rl_mjlab/logs/rsl_rl/h1_2_velocity_a1_v2/2026-08-26_10-02-56_a1a_fullmirror_jacc1e-7_standing15_s42/model_10000.pt,td3,"['velocity', 'orientation', 'height']",8,42,0.07721530646085739,0.07056666165590286,0.09543631970882416,0.0681808590888977,0.06974237412214279,0.76,0.0,600.5,0.9553820490837097,0.8454130291938782,35.876834869384766,50.09491729736328,25.43454360961914,96.51028442382812,29.996427536010742,23527.78515625,62257.45703125,15290.310546875,31819.267578125,0.21135325729846954,0.034291937947273254,0.014408493414521217,0.005356716923415661,0.31439459323883057,235.39093017578125,0.9838802218437195,0.5797430535642422,5001.0458984375,12.317048984250455,0.27675509452819824,0.0013597449287772179,0.39268822702288125,0.4,12,0.6,3,1200
/home/iams/ramlab_ws/src/unitree_rl_mjlab/logs/rsl_rl/h1_2_velocity_a1_v2/2026-08-26_10-02-56_a1a_fullmirror_jacc1e-7_standing15_s42/model_10000.pt,td3,"['velocity', 'orientation', 'height']",8,42,0.07997748255729675,0.06978869438171387,0.08575877547264099,0.07074020057916641,0.06900128722190857,0.76,0.0,600.5,0.945685625076294,0.8400115370750427,34.55646514892578,47.705810546875,24.908172607421875,86.89512634277344,29.801748275756836,23163.208984375,63946.703125,14064.2568359375,32247.521484375,0.21000288426876068,0.03050597570836544,0.014512087218463421,0.005211217328906059,0.3139495253562927,230.22409057617188,0.9832422137260437,0.574744628782511,5005.630859375,12.496345385178095,0.26532217860221863,0.0012321837712079287,0.3933418693982074,0.4,12,0.6,4,1200
/home/iams/ramlab_ws/src/unitree_rl_mjlab/logs/rsl_rl/h1_2_velocity_a1_v2/2026-08-26_10-02-56_a1a_fullmirror_jacc1e-7_standing15_s42/model_10000.pt,td3,"['velocity', 'orientation', 'height']",8,42,0.08217774331569672,0.06941245496273041,0.09495881199836731,0.07283752411603928,0.0685393363237381,0.76,0.0,600.5,0.9430888891220093,0.8360063433647156,34.92348861694336,48.09404373168945,25.309812545776367,85.24175262451172,30.188352584838867,23198.265625,62777.671875,14155.8232421875,32050.357421875,0.2090015858411789,0.028146931901574135,0.014280800707638264,0.004937401041388512,0.31868618726730347,231.5063018798828,0.9840624928474426,0.5835575251091503,5006.8642578125,12.620792411889878,0.26087725162506104,0.0009984328644350171,0.3925376948632763,0.4,12,0.6,5,1200
/home/iams/ramlab_ws/src/unitree_rl_mjlab/logs/rsl_rl/h1_2_velocity_a1_v2/2026-08-26_10-02-56_a1a_fullmirror_jacc1e-7_standing15_s42/model_10000.pt,td3,"['velocity', 'orientation', 'height']",8,42,0.08473365008831024,0.0698825791478157,0.09157557040452957,0.07532332092523575,0.06896019726991653,0.76,0.0,600.5,0.9419634342193604,0.8349196314811707,35.07243347167969,48.54780960083008,25.214614868164062,88.66621398925781,29.981237411499023,23201.267578125,61305.11328125,14443.28125,31176.859375,0.20872990787029266,0.027548663318157196,0.014338922686874866,0.004927265457808971,0.3223608434200287,232.40672302246094,0.9816861748695374,0.5895679055136034,5026.841796875,12.752060437627874,0.2621380388736725,0.0010391382966190577,0.3933922397233961,0.4,12,0.6,6,1200
/home/iams/ramlab_ws/src/unitree_rl_mjlab/logs/rsl_rl/h1_2_velocity_a1_v2/2026-08-26_10-02-56_a1a_fullmirror_jacc1e-7_standing15_s42/model_10000.pt,td3,"['velocity', 'orientation', 'height']",8,42,0.0793088898062706,0.06940183788537979,0.09713896363973618,0.06997235864400864,0.068499356508255,0.76,0.0,600.5,0.9456281065940857,0.837680459022522,34.89448928833008,48.306400299072266,25.074308395385742,83.25147247314453,28.8994197845459,23307.16015625,62351.71484375,14168.7705078125,30259.6171875,0.2094201147556305,0.03111845627427101,0.014465046115219593,0.005163717083632946,0.318001389503479,231.57403564453125,0.9830012917518616,0.5797959117142074,5007.998046875,12.538610091783957,0.26438379287719727,0.0009874508250504732,0.39293937068303914,0.4,12,0.6,7,1200
/home/iams/ramlab_ws/src/unitree_rl_mjlab/logs/rsl_rl/h1_2_velocity_a1_v2/2026-08-26_10-02-56_a1a_fullmirror_jacc1e-7_standing15_s42/model_10000.pt,td3,"['velocity', 'orientation', 'height']",8,42,0.07792064547538757,0.076677605509758,0.09975677728652954,0.06898944079875946,0.07569935917854309,0.64,0.0,600.5,0.9355416893959045,0.8146788477897644,34.08041000366211,45.673919677734375,25.76190757751465,85.15353393554688,31.501436233520508,22442.810546875,68341.53125,13378.4521484375,32299.28515625,0.2036697119474411,0.03046598471701145,0.015972869470715523,0.005077281501144171,0.32514581084251404,237.25669860839844,0.9322200417518616,0.5739648717162644,5351.2705078125,12.945646706357186,0.25576359033584595,0.00192866416182369,0.4442516268980477,0.45,12,0.6,0,1200
/home/iams/ramlab_ws/src/unitree_rl_mjlab/logs/rsl_rl/h1_2_velocity_a1_v2/2026-08-26_10-02-56_a1a_fullmirror_jacc1e-7_standing15_s42/model_10000.pt,td3,"['velocity', 'orientation', 'height']",8,42,0.07445885986089706,0.07876093685626984,0.10516760498285294,0.06584672629833221,0.0777411162853241,0.62,0.0,600.5,0.941088080406189,0.817599356174469,35.237674713134766,47.79883575439453,26.144384384155273,93.26704406738281,31.604145050048828,22833.380859375,68761.6875,14619.5400390625,34055.109375,0.20439983904361725,0.03419245406985283,0.015653906390070915,0.005241724196821451,0.32237061858177185,239.5288848876953,0.9312695264816284,0.57192939540655,5265.47607421875,12.572516046152671,0.26059722900390625,0.0014338446781039238,0.44348202685145083,0.45,12,0.6,1,1200
/home/iams/ramlab_ws/src/unitree_rl_mjlab/logs/rsl_rl/h1_2_velocity_a1_v2/2026-08-26_10-02-56_a1a_fullmirror_jacc1e-7_standing15_s42/model_10000.pt,td3,"['velocity', 'orientation', 'height']",8,42,0.07633938640356064,0.07826031744480133,0.101430244743824,0.06730522960424423,0.07717865705490112,0.8200000000000001,0.0,600.5,0.934497594833374,0.8104050755500793,34.61027526855469,46.531742095947266,26.057491302490234,84.79179382324219,31.796676635742188,22495.2890625,66571.3203125,13695.7412109375,31519.30078125,0.20260126888751984,0.028825193643569946,0.01515077892690897,0.004798012785613537,0.32592466473579407,236.86029052734375,0.9336718916893005,0.5733808364968364,5298.78466796875,12.827061593572656,0.2532569468021393,0.0014148140326142311,0.44380236925744004,0.45,12,0.6,2,1200
/home/iams/ramlab_ws/src/unitree_rl_mjlab/logs/rsl_rl/h1_2_velocity_a1_v2/2026-08-26_10-02-56_a1a_fullmirror_jacc1e-7_standing15_s42/model_10000.pt,td3,"['velocity', 'orientation', 'height']",8,42,0.07868620753288269,0.07872699201107025,0.10435903072357178,0.06967423856258392,0.07777901738882065,0.84,0.0,600.5,0.9318519830703735,0.8114215731620789,34.58599090576172,47.01382827758789,25.585817337036133,87.80118560791016,31.316343307495117,22553.306640625,66468.125,14185.8662109375,32902.32421875,0.20285539329051971,0.030843524262309074,0.015608369372785091,0.004895550198853016,0.3236108720302582,236.81072998046875,0.9339258074760437,0.5743423636198335,5307.44189453125,12.872258901027706,0.2546348571777344,0.0018069399520754814,0.44316214656664743,0.45,12,0.6,3,1200
/home/iams/ramlab_ws/src/unitree_rl_mjlab/logs/rsl_rl/h1_2_velocity_a1_v2/2026-08-26_10-02-56_a1a_fullmirror_jacc1e-7_standing15_s42/model_10000.pt,td3,"['velocity', 'orientation', 'height']",8,42,0.07754894345998764,0.07878251373767853,0.107381671667099,0.06851418316364288,0.07777655869722366,0.64,0.0,600.5,0.936284601688385,0.8123236894607544,34.48019027709961,46.23038864135742,26.063758850097656,84.67337799072266,31.32301139831543,22436.763671875,67988.3046875,13706.67578125,31751.6328125,0.2030809223651886,0.030686549842357635,0.015950392931699753,0.004985770210623741,0.3268220126628876,238.36041259765625,0.9332942962646484,0.5786221744456442,5321.173828125,12.917199378047714,0.2576330900192261,0.0015315924538299441,0.4439306358381503,0.45,12,0.6,4,1200
/home/iams/ramlab_ws/src/unitree_rl_mjlab/logs/rsl_rl/h1_2_velocity_a1_v2/2026-08-26_10-02-56_a1a_fullmirror_jacc1e-7_standing15_s42/model_10000.pt,td3,"['velocity', 'orientation', 'height']",8,42,0.0752616599202156,0.07839642465114594,0.10810118168592453,0.0664466843008995,0.07738778740167618,0.64,0.0,600.5,0.9406206011772156,0.8165368437767029,34.777652740478516,46.897518157958984,26.052751541137695,87.68824005126953,31.406036376953125,22625.08203125,66383.71875,13937.1650390625,30857.568359375,0.20413421094417572,0.03215621039271355,0.01583130471408367,0.005111562553793192,0.32708239555358887,240.49273681640625,0.931555986404419,0.5778329188797213,5309.08154296875,12.756152725159831,0.25725147128105164,0.00154269696213305,0.4430343236227286,0.45,12,0.6,5,1200
/home/iams/ramlab_ws/src/unitree_rl_mjlab/logs/rsl_rl/h1_2_velocity_a1_v2/2026-08-26_10-02-56_a1a_fullmirror_jacc1e-7_standing15_s42/model_10000.pt,td3,"['velocity', 'orientation', 'height']",8,42,0.07884185016155243,0.07759486138820648,0.09717957675457001,0.0697370171546936,0.07671275734901428,0.84,0.0,600.5,0.9354101419448853,0.8144291043281555,34.163177490234375,45.84375,25.76275634765625,85.65576934814453,30.935375213623047,22440.73828125,65065.1796875,13470.83203125,31655.103515625,0.20360727608203888,0.030327793210744858,0.015824589878320694,0.005069938953965902,0.32342979311943054,236.0601806640625,0.9347851276397705,0.5730784161644309,5314.265625,12.901334398201517,0.25145959854125977,0.0017136352835223079,0.44380236925744004,0.45,12,0.6,6,1200
/home/iams/ramlab_ws/src/unitree_rl_mjlab/logs/rsl_rl/h1_2_velocity_a1_v2/2026-08-26_10-02-56_a1a_fullmirror_jacc1e-7_standing15_s42/model_10000.pt,td3,"['velocity', 'orientation', 'height']",8,42,0.07709760963916779,0.07921680808067322,0.10463142395019531,0.06841134279966354,0.07816838473081589,0.64,0.0,600.5,0.9404081106185913,0.8171271681785583,34.001583099365234,45.22615051269531,25.976591110229492,81.58275604248047,31.269084930419922,22523.775390625,68300.109375,12979.900390625,30040.36328125,0.2042817920446396,0.03365796059370041,0.015368464402854443,0.005229863338172436,0.321675181388855,239.44044494628906,0.9337369799613953,0.5733386014801495,5280.36474609375,12.643798295332164,0.2627539336681366,0.0018243971280753613,0.4437382637584862,0.45,12,0.6,7,1200
/home/iams/ramlab_ws/src/unitree_rl_mjlab/logs/rsl_rl/h1_2_velocity_a1_v2/2026-08-26_10-02-56_a1a_fullmirror_jacc1e-7_standing15_s42/model_10000.pt,td3,"['velocity', 'orientation', 'height']",8,42,0.07781940698623657,0.08231713622808456,0.11178801208734512,0.0693102777004242,0.08072212338447571,0.68,0.0,600.5,0.9827449321746826,0.8212335705757141,35.58237075805664,45.39253234863281,28.851266860961914,79.38101196289062,35.01435470581055,22320.908203125,68931.53125,13351.158203125,30391.443359375,0.20530839264392853,0.031760916113853455,0.018438288941979408,0.005345947574824095,0.36042162775993347,256.3970947265625,0.8917643427848816,0.5863371337929116,5582.52392578125,12.766298249580801,0.25340187549591064,0.003058060072362423,0.48569169960474307,0.5,12,0.6,0,1200
/home/iams/ramlab_ws/src/unitree_rl_mjlab/logs/rsl_rl/h1_2_velocity_a1_v2/2026-08-26_10-02-56_a1a_fullmirror_jacc1e-7_standing15_s42/model_10000.pt,td3,"['velocity', 'orientation', 'height']",8,42,0.07525816559791565,0.08415325731039047,0.10720344632863998,0.06678754836320877,0.08262545615434647,0.68,0.0,600.5,0.9832658767700195,0.823074221611023,35.479305267333984,45.313533782958984,28.68276023864746,79.11158752441406,34.80229187011719,22534.08203125,68682.3828125,13256.892578125,30475.72265625,0.20576855540275574,0.03419025242328644,0.017716605216264725,0.005169214215129614,0.35625407099723816,254.64590454101562,0.8934635519981384,0.5790614175040282,5497.7451171875,12.501798425549854,0.25537556409835815,0.002343738917261362,0.4862298195631529,0.5,12,0.6,1,1200
/home/iams/ramlab_ws/src/unitree_rl_mjlab/logs/rsl_rl/h1_2_velocity_a1_v2/2026-08-26_10-02-56_a1a_fullmirror_jacc1e-7_standing15_s42/model_10000.pt,td3,"['velocity', 'orientation', 'height']",8,42,0.07771182060241699,0.08396705985069275,0.11071150749921799,0.0689132958650589,0.08256245404481888,0.68,0.0,600.5,0.9782239198684692,0.8179541826248169,35.41223907470703,45.14604187011719,28.76128578186035,82.82054901123047,34.70932388305664,22163.75,67465.0078125,13216.7041015625,29865.23046875,0.20448854565620422,0.03091871552169323,0.01832067407667637,0.005167247261852026,0.35862672328948975,254.05218505859375,0.8917122483253479,0.5877415834292182,5595.44921875,12.944892026520202,0.24421195685863495,0.002883570734411478,0.48248782786241556,0.5,12,0.6,2,1200
/home/iams/ramlab_ws/src/unitree_rl_mjlab/logs/rsl_rl/h1_2_velocity_a1_v2/2026-08-26_10-02-56_a1a_fullmirror_jacc1e-7_standing15_s42/model_10000.pt,td3,"['velocity', 'orientation', 'height']",8,42,0.07806385308504105,0.08301050961017609,0.10866422951221466,0.0694577619433403,0.08156204968690872,0.68,0.0,600.5,0.9756820201873779,0.8179447054862976,35.36146545410156,45.42121124267578,28.38298225402832,80.37648010253906,35.0910530090332,22351.57421875,64424.12109375,13402.10546875,30643.689453125,0.2044861763715744,0.032882820814847946,0.017708413302898407,0.00506928376853466,0.35268688201904297,251.25840759277344,0.8942643404006958,0.5776031083513076,5504.8232421875,12.654710565772369,0.25061294436454773,0.0027661342173814774,0.4854614412136536,0.5,12,0.6,3,1200
/home/iams/ramlab_ws/src/unitree_rl_mjlab/logs/rsl_rl/h1_2_velocity_a1_v2/2026-08-26_10-02-56_a1a_fullmirror_jacc1e-7_standing15_s42/model_10000.pt,td3,"['velocity', 'orientation', 'height']",8,42,0.08104497194290161,0.08203142136335373,0.11021128296852112,0.07308496534824371,0.0804867297410965,0.66,0.0,600.5,1.000285267829895,0.8391878008842468,36.05906295776367,46.275760650634766,28.89642906188965,86.49374389648438,36.479251861572266,23047.25390625,68399.4453125,13599.42578125,31351.13671875,0.2097969502210617,0.037733711302280426,0.017590755596756935,0.005765008740127087,0.3583715856075287,260.03277587890625,0.8896809816360474,0.5773476388578853,5511.7607421875,12.237695827521444,0.2656077444553375,0.003547363681718707,0.48400819284701435,0.5,12,0.6,4,1200
/home/iams/ramlab_ws/src/unitree_rl_mjlab/logs/rsl_rl/h1_2_velocity_a1_v2/2026-08-26_10-02-56_a1a_fullmirror_jacc1e-7_standing15_s42/model_10000.pt,td3,"['velocity', 'orientation', 'height']",8,42,0.07743644714355469,0.08231184631586075,0.10316324979066849,0.06863881647586823,0.08086217194795609,0.68,0.0,600.5,0.9730468988418579,0.8148137331008911,35.0438232421875,44.64170837402344,28.462047576904297,79.57674407958984,34.524166107177734,22113.34765625,64723.25,12859.408203125,29899.6171875,0.20370343327522278,0.030421892181038857,0.01801273413002491,0.0049715409986674786,0.3561513125896454,251.4425506591797,0.8939908742904663,0.5831212291848263,5557.51611328125,12.888455550996223,0.24471502006053925,0.0028424125630408525,0.4824120603015075,0.5,12,0.6,5,1200
/home/iams/ramlab_ws/src/unitree_rl_mjlab/logs/rsl_rl/h1_2_velocity_a1_v2/2026-08-26_10-02-56_a1a_fullmirror_jacc1e-7_standing15_s42/model_10000.pt,td3,"['velocity', 'orientation', 'height']",8,42,0.07655534893274307,0.08306453377008438,0.11327619850635529,0.06822427362203598,0.08150245994329453,0.68,0.0,600.5,0.9888642430305481,0.8278207182884216,36.02614974975586,46.42550277709961,28.752246856689453,83.90866088867188,35.64811325073242,22790.78125,67879.96875,13820.74609375,31647.951171875,0.2069551795721054,0.035239528864622116,0.01758929342031479,0.005385647993534803,0.3559168577194214,255.92471313476562,0.8937304615974426,0.5772283282624484,5485.94482421875,12.373337104018667,0.2610575258731842,0.002664657775312662,0.4842370744010088,0.5,12,0.6,6,1200
/home/iams/ramlab_ws/src/unitree_rl_mjlab/logs/rsl_rl/h1_2_velocity_a1_v2/2026-08-26_10-02-56_a1a_fullmirror_jacc1e-7_standing15_s42/model_10000.pt,td3,"['velocity', 'orientation', 'height']",8,42,0.07834159582853317,0.08301757276058197,0.1060342788696289,0.07000968605279922,0.08145013451576233,0.68,0.0,600.5,0.9885157942771912,0.8299575448036194,35.504634857177734,45.1953239440918,28.808095932006836,83.18913269042969,35.931663513183594,22524.6640625,69569.609375,13108.6943359375,31094.55859375,0.20748938620090485,0.034738603979349136,0.018046658486127853,0.005416163243353367,0.3561706244945526,255.34466552734375,0.8894726634025574,0.5770217217692344,5529.208984375,12.494774470424542,0.2549203634262085,0.00312031339854002,0.48523140104248935,0.5,12,0.6,7,1200
/home/iams/ramlab_ws/src/unitree_rl_mjlab/logs/rsl_rl/h1_2_velocity_a1_v2/2026-08-26_10-02-56_a1a_fullmirror_jacc1e-7_standing15_s42/model_10000.pt,td3,"['velocity', 'orientation', 'height']",8,42,0.08799741417169571,0.08891064673662186,0.1401292234659195,0.08104953169822693,0.08722667396068573,0.7000000000000001,0.0,600.5,1.0635101795196533,0.8450891375541687,39.11518096923828,47.371437072753906,33.646724700927734,82.45919036865234,44.26686096191406,23412.197265625,61949.28125,14229.4443359375,33963.0390625,0.21127228438854218,0.03599586337804794,0.02036937326192856,0.005948119331151247,0.41176581382751465,285.0473937988281,0.8303255438804626,0.6076862973026496,5733.2529296875,12.222595944486999,0.2687548100948334,0.003993152175098658,0.5151769243669294,0.55,12,0.6,0,1200
/home/iams/ramlab_ws/src/unitree_rl_mjlab/logs/rsl_rl/h1_2_velocity_a1_v2/2026-08-26_10-02-56_a1a_fullmirror_jacc1e-7_standing15_s42/model_10000.pt,td3,"['velocity', 'orientation', 'height']",8,42,0.08902859687805176,0.08916281163692474,0.1345640867948532,0.08207311481237411,0.0873878076672554,0.7000000000000001,0.0,600.5,1.0566563606262207,0.8404496312141418,38.77799987792969,46.72526931762695,33.58098602294922,81.42125701904297,43.8739013671875,23188.205078125,62492.40625,13814.466796875,35442.97265625,0.21011240780353546,0.035440921783447266,0.020317714661359787,0.005982958246022463,0.40982767939567566,281.8237609863281,0.8334570527076721,0.6028918724785985,5721.12353515625,12.238923410813713,0.26538270711898804,0.004391792695969343,0.5114885114885115,0.55,12,0.6,1,1200
/home/iams/ramlab_ws/src/unitree_rl_mjlab/logs/rsl_rl/h1_2_velocity_a1_v2/2026-08-26_10-02-56_a1a_fullmirror_jacc1e-7_standing15_s42/model_10000.pt,td3,"['velocity', 'orientation', 'height']",8,42,0.09501460939645767,0.08829794824123383,0.13053639233112335,0.0886043906211853,0.08645853400230408,0.7000000000000001,0.0,600.5,1.0631979703903198,0.849257230758667,37.674041748046875,44.52207565307617,33.273155212402344,79.09617614746094,44.02653503417969,23205.982421875,63601.94921875,12385.5712890625,33295.171875,0.21231430768966675,0.03785403072834015,0.019819533452391624,0.00650471867993474,0.4060424268245697,282.1819152832031,0.8342708349227905,0.5903098676744675,5673.416015625,11.868491065112641,0.2759774327278137,0.004515231121331453,0.5111480865224626,0.55,12,0.6,2,1200
/home/iams/ramlab_ws/src/unitree_rl_mjlab/logs/rsl_rl/h1_2_velocity_a1_v2/2026-08-26_10-02-56_a1a_fullmirror_jacc1e-7_standing15_s42/model_10000.pt,td3,"['velocity', 'orientation', 'height']",8,42,0.08779444545507431,0.08775685727596283,0.13406819105148315,0.08101579546928406,0.08600926399230957,0.7000000000000001,0.0,600.5,1.0677332878112793,0.8495872616767883,38.206260681152344,45.21050262451172,33.7423095703125,79.38899230957031,44.80531692504883,23425.025390625,63092.62890625,12941.265625,33531.70703125,0.21239681541919708,0.035164736211299896,0.02064274437725544,0.005946832709014416,0.4123900532722473,284.0938720703125,0.8322656154632568,0.6030124912110316,5693.7529296875,12.085457149189509,0.2701472043991089,0.0034131270367652178,0.5130260521042084,0.55,12,0.6,3,1200
/home/iams/ramlab_ws/src/unitree_rl_mjlab/logs/rsl_rl/h1_2_velocity_a1_v2/2026-08-26_10-02-56_a1a_fullmirror_jacc1e-7_standing15_s42/model_10000.pt,td3,"['velocity', 'orientation', 'height']",8,42,0.08945503830909729,0.08794552087783813,0.13199050724506378,0.08282287418842316,0.0862666592001915,0.7000000000000001,0.0,600.5,1.059004783630371,0.8446311950683594,38.40021514892578,46.27901077270508,33.18317413330078,81.23324584960938,45.141483306884766,23437.66015625,64038.69140625,13618.513671875,34825.0234375,0.21115779876708984,0.037438202649354935,0.01988908089697361,0.006100866012275219,0.40811941027641296,280.21142578125,0.83621746301651,0.5917077636653735,5645.5556640625,11.921424063375843,0.27452850341796875,0.00340046058408916,0.509115014915479,0.55,12,0.6,4,1200
/home/iams/ramlab_ws/src/unitree_rl_mjlab/logs/rsl_rl/h1_2_velocity_a1_v2/2026-08-26_10-02-56_a1a_fullmirror_jacc1e-7_standing15_s42/model_10000.pt,td3,"['velocity', 'orientation', 'height']",8,42,0.08827094733715057,0.08885068446397781,0.1296176165342331,0.08142192661762238,0.08708442002534866,0.7000000000000001,0.0,600.5,1.0661261081695557,0.8500056862831116,37.90249252319336,44.8026123046875,33.50532531738281,77.66322326660156,44.56624221801758,23329.376953125,63203.0078125,12664.0146484375,32833.9453125,0.2125014215707779,0.03521503880620003,0.021071327850222588,0.00607416033744812,0.4129835367202759,284.771484375,0.8324088454246521,0.6055885152576145,5739.31396484375,12.205092519238585,0.26739948987960815,0.00374431605450809,0.5133689839572193,0.55,12,0.6,5,1200
/home/iams/ramlab_ws/src/unitree_rl_mjlab/logs/rsl_rl/h1_2_velocity_a1_v2/2026-08-26_10-02-56_a1a_fullmirror_jacc1e-7_standing15_s42/model_10000.pt,td3,"['velocity', 'orientation', 'height']",8,42,0.0969458594918251,0.09038922935724258,0.13494862616062164,0.09102723747491837,0.08862306922674179,0.7000000000000001,0.0,600.5,1.0778018236160278,0.8583508729934692,38.96979522705078,46.669837951660156,33.85675048828125,81.96338653564453,45.81182098388672,23842.1015625,62644.46875,13490.6103515625,35056.0546875,0.2145877182483673,0.04136965051293373,0.019520286470651627,0.006857930216938257,0.4122067391872406,287.6341857910156,0.8333789110183716,0.594345120442198,5664.478515625,11.704641446403558,0.2869085669517517,0.004115717019885778,0.5050970075633016,0.55,12,0.6,6,1200
/home/iams/ramlab_ws/src/unitree_rl_mjlab/logs/rsl_rl/h1_2_velocity_a1_v2/2026-08-26_10-02-56_a1a_fullmirror_jacc1e-7_standing15_s42/model_10000.pt,td3,"['velocity', 'orientation', 'height']",8,42,0.09355088323354721,0.08792254328727722,0.1354944109916687,0.08681491762399673,0.08603609353303909,0.7000000000000001,0.0,600.5,1.061058521270752,0.8447690606117249,39.123783111572266,47.43885803222656,33.582149505615234,83.3246078491211,44.56040573120117,23449.32421875,62460.6015625,14104.6689453125,35261.234375,0.2111922651529312,0.03769131377339363,0.019631806761026382,0.006309174466878176,0.4092036783695221,281.9599609375,0.8368229269981384,0.5943128908128378,5666.41748046875,11.94362772182142,0.27566632628440857,0.004770356230437756,0.5107231920199501,0.55,12,0.6,7,1200
/home/iams/ramlab_ws/src/unitree_rl_mjlab/logs/rsl_rl/h1_2_velocity_a1_v2/2026-08-26_10-02-56_a1a_fullmirror_jacc1e-7_standing15_s42/model_10000.pt,td3,"['velocity', 'orientation', 'height']",8,42,0.1183599978685379,0.10831976681947708,0.22780080139636993,0.11409755051136017,0.1092304065823555,0.72,0.0001302083401242271,575.4802856445312,1.1740891933441162,0.8736533522605896,48.0058708190918,56.85361862182617,42.291770935058594,86.31865692138672,54.343223571777344,24618.240234375,54966.69921875,18523.76171875,36202.33203125,0.2184133380651474,0.04151478409767151,0.026835860684514046,0.00810068566352129,0.4974839389324188,354.3786926269531,0.7555403709411621,0.7077549535143376,6292.97314453125,12.568145052751577,0.33741679787635803,0.011548880487680435,0.5167367535744323,0.6,12,0.6,0,1200
/home/iams/ramlab_ws/src/unitree_rl_mjlab/logs/rsl_rl/h1_2_velocity_a1_v2/2026-08-26_10-02-56_a1a_fullmirror_jacc1e-7_standing15_s42/model_10000.pt,td3,"['velocity', 'orientation', 'height']",8,42,0.11553222686052322,0.10519474744796753,0.1940954029560089,0.11043736338615417,0.10413382202386856,0.72,7.812499825377017e-05,583.3079223632812,1.1547340154647827,0.8664270043373108,44.90040969848633,51.46491622924805,40.973392486572266,78.1268539428711,52.506072998046875,23745.134765625,55578.89453125,15694.6767578125,36133.671875,0.2166067510843277,0.04229434207081795,0.025472944602370262,0.0079377181828022,0.4837295413017273,337.5843200683594,0.762779951095581,0.669695785102188,6131.9765625,12.164542175987696,0.3230222165584564,0.007949301972985268,0.5222713362801769,0.6,12,0.6,1,1200
/home/iams/ramlab_ws/src/unitree_rl_mjlab/logs/rsl_rl/h1_2_velocity_a1_v2/2026-08-26_10-02-56_a1a_fullmirror_jacc1e-7_standing15_s42/model_10000.pt,td3,"['velocity', 'orientation', 'height']",8,42,0.11649975180625916,0.10273347795009613,0.1944250464439392,0.11170496791601181,0.1021232157945633,0.72,0.00010416666918899864,586.34912109375,1.1369754076004028,0.8573725819587708,43.64143371582031,49.41545486450195,40.37409210205078,78.93023681640625,52.26787567138672,23397.640625,56716.33984375,14706.431640625,34643.8125,0.2143431454896927,0.04007368162274361,0.024675728753209114,0.007683845236897469,0.4752979576587677,330.1909484863281,0.7732356786727905,0.6605981224060222,6059.779296875,12.12352721852711,0.31026357412338257,0.010347520932555199,0.5270200720535255,0.6,12,0.6,2,1200
/home/iams/ramlab_ws/src/unitree_rl_mjlab/logs/rsl_rl/h1_2_velocity_a1_v2/2026-08-26_10-02-56_a1a_fullmirror_jacc1e-7_standing15_s42/model_10000.pt,td3,"['velocity', 'orientation', 'height']",8,42,0.11016026884317398,0.10080217570066452,0.18350958824157715,0.10455022752285004,0.09994949400424957,0.72,3.9062499126885086e-05,593.817626953125,1.1255558729171753,0.8519173264503479,43.101905822753906,48.857391357421875,39.80976104736328,76.1863021850586,51.25221252441406,23151.462890625,57222.9375,14441.943359375,33468.59765625,0.21297933161258698,0.038821350783109665,0.024347985163331032,0.007345306687057018,0.46967580914497375,321.5855712890625,0.7728580832481384,0.6481737841386882,6014.97216796875,12.123514221795507,0.30229663848876953,0.007099786773324013,0.5342608695652173,0.6,12,0.6,3,1200
/home/iams/ramlab_ws/src/unitree_rl_mjlab/logs/rsl_rl/h1_2_velocity_a1_v2/2026-08-26_10-02-56_a1a_fullmirror_jacc1e-7_standing15_s42/model_10000.pt,td3,"['velocity', 'orientation', 'height']",8,42,0.10264983028173447,0.10223924368619919,0.1812792718410492,0.09691787511110306,0.10181131213903427,0.72,7.812499825377017e-05,583.9169311523438,1.1267400979995728,0.848866879940033,43.74728012084961,49.774288177490234,40.339698791503906,77.994384765625,51.069358825683594,23104.361328125,57329.0546875,15091.9169921875,33565.0625,0.21221671998500824,0.03724127262830734,0.025717424228787422,0.00709022581577301,0.4683571457862854,326.87432861328125,0.7732617259025574,0.6734090952369617,6151.958984375,12.673938759364296,0.2924991846084595,0.009804208762943745,0.5256673511293635,0.6,12,0.6,4,1200
/home/iams/ramlab_ws/src/unitree_rl_mjlab/logs/rsl_rl/h1_2_velocity_a1_v2/2026-08-26_10-02-56_a1a_fullmirror_jacc1e-7_standing15_s42/model_10000.pt,td3,"['velocity', 'orientation', 'height']",8,42,0.11402282863855362,0.1040164977312088,0.1938382089138031,0.10989733040332794,0.10353998094797134,0.72,0.00010416666918899864,587.5034790039062,1.1465814113616943,0.8624600768089294,44.73176193237305,51.270729064941406,40.869564056396484,80.8998031616211,52.008636474609375,23639.931640625,56046.671875,15707.7451171875,36498.6171875,0.21561501920223236,0.03950345888733864,0.025592997670173645,0.00760606350377202,0.4795290231704712,336.93212890625,0.7676757574081421,0.675535474485472,6135.626953125,12.30168536122541,0.31289806962013245,0.01094176433980465,0.5299292737622908,0.6,12,0.6,5,1200
/home/iams/ramlab_ws/src/unitree_rl_mjlab/logs/rsl_rl/h1_2_velocity_a1_v2/2026-08-26_10-02-56_a1a_fullmirror_jacc1e-7_standing15_s42/model_10000.pt,td3,"['velocity', 'orientation', 'height']",8,42,0.10853032767772675,0.09923001378774643,0.16355665028095245,0.10317734628915787,0.0982074961066246,0.72,0.0,600.5,1.1250412464141846,0.8521114587783813,41.58267593383789,45.92724609375,39.43268585205078,75.1021957397461,50.8514518737793,22988.818359375,57668.18359375,12828.810546875,33138.80859375,0.21302786469459534,0.036852579563856125,0.024017639458179474,0.007077324204146862,0.466134637594223,315.43988037109375,0.7766992449760437,0.6367333403213615,5991.61328125,12.09441192508522,0.2921192944049835,0.006157033611088991,0.5418945140236373,0.6,12,0.6,6,1200
/home/iams/ramlab_ws/src/unitree_rl_mjlab/logs/rsl_rl/h1_2_velocity_a1_v2/2026-08-26_10-02-56_a1a_fullmirror_jacc1e-7_standing15_s42/model_10000.pt,td3,"['velocity', 'orientation', 'height']",8,42,0.1133832260966301,0.10454646497964859,0.2112390547990799,0.10809627175331116,0.10442553460597992,0.72,0.0001302083401242271,574.569091796875,1.1487911939620972,0.8620204329490662,45.935298919677734,53.87630081176758,40.926170349121094,83.50312042236328,52.307735443115234,23810.5234375,56146.17578125,17085.9453125,36867.69921875,0.21550510823726654,0.042156290262937546,0.02536575123667717,0.007852611131966114,0.47791752219200134,339.9278259277344,0.7679687738418579,0.6839712588499087,6142.35693359375,12.359081441710453,0.32242685556411743,0.010705900378525257,0.5153497735279315,0.6,12,0.6,7,1200
/home/iams/ramlab_ws/src/unitree_rl_mjlab/logs/rsl_rl/h1_2_velocity_a1_v2/2026-08-26_10-02-56_a1a_fullmirror_jacc1e-7_standing15_s42/model_10000.pt,td3,"['velocity', 'orientation', 'height']",8,42,0.1407105028629303,0.1274368017911911,0.24282926321029663,0.13995039463043213,0.13045403361320496,0.56,0.00015624999650754035,579.580078125,1.2172150611877441,0.8689095377922058,50.41474914550781,56.5409049987793,47.0827751159668,84.6192398071289,59.01488494873047,23228.470703125,49417.9375,17813.671875,37527.67578125,0.21722738444805145,0.047360628843307495,0.031263966113328934,0.010284203104674816,0.5548231601715088,401.9290771484375,0.7112369537353516,0.7610520917326866,6656.84765625,12.604729191187548,0.3980132043361664,0.012765918858349323,0.5361256544502618,0.65,12,0.6,0,1200
/home/iams/ramlab_ws/src/unitree_rl_mjlab/logs/rsl_rl/h1_2_velocity_a1_v2/2026-08-26_10-02-56_a1a_fullmirror_jacc1e-7_standing15_s42/model_10000.pt,td3,"['velocity', 'orientation', 'height']",8,42,0.13947361707687378,0.12511545419692993,0.2348194569349289,0.13995862007141113,0.12979815900325775,0.56,9.11458337213844e-05,579.3766479492188,1.1865898370742798,0.8533315062522888,48.31399154663086,53.56896209716797,45.618797302246094,79.46786499023438,56.58740997314453,22445.60546875,47998.8046875,16318.9638671875,35905.30859375,0.2133328765630722,0.04581274092197418,0.030509643256664276,0.010053751058876514,0.5436152815818787,386.8197326660156,0.7135677337646484,0.733202893456536,6552.85693359375,12.420704060621462,0.3865528404712677,0.01251775398850441,0.5381920112123336,0.65,12,0.6,1,1200
/home/iams/ramlab_ws/src/unitree_rl_mjlab/logs/rsl_rl/h1_2_velocity_a1_v2/2026-08-26_10-02-56_a1a_fullmirror_jacc1e-7_standing15_s42/model_10000.pt,td3,"['velocity', 'orientation', 'height']",8,42,0.14566859602928162,0.13147857785224915,0.26430273056030273,0.14460241794586182,0.13566121459007263,0.56,0.00023437499476131052,557.0548706054688,1.2278610467910767,0.87529057264328,52.076778411865234,59.69009780883789,47.55447769165039,88.48612213134766,58.74812698364258,23827.03515625,49696.97265625,19530.0546875,39048.7109375,0.21882264316082,0.049621228128671646,0.03186335787177086,0.01079567614942789,0.5575634837150574,412.3525390625,0.7081705927848816,0.7791150454398355,6696.73388671875,12.653070151236486,0.41148123145103455,0.01736524887382984,0.5246797608881298,0.65,12,0.6,2,1200
/home/iams/ramlab_ws/src/unitree_rl_mjlab/logs/rsl_rl/h1_2_velocity_a1_v2/2026-08-26_10-02-56_a1a_fullmirror_jacc1e-7_standing15_s42/model_10000.pt,td3,"['velocity', 'orientation', 'height']",8,42,0.13699722290039062,0.1264585703611374,0.25065889954566956,0.13709816336631775,0.13010317087173462,0.56,0.00015624999650754035,580.9910278320312,1.2011977434158325,0.8607577085494995,49.123783111572266,54.60433578491211,46.28567123413086,81.73726654052734,57.5897102355957,22869.1640625,48693.9609375,16907.162109375,36188.8515625,0.21518942713737488,0.04687381908297539,0.030499093234539032,0.010056059807538986,0.543436586856842,392.4239196777344,0.719153642654419,0.7509870975235539,6577.94287109375,12.588302014112763,0.3879631459712982,0.014056853950023651,0.5395152792413066,0.65,12,0.6,3,1200
/home/iams/ramlab_ws/src/unitree_rl_mjlab/logs/rsl_rl/h1_2_velocity_a1_v2/2026-08-26_10-02-56_a1a_fullmirror_jacc1e-7_standing15_s42/model_10000.pt,td3,"['velocity', 'orientation', 'height']",8,42,0.14592669904232025,0.128526970744133,0.24709144234657288,0.14567895233631134,0.1320170909166336,0.54,0.0001822916674427688,564.8587646484375,1.2172691822052002,0.8726581931114197,50.691463470458984,57.47576141357422,46.82630920410156,85.83513641357422,57.832115173339844,23343.28125,48877.62109375,18495.869140625,38926.65625,0.21816454827785492,0.05059811472892761,0.030642662197351456,0.01079767756164074,0.5513233542442322,402.9937438964844,0.7108984589576721,0.7548039571683688,6643.087890625,12.442448069053972,0.40816715359687805,0.016110911965370178,0.5253077975376197,0.65,12,0.6,4,1200
/home/iams/ramlab_ws/src/unitree_rl_mjlab/logs/rsl_rl/h1_2_velocity_a1_v2/2026-08-26_10-02-56_a1a_fullmirror_jacc1e-7_standing15_s42/model_10000.pt,td3,"['velocity', 'orientation', 'height']",8,42,0.1312607228755951,0.13040487468242645,0.2887052893638611,0.1284354329109192,0.1338808387517929,0.58,0.00024739583022892475,546.82568359375,1.2143092155456543,0.8635330200195312,52.99087905883789,62.03842544555664,47.33298873901367,91.57991027832031,58.24440383911133,23662.357421875,49348.45703125,21289.521484375,39848.8125,0.2158832550048828,0.0470304861664772,0.03245425969362259,0.009903335943818092,0.5496639609336853,409.2718811035156,0.7128255367279053,0.7978674780071623,6739.82080078125,13.1391473054212,0.3917086720466614,0.016461556777358055,0.5088620175583899,0.65,12,0.6,5,1200
/home/iams/ramlab_ws/src/unitree_rl_mjlab/logs/rsl_rl/h1_2_velocity_a1_v2/2026-08-26_10-02-56_a1a_fullmirror_jacc1e-7_standing15_s42/model_10000.pt,td3,"['velocity', 'orientation', 'height']",8,42,0.13694627583026886,0.1331813484430313,0.27593812346458435,0.1357734054327011,0.13687528669834137,0.56,0.0003124999930150807,556.9229125976562,1.225232481956482,0.8731250762939453,52.47987747192383,60.48869705200195,47.67190933227539,87.76074981689453,58.31800079345703,23898.84765625,48769.5546875,20307.650390625,38212.21484375,0.21828126907348633,0.04921978712081909,0.03260473534464836,0.01094355620443821,0.5521563291549683,413.24884033203125,0.7082421779632568,0.7933348032239401,6721.28662109375,12.903194391624458,0.4007686376571655,0.019873740151524544,0.514745308310992,0.65,12,0.6,6,1200
/home/iams/ramlab_ws/src/unitree_rl_mjlab/logs/rsl_rl/h1_2_velocity_a1_v2/2026-08-26_10-02-56_a1a_fullmirror_jacc1e-7_standing15_s42/model_10000.pt,td3,"['velocity', 'orientation', 'height']",8,42,0.1357859969139099,0.12304457277059555,0.23947222530841827,0.13629597425460815,0.1268177181482315,0.56,6.510417006211355e-05,583.783203125,1.1891573667526245,0.8531500101089478,48.65135955810547,54.01923370361328,45.8942985534668,81.26359558105469,56.96194076538086,22513.119140625,48109.421875,16722.314453125,36352.61328125,0.21328750252723694,0.04518961161375046,0.031003465875983238,0.009817445650696754,0.5440623164176941,387.1693420410156,0.7137760519981384,0.7385146292182381,6554.373046875,12.502281484957809,0.3855935037136078,0.013312255032360554,0.5413215859030837,0.65,12,0.6,7,1200
/home/iams/ramlab_ws/src/unitree_rl_mjlab/logs/rsl_rl/h1_2_velocity_a1_v2/2026-08-26_10-02-56_a1a_fullmirror_jacc1e-7_standing15_s42/model_10000.pt,td3,"['velocity', 'orientation', 'height']",8,42,0.1428448110818863,0.16213305294513702,0.23451636731624603,0.13636139035224915,0.1668526530265808,0.56,0.00011718749738065526,580.3258056640625,1.1984539031982422,0.8344590067863464,49.860923767089844,52.401947021484375,49.54323959350586,79.42402648925781,60.532894134521484,20978.712890625,45470.3359375,15839.0908203125,36060.16015625,0.2086147516965866,0.05011820048093796,0.03394165635108948,0.011442127637565136,0.5718228220939636,415.416748046875,0.667395830154419,0.7762639561834188,6772.24462890625,12.654879542634475,0.42322584986686707,0.013404802419245243,0.5718540580789278,0.7,12,0.6,0,1200
/home/iams/ramlab_ws/src/unitree_rl_mjlab/logs/rsl_rl/h1_2_velocity_a1_v2/2026-08-26_10-02-56_a1a_fullmirror_jacc1e-7_standing15_s42/model_10000.pt,td3,"['velocity', 'orientation', 'height']",8,42,0.1465570628643036,0.16538752615451813,0.28398722410202026,0.14050628244876862,0.16876457631587982,0.56,0.0001302083401242271,574.3424072265625,1.21739661693573,0.8463519215583801,53.18651580810547,58.80123519897461,50.39900207519531,84.81718444824219,61.4309196472168,21847.81640625,44958.7265625,19235.326171875,36743.84765625,0.21158798038959503,0.05317235365509987,0.03420232608914375,0.011813638731837273,0.5825281739234924,434.989013671875,0.6531445384025574,0.8079863304737954,6880.4970703125,12.78043211253042,0.4393467605113983,0.01586422137916088,0.5504389894284178,0.7,12,0.6,1,1200
/home/iams/ramlab_ws/src/unitree_rl_mjlab/logs/rsl_rl/h1_2_velocity_a1_v2/2026-08-26_10-02-56_a1a_fullmirror_jacc1e-7_standing15_s42/model_10000.pt,td3,"['velocity', 'orientation', 'height']",8,42,0.1456862837076187,0.17260007560253143,0.24663856625556946,0.13700467348098755,0.17927631735801697,0.56,0.0001432291610399261,578.0042114257812,1.2078981399536133,0.8397873640060425,51.082252502441406,54.522071838378906,50.04865264892578,82.22030639648438,60.987571716308594,21205.302734375,44527.0078125,16758.541015625,37248.7109375,0.20994684100151062,0.05326101556420326,0.03381350263953209,0.012037057429552078,0.5750264525413513,424.33746337890625,0.6605077981948853,0.7853195640586265,6791.66064453125,12.569298303715108,0.4371892809867859,0.011701667681336403,0.5625343343709943,0.7,12,0.6,2,1200
/home/iams/ramlab_ws/src/unitree_rl_mjlab/logs/rsl_rl/h1_2_velocity_a1_v2/2026-08-26_10-02-56_a1a_fullmirror_jacc1e-7_standing15_s42/model_10000.pt,td3,"['velocity', 'orientation', 'height']",8,42,0.15901251137256622,0.18414553999900818,0.28706642985343933,0.15257711708545685,0.18995769321918488,0.56,0.00037760415580123663,544.06298828125,1.2544281482696533,0.868217408657074,54.55228805541992,60.127342224121094,51.840396881103516,88.91294860839844,62.88716125488281,22776.677734375,46116.15625,19455.599609375,38020.4765625,0.2170543521642685,0.05764660984277725,0.03546860069036484,0.012887252494692802,0.5895952582359314,454.8131103515625,0.6528841257095337,0.830656821029126,6959.494140625,12.710607840910246,0.4668586254119873,0.02317677065730095,0.5388528328363446,0.7,12,0.6,3,1200
/home/iams/ramlab_ws/src/unitree_rl_mjlab/logs/rsl_rl/h1_2_velocity_a1_v2/2026-08-26_10-02-56_a1a_fullmirror_jacc1e-7_standing15_s42/model_10000.pt,td3,"['velocity', 'orientation', 'height']",8,42,0.15047812461853027,0.163687065243721,0.2769947946071625,0.1430858075618744,0.1659127026796341,0.56,0.00023437499476131052,568.7098999023438,1.225066065788269,0.8497452139854431,53.37312316894531,59.03823471069336,50.54522705078125,84.63411712646484,61.36221694946289,22159.623046875,45585.45703125,19186.462890625,37814.97265625,0.21243630349636078,0.05465323105454445,0.03488892316818237,0.01216441672295332,0.5845141410827637,440.73944091796875,0.6568359136581421,0.8171578493601891,6899.3193359375,12.791757904934991,0.4548044800758362,0.015007661655545235,0.5518232441171187,0.7,12,0.6,4,1200
/home/iams/ramlab_ws/src/unitree_rl_mjlab/logs/rsl_rl/h1_2_velocity_a1_v2/2026-08-26_10-02-56_a1a_fullmirror_jacc1e-7_standing15_s42/model_10000.pt,td3,"['velocity', 'orientation', 'height']",8,42,0.1367376744747162,0.17336812615394592,0.24178487062454224,0.12968528270721436,0.17991138994693756,0.56,7.812499825377017e-05,586.8923950195312,1.1934473514556885,0.8331571817398071,50.060874938964844,53.06401062011719,49.380767822265625,83.54080200195312,60.6414794921875,20715.68359375,44039.3046875,16341.005859375,37793.66015625,0.20828929543495178,0.04966559261083603,0.0324619896709919,0.011133146472275257,0.563693106174469,410.2295227050781,0.6688411235809326,0.766113282918889,6688.7041015625,12.491314247486857,0.4137558937072754,0.010751746594905853,0.574957888826502,0.7,12,0.6,5,1200
/home/iams/ramlab_ws/src/unitree_rl_mjlab/logs/rsl_rl/h1_2_velocity_a1_v2/2026-08-26_10-02-56_a1a_fullmirror_jacc1e-7_standing15_s42/model_10000.pt,td3,"['velocity', 'orientation', 'height']",8,42,0.15668854117393494,0.17628882825374603,0.3100331723690033,0.15058018267154694,0.1818034052848816,0.56,0.00045572916860692203,535.6050415039062,1.2805986404418945,0.883758544921875,58.070194244384766,66.31902313232422,53.3061637878418,95.31869506835938,64.22006225585938,23679.7578125,45827.39453125,23148.7890625,43944.0625,0.22093963623046875,0.06062180921435356,0.036032259464263916,0.013229826465249062,0.6005028486251831,476.6695251464844,0.6486197710037231,0.879638435217334,7130.39990234375,13.158328614826276,0.48427286744117737,0.024459602311253548,0.514831573655103,0.7,12,0.6,6,1200
/home/iams/ramlab_ws/src/unitree_rl_mjlab/logs/rsl_rl/h1_2_velocity_a1_v2/2026-08-26_10-02-56_a1a_fullmirror_jacc1e-7_standing15_s42/model_10000.pt,td3,"['velocity', 'orientation', 'height']",8,42,0.14246207475662231,0.15878266096115112,0.25975412130355835,0.134506955742836,0.1624136120080948,0.58,0.0001302083401242271,573.6387329101562,1.2034542560577393,0.8341819643974304,52.28329086303711,57.2982177734375,49.98597717285156,87.11564636230469,61.14528274536133,21438.919921875,44426.1484375,18615.5859375,38776.7890625,0.2085454910993576,0.05110282078385353,0.03463622182607651,0.011584782041609287,0.5749943256378174,420.6833190917969,0.662584662437439,0.794081662001193,6826.83154296875,12.886323882822868,0.43078216910362244,0.012447523884475231,0.5593590677348871,0.7,12,0.6,7,1200
/home/iams/ramlab_ws/src/unitree_rl_mjlab/logs/rsl_rl/h1_2_velocity_a1_v2/2026-08-26_10-02-56_a1a_fullmirror_jacc1e-7_standing15_s42/model_10000.pt,td3,"['velocity', 'orientation', 'height']",8,42,0.08065309375524521,0.08251821249723434,0.09089958667755127,0.06981862336397171,0.08151404559612274,0.76,0.0,600.5,1.0238933563232422,0.8916358947753906,42.698707580566406,59.867530822753906,30.076370239257812,114.14768981933594,38.63272476196289,25247.248046875,71470.21875,17266.609375,45044.53515625,0.22290897369384766,0.026844074949622154,0.007688573095947504,0.004500426817685366,0.3603299558162689,276.1822814941406,0.9693945050239563,0.5758803038163739,4396.68603515625,9.167730568600367,0.29564276337623596,0.00044194154907017946,0.3936442849820605,0.4,0,0.7,0,1200
/home/iams/ramlab_ws/src/unitree_rl_mjlab/logs/rsl_rl/h1_2_velocity_a1_v2/2026-08-26_10-02-56_a1a_fullmirror_jacc1e-7_standing15_s42/model_10000.pt,td3,"['velocity', 'orientation', 'height']",8,42,0.08271041512489319,0.08218219876289368,0.10327839851379395,0.07156798243522644,0.08110040426254272,0.76,0.0,600.5,1.0178664922714233,0.8840538859367371,43.88627624511719,61.985904693603516,30.53260040283203,123.0541000366211,39.745018005371094,25461.9296875,72542.4140625,18715.970703125,46010.65625,0.22101347148418427,0.02497739903628826,0.007488663773983717,0.004396477248519659,0.36148500442504883,274.5625915527344,0.9680598974227905,0.5764948480222066,4345.2314453125,9.123617598496457,0.2907983362674713,0.0004069306014571339,0.3942505133470226,0.4,0,0.7,1,1200
/home/iams/ramlab_ws/src/unitree_rl_mjlab/logs/rsl_rl/h1_2_velocity_a1_v2/2026-08-26_10-02-56_a1a_fullmirror_jacc1e-7_standing15_s42/model_10000.pt,td3,"['velocity', 'orientation', 'height']",8,42,0.08206852525472641,0.08274468034505844,0.10001905262470245,0.07105059176683426,0.08167698979377747,0.76,0.0,600.5,1.0145654678344727,0.8819589018821716,42.916587829589844,60.293113708496094,30.134672164916992,113.54704284667969,38.84190368652344,25250.57421875,71263.15625,17825.3125,42777.86328125,0.2204897254705429,0.024371696636080742,0.007628581486642361,0.004465680103749037,0.36026543378829956,272.865234375,0.9696809649467468,0.5723437427038807,4330.49267578125,9.083349887174656,0.2940341830253601,0.0004102940729353577,0.39394716593998463,0.4,0,0.7,2,1200
/home/iams/ramlab_ws/src/unitree_rl_mjlab/logs/rsl_rl/h1_2_velocity_a1_v2/2026-08-26_10-02-56_a1a_fullmirror_jacc1e-7_standing15_s42/model_10000.pt,td3,"['velocity', 'orientation', 'height']",8,42,0.08270701766014099,0.08246957510709763,0.10284080356359482,0.07154066115617752,0.08141687512397766,0.76,0.0,600.5,1.0176335573196411,0.8833624720573425,43.78710174560547,61.69831466674805,30.587080001831055,122.156494140625,39.679710388183594,25353.603515625,71042.9375,18459.845703125,45475.65234375,0.22084061801433563,0.024023832753300667,0.007625269703567028,0.0044861603528261185,0.36178019642829895,274.0382080078125,0.9659570455551147,0.5756240022021044,4341.646484375,9.119734851756423,0.2891038954257965,0.0005491357878781855,0.3942505133470226,0.4,0,0.7,3,1200
/home/iams/ramlab_ws/src/unitree_rl_mjlab/logs/rsl_rl/h1_2_velocity_a1_v2/2026-08-26_10-02-56_a1a_fullmirror_jacc1e-7_standing15_s42/model_10000.pt,td3,"['velocity', 'orientation', 'height']",8,42,0.08101958781480789,0.08256067335605621,0.10590860992670059,0.07001569867134094,0.08162000775337219,0.76,0.0,600.5,1.0211105346679688,0.8872361779212952,44.234161376953125,62.732200622558594,30.560251235961914,125.78142547607422,39.28525161743164,25402.26953125,71464.859375,19052.564453125,45228.484375,0.2218090444803238,0.0255593229085207,0.00756755331531167,0.0045648436062037945,0.3607884347438812,274.5470275878906,0.9693815112113953,0.5741737149710676,4346.28466796875,9.089599158970426,0.2906101942062378,0.00044736749259755015,0.39374519354011794,0.4,0,0.7,4,1200
/home/iams/ramlab_ws/src/unitree_rl_mjlab/logs/rsl_rl/h1_2_velocity_a1_v2/2026-08-26_10-02-56_a1a_fullmirror_jacc1e-7_standing15_s42/model_10000.pt,td3,"['velocity', 'orientation', 'height']",8,42,0.08150587230920792,0.08284620940685272,0.09886568039655685,0.07038064301013947,0.08182522654533386,0.76,0.0,600.5,1.0181792974472046,0.8859805464744568,43.26349639892578,60.83821105957031,30.300832748413086,116.53573608398438,39.525390625,25240.5078125,70839.484375,17888.53515625,43867.03515625,0.2214951366186142,0.02457335963845253,0.007320056669414043,0.004361306317150593,0.3620462119579315,275.5992126464844,0.9688541889190674,0.5761458352276129,4355.43017578125,9.105116268670074,0.2929130792617798,0.00048681884072721004,0.39374519354011794,0.4,0,0.7,5,1200
/home/iams/ramlab_ws/src/unitree_rl_mjlab/logs/rsl_rl/h1_2_velocity_a1_v2/2026-08-26_10-02-56_a1a_fullmirror_jacc1e-7_standing15_s42/model_10000.pt,td3,"['velocity', 'orientation', 'height']",8,42,0.0804540142416954,0.08240924030542374,0.10026692599058151,0.06956224888563156,0.08145451545715332,0.76,0.0,600.5,1.021087646484375,0.8877925276756287,43.861244201660156,62.0782356262207,30.41038703918457,124.16327667236328,39.10625076293945,25253.880859375,70191.9921875,18723.783203125,45879.89453125,0.22194813191890717,0.02646479383111,0.007418139837682247,0.004498431924730539,0.358311265707016,273.76446533203125,0.9695051908493042,0.570979813099879,4337.69189453125,9.046954781309191,0.2928816080093384,0.0004316158592700958,0.393543428132206,0.4,0,0.7,6,1200
/home/iams/ramlab_ws/src/unitree_rl_mjlab/logs/rsl_rl/h1_2_velocity_a1_v2/2026-08-26_10-02-56_a1a_fullmirror_jacc1e-7_standing15_s42/model_10000.pt,td3,"['velocity', 'orientation', 'height']",8,42,0.08183334022760391,0.08197690546512604,0.10295054316520691,0.07061049342155457,0.08107680082321167,0.76,0.0,600.5,1.0178072452545166,0.8865432143211365,42.934104919433594,60.30780029296875,30.12222671508789,108.80791473388672,38.90083694458008,25540.330078125,71494.5859375,17598.623046875,43188.7421875,0.22163580358028412,0.023898722603917122,0.007507151924073696,0.004434129223227501,0.3607289493083954,274.3344421386719,0.9677669405937195,0.5748971144868875,4360.91064453125,9.138753217605272,0.2841976284980774,0.0004641799023374915,0.39369473279507883,0.4,0,0.7,7,1200
/home/iams/ramlab_ws/src/unitree_rl_mjlab/logs/rsl_rl/h1_2_velocity_a1_v2/2026-08-26_10-02-56_a1a_fullmirror_jacc1e-7_standing15_s42/model_10000.pt,td3,"['velocity', 'orientation', 'height']",8,42,0.0815921351313591,0.08945751190185547,0.1119433119893074,0.07091475278139114,0.08814272284507751,0.8200000000000001,0.0,600.5,1.0219162702560425,0.874697208404541,40.80364990234375,55.37726593017578,30.245878219604492,107.1126480102539,38.691009521484375,25077.533203125,69309.8125,15793.4609375,37679.359375,0.21867430210113525,0.02761213853955269,0.009008870460093021,0.004330869298428297,0.35613465309143066,282.2729797363281,0.9404752850532532,0.5735259669723078,4665.4208984375,9.47926282602839,0.2875709533691406,0.0006621330976486206,0.44226893175928594,0.45,0,0.7,0,1200
/home/iams/ramlab_ws/src/unitree_rl_mjlab/logs/rsl_rl/h1_2_velocity_a1_v2/2026-08-26_10-02-56_a1a_fullmirror_jacc1e-7_standing15_s42/model_10000.pt,td3,"['velocity', 'orientation', 'height']",8,42,0.08159124106168747,0.09020259976387024,0.10840268433094025,0.07085506618022919,0.08879972249269485,0.8200000000000001,0.0,600.5,1.0264211893081665,0.8766728639602661,41.16288757324219,55.82003402709961,30.576618194580078,110.9408187866211,39.49778747558594,25032.64453125,68974.5,15885.8486328125,38241.4453125,0.21916821599006653,0.027004269883036613,0.00872048456221819,0.004332415759563446,0.35978323221206665,283.51141357421875,0.9409961104393005,0.575923595499488,4686.91259765625,9.520969869795495,0.283765584230423,0.0006879916763864458,0.4437382637584862,0.45,0,0.7,1,1200
/home/iams/ramlab_ws/src/unitree_rl_mjlab/logs/rsl_rl/h1_2_velocity_a1_v2/2026-08-26_10-02-56_a1a_fullmirror_jacc1e-7_standing15_s42/model_10000.pt,td3,"['velocity', 'orientation', 'height']",8,42,0.08163522183895111,0.08952416479587555,0.11418376863002777,0.07086779922246933,0.08813562244176865,0.8200000000000001,0.0,600.5,1.0233051776885986,0.8736149668693542,40.78584289550781,55.05619812011719,30.508094787597656,109.25208282470703,39.2588996887207,24966.0859375,69019.5859375,15509.9267578125,37444.7578125,0.21840374171733856,0.02685128152370453,0.008833058178424835,0.0044018542394042015,0.3592720925807953,282.42633056640625,0.9418880343437195,0.573956199173272,4682.5537109375,9.516042036136694,0.28457844257354736,0.0007388144731521606,0.4432260857019189,0.45,0,0.7,2,1200
/home/iams/ramlab_ws/src/unitree_rl_mjlab/logs/rsl_rl/h1_2_velocity_a1_v2/2026-08-26_10-02-56_a1a_fullmirror_jacc1e-7_standing15_s42/model_10000.pt,td3,"['velocity', 'orientation', 'height']",8,42,0.08236265927553177,0.09115703403949738,0.11208813637495041,0.07178252935409546,0.08971691876649857,0.8200000000000001,0.0,600.5,1.029233694076538,0.8786396384239197,41.19871520996094,55.91536331176758,30.559160232543945,111.97264862060547,39.3261833190918,25164.24609375,69040.8515625,15955.37109375,37827.55859375,0.21965990960597992,0.029315665364265442,0.00886773131787777,0.004459270276129246,0.3590104579925537,285.26837158203125,0.9404557347297668,0.5772724178885987,4693.515625,9.497852430037652,0.28752371668815613,0.0007744382601231337,0.44284272740377684,0.45,0,0.7,3,1200
/home/iams/ramlab_ws/src/unitree_rl_mjlab/logs/rsl_rl/h1_2_velocity_a1_v2/2026-08-26_10-02-56_a1a_fullmirror_jacc1e-7_standing15_s42/model_10000.pt,td3,"['velocity', 'orientation', 'height']",8,42,0.08230225741863251,0.09039941430091858,0.11453482508659363,0.07158079743385315,0.08908363431692123,0.8200000000000001,0.0,600.5,1.0250190496444702,0.8744296431541443,40.98137283325195,55.32087707519531,30.629186630249023,104.64281463623047,39.306819915771484,24993.390625,68207.5,15676.57421875,37445.26171875,0.21860741078853607,0.028015905991196632,0.00855355802923441,0.004467747174203396,0.3592655062675476,282.2782897949219,0.9431705474853516,0.57257290333804,4657.82763671875,9.447931904803033,0.28997933864593506,0.0008606879273429513,0.4421416234887737,0.45,0,0.7,4,1200
/home/iams/ramlab_ws/src/unitree_rl_mjlab/logs/rsl_rl/h1_2_velocity_a1_v2/2026-08-26_10-02-56_a1a_fullmirror_jacc1e-7_standing15_s42/model_10000.pt,td3,"['velocity', 'orientation', 'height']",8,42,0.081708624958992,0.09024697542190552,0.11183112859725952,0.0709773451089859,0.08883959800004959,0.8200000000000001,0.0,600.5,1.0260727405548096,0.8773055076599121,41.05319595336914,55.55510330200195,30.576770782470703,108.51670837402344,39.066688537597656,25063.669921875,68378.4609375,15646.8525390625,37987.85546875,0.21932637691497803,0.02741788886487484,0.008853554725646973,0.004442064557224512,0.35945212841033936,284.8465881347656,0.940722644329071,0.5779003237102,4698.439453125,9.532252717291934,0.2858770191669464,0.0007929645362310112,0.44284272740377684,0.45,0,0.7,5,1200
/home/iams/ramlab_ws/src/unitree_rl_mjlab/logs/rsl_rl/h1_2_velocity_a1_v2/2026-08-26_10-02-56_a1a_fullmirror_jacc1e-7_standing15_s42/model_10000.pt,td3,"['velocity', 'orientation', 'height']",8,42,0.0834788903594017,0.09057647734880447,0.11447709053754807,0.07257569581270218,0.08914182335138321,0.8200000000000001,0.0,600.5,1.020175576210022,0.87020343542099,41.10084533691406,55.7548828125,30.50950813293457,108.33819580078125,39.17793655395508,24905.701171875,67479.6171875,15863.7900390625,37722.76953125,0.2175508588552475,0.025866582989692688,0.008641174994409084,0.0042714644223451614,0.3614438772201538,282.9114990234375,0.9447005391120911,0.5772286283915675,4671.1279296875,9.530572069541023,0.28637418150901794,0.0007838340825401247,0.4427150886294855,0.45,0,0.7,6,1200
/home/iams/ramlab_ws/src/unitree_rl_mjlab/logs/rsl_rl/h1_2_velocity_a1_v2/2026-08-26_10-02-56_a1a_fullmirror_jacc1e-7_standing15_s42/model_10000.pt,td3,"['velocity', 'orientation', 'height']",8,42,0.08211790770292282,0.09037359058856964,0.10849634557962418,0.07138380408287048,0.08903384953737259,0.8200000000000001,0.0,600.5,1.022835373878479,0.8766909837722778,40.428627014160156,54.64488983154297,30.170448303222656,113.00180053710938,38.75215148925781,25049.720703125,69218.34375,15384.01953125,36170.796875,0.21917274594306946,0.026769286021590233,0.009267118759453297,0.004329574294388294,0.35798028111457825,284.51019287109375,0.9392773509025574,0.5794249445579788,4714.2060546875,9.600810809584157,0.28202587366104126,0.0006465133046731353,0.4442516268980477,0.45,0,0.7,7,1200
/home/iams/ramlab_ws/src/unitree_rl_mjlab/logs/rsl_rl/h1_2_velocity_a1_v2/2026-08-26_10-02-56_a1a_fullmirror_jacc1e-7_standing15_s42/model_10000.pt,td3,"['velocity', 'orientation', 'height']",8,42,0.08483641594648361,0.0929023027420044,0.1199083998799324,0.07438880950212479,0.09101632982492447,0.68,0.0,600.5,1.0830339193344116,0.9028735756874084,42.28968048095703,56.02101516723633,32.53862762451172,112.98377990722656,40.92559051513672,25908.193359375,68324.5078125,16707.185546875,40147.296875,0.2257183939218521,0.02798016555607319,0.01119275577366352,0.004149904940277338,0.3831378221511841,299.8049011230469,0.9013281464576721,0.5848106381196354,4936.068359375,9.628478685171547,0.26862284541130066,0.0013034195872023702,0.4828670229487583,0.5,0,0.7,0,1200
/home/iams/ramlab_ws/src/unitree_rl_mjlab/logs/rsl_rl/h1_2_velocity_a1_v2/2026-08-26_10-02-56_a1a_fullmirror_jacc1e-7_standing15_s42/model_10000.pt,td3,"['velocity', 'orientation', 'height']",8,42,0.08560563623905182,0.09666083008050919,0.1119280755519867,0.07522948831319809,0.09486280381679535,0.68,0.0,600.5,1.0889617204666138,0.908125638961792,41.30929183959961,53.50533676147461,32.78258514404297,98.78392028808594,40.627132415771484,25618.205078125,66194.140625,15003.173828125,35197.31640625,0.227031409740448,0.02927938848733902,0.010983802378177643,0.004291342105716467,0.3862569034099579,301.4088134765625,0.9012956023216248,0.5847921678461682,4957.74560546875,9.618997442919826,0.2755105793476105,0.0015215346356853843,0.4833988985051141,0.5,0,0.7,1,1200
/home/iams/ramlab_ws/src/unitree_rl_mjlab/logs/rsl_rl/h1_2_velocity_a1_v2/2026-08-26_10-02-56_a1a_fullmirror_jacc1e-7_standing15_s42/model_10000.pt,td3,"['velocity', 'orientation', 'height']",8,42,0.08401326835155487,0.09205437451601028,0.12417557835578918,0.07369201630353928,0.09021434187889099,0.68,0.0,600.5,1.0901063680648804,0.9057733416557312,43.58086395263672,58.54300308227539,32.82427215576172,117.83907318115234,41.086891174316406,26361.814453125,69022.265625,18056.33203125,41078.3125,0.2264433354139328,0.029922587797045708,0.010861805640161037,0.004284597467631102,0.38499096035957336,300.3656311035156,0.90087890625,0.5810336271510848,4898.134765625,9.475055621386728,0.2766764163970947,0.0013901415513828397,0.47783481101259917,0.5,0,0.7,2,1200
/home/iams/ramlab_ws/src/unitree_rl_mjlab/logs/rsl_rl/h1_2_velocity_a1_v2/2026-08-26_10-02-56_a1a_fullmirror_jacc1e-7_standing15_s42/model_10000.pt,td3,"['velocity', 'orientation', 'height']",8,42,0.0845218226313591,0.09341438114643097,0.1166696697473526,0.07416900992393494,0.09151321649551392,0.68,0.0,600.5,1.096073865890503,0.9146226644515991,41.97186279296875,55.066009521484375,32.70705032348633,104.08403015136719,41.46836471557617,26082.12109375,66582.484375,15988.009765625,37291.70703125,0.22865566611289978,0.029825830832123756,0.011067487299442291,0.004229931626468897,0.38536354899406433,301.31109619140625,0.8983659148216248,0.5831827452874442,4936.59423828125,9.554698153043272,0.2786193788051605,0.0014520116383209825,0.48142924306535023,0.5,0,0.7,3,1200
/home/iams/ramlab_ws/src/unitree_rl_mjlab/logs/rsl_rl/h1_2_velocity_a1_v2/2026-08-26_10-02-56_a1a_fullmirror_jacc1e-7_standing15_s42/model_10000.pt,td3,"['velocity', 'orientation', 'height']",8,42,0.08480393141508102,0.09560339897871017,0.11876408755779266,0.07439170032739639,0.09396300464868546,0.68,0.0,600.5,1.0890628099441528,0.9067612886428833,43.30417251586914,57.947479248046875,32.813846588134766,116.11180114746094,40.865882873535156,26164.97265625,66677.9296875,17641.9453125,40981.21484375,0.22669032216072083,0.029627742245793343,0.010726891458034515,0.004182230215519667,0.3864276111125946,300.5319519042969,0.9029231667518616,0.5822078060277092,4914.37744140625,9.52041511203159,0.2719653248786926,0.0014828151324763894,0.47895229186155286,0.5,0,0.7,4,1200
/home/iams/ramlab_ws/src/unitree_rl_mjlab/logs/rsl_rl/h1_2_velocity_a1_v2/2026-08-26_10-02-56_a1a_fullmirror_jacc1e-7_standing15_s42/model_10000.pt,td3,"['velocity', 'orientation', 'height']",8,42,0.08463866263628006,0.09308431297540665,0.10305595397949219,0.07436984777450562,0.09108614176511765,0.68,0.0,600.5,1.0799459218978882,0.9037282466888428,40.33003234863281,51.979454040527344,32.219024658203125,97.13628387451172,40.42946243286133,25390.37109375,66487.3671875,14253.6943359375,33961.77734375,0.2259320616722107,0.02864123322069645,0.010725930333137512,0.004080114420503378,0.37667131423950195,296.5472412109375,0.9035025835037231,0.5755638104518745,4918.16357421875,9.545585920233421,0.2776830196380615,0.0015333640621975064,0.4863067911983536,0.5,0,0.7,5,1200
/home/iams/ramlab_ws/src/unitree_rl_mjlab/logs/rsl_rl/h1_2_velocity_a1_v2/2026-08-26_10-02-56_a1a_fullmirror_jacc1e-7_standing15_s42/model_10000.pt,td3,"['velocity', 'orientation', 'height']",8,42,0.0833706334233284,0.09589219093322754,0.11110832542181015,0.07321309298276901,0.09410126507282257,0.68,0.0,600.5,1.0952014923095703,0.9130403995513916,42.04607391357422,54.8866081237793,33.003299713134766,101.7239990234375,41.10954666137695,25898.62109375,68482.5234375,15772.375,38456.19140625,0.2282600998878479,0.030815215781331062,0.010992106981575489,0.0042968508787453175,0.38396674394607544,301.8346252441406,0.9013150930404663,0.582565609574982,4951.63623046875,9.557063734478856,0.27639561891555786,0.0012740986421704292,0.48195795418889237,0.5,0,0.7,6,1200
/home/iams/ramlab_ws/src/unitree_rl_mjlab/logs/rsl_rl/h1_2_velocity_a1_v2/2026-08-26_10-02-56_a1a_fullmirror_jacc1e-7_standing15_s42/model_10000.pt,td3,"['velocity', 'orientation', 'height']",8,42,0.0858985111117363,0.09365575015544891,0.11942265927791595,0.07548850029706955,0.09184792637825012,0.68,0.0,600.5,1.0912411212921143,0.9087350964546204,42.26215744018555,55.63798141479492,32.82683181762695,104.67338562011719,41.409664154052734,26023.947265625,67684.765625,16310.8759765625,37949.40234375,0.2271837741136551,0.027840303257107735,0.011204207316040993,0.004202820360660553,0.38746896386146545,301.2803649902344,0.8986132740974426,0.5855762763204532,4967.99853515625,9.655930791259697,0.2690719664096832,0.0017646908527240157,0.48127839573868086,0.5,0,0.7,7,1200
/home/iams/ramlab_ws/src/unitree_rl_mjlab/logs/rsl_rl/h1_2_velocity_a1_v2/2026-08-26_10-02-56_a1a_fullmirror_jacc1e-7_standing15_s42/model_10000.pt,td3,"['velocity', 'orientation', 'height']",8,42,0.1008468046784401,0.09968285262584686,0.16237156093120575,0.09236441552639008,0.09829365462064743,0.7000000000000001,5.208333459449932e-05,588.2704467773438,1.201636791229248,0.959165096282959,45.68769454956055,57.49298095703125,37.475704193115234,96.06306457519531,51.54716873168945,27674.732421875,69842.8828125,17289.720703125,38700.76171875,0.23979127407073975,0.03421971574425697,0.014539855532348156,0.005183751229196787,0.4448642432689667,339.0278625488281,0.8310742378234863,0.6194601475635445,5154.47607421875,9.41808216147366,0.30055567622184753,0.003834099741652608,0.49660523763336567,0.55,0,0.7,0,1200
/home/iams/ramlab_ws/src/unitree_rl_mjlab/logs/rsl_rl/h1_2_velocity_a1_v2/2026-08-26_10-02-56_a1a_fullmirror_jacc1e-7_standing15_s42/model_10000.pt,td3,"['velocity', 'orientation', 'height']",8,42,0.1002756729722023,0.09787420928478241,0.14651377499103546,0.09184391796588898,0.09529976546764374,0.7000000000000001,2.604166729724966e-05,594.26904296875,1.1976193189620972,0.9584059119224548,45.009700775146484,56.07292175292969,37.40791320800781,94.18638610839844,51.0782356262207,27555.708984375,69327.328125,16514.625,37079.37109375,0.2396014779806137,0.03225782886147499,0.01456367690116167,0.00506790354847908,0.4447196424007416,336.9699401855469,0.8302278518676758,0.61747215932085,5160.65185546875,9.456508155359685,0.2925085723400116,0.0035199085250496864,0.5022069641981364,0.55,0,0.7,1,1200
/home/iams/ramlab_ws/src/unitree_rl_mjlab/logs/rsl_rl/h1_2_velocity_a1_v2/2026-08-26_10-02-56_a1a_fullmirror_jacc1e-7_standing15_s42/model_10000.pt,td3,"['velocity', 'orientation', 'height']",8,42,0.1016635000705719,0.09426039457321167,0.15939435362815857,0.09343553334474564,0.09195167571306229,0.7000000000000001,0.0,600.5,1.206926941871643,0.9663178324699402,45.88737106323242,58.16740417480469,37.209224700927734,97.84172821044922,51.89229965209961,28104.8359375,70252.3828125,17623.3203125,38512.05078125,0.24157945811748505,0.035465314984321594,0.014212079346179962,0.005230403039604425,0.4463770091533661,337.2522888183594,0.8283138275146484,0.6117315782495952,5092.623046875,9.23735119428304,0.30331748723983765,0.0024844170548021793,0.4996746909564086,0.55,0,0.7,2,1200
/home/iams/ramlab_ws/src/unitree_rl_mjlab/logs/rsl_rl/h1_2_velocity_a1_v2/2026-08-26_10-02-56_a1a_fullmirror_jacc1e-7_standing15_s42/model_10000.pt,td3,"['velocity', 'orientation', 'height']",8,42,0.1016751155257225,0.09501644223928452,0.14684619009494781,0.09340568631887436,0.09248866885900497,0.7000000000000001,1.302083364862483e-05,596.8809204101562,1.1955457925796509,0.9587984681129456,45.05268096923828,56.705482482910156,36.92998504638672,98.13109588623047,50.04011154174805,27648.86328125,69319.296875,16880.763671875,38750.89453125,0.2396996170282364,0.033761877566576004,0.014215116389095783,0.0051713366992771626,0.4403104782104492,333.8381652832031,0.8327669501304626,0.6097218479964658,5111.4306640625,9.335514860070647,0.2931743860244751,0.003329451894387603,0.49934980494148246,0.55,0,0.7,3,1200
/home/iams/ramlab_ws/src/unitree_rl_mjlab/logs/rsl_rl/h1_2_velocity_a1_v2/2026-08-26_10-02-56_a1a_fullmirror_jacc1e-7_standing15_s42/model_10000.pt,td3,"['velocity', 'orientation', 'height']",8,42,0.09819594770669937,0.0944254919886589,0.1473255753517151,0.08962372690439224,0.09156465530395508,0.7000000000000001,0.0,600.5,1.1890496015548706,0.9547553658485413,44.587860107421875,56.092689514160156,36.56768035888672,97.7522964477539,50.04739761352539,27474.5078125,69389.0859375,16663.5234375,38302.90234375,0.23868884146213531,0.0335274375975132,0.014015418477356434,0.004971656948328018,0.43664491176605225,330.5057678222656,0.8344140648841858,0.6057023595271956,5089.90380859375,9.328027807721663,0.2906295657157898,0.0022580332588404417,0.5038543546006232,0.55,0,0.7,4,1200
/home/iams/ramlab_ws/src/unitree_rl_mjlab/logs/rsl_rl/h1_2_velocity_a1_v2/2026-08-26_10-02-56_a1a_fullmirror_jacc1e-7_standing15_s42/model_10000.pt,td3,"['velocity', 'orientation', 'height']",8,42,0.09774033725261688,0.09508028626441956,0.14874263107776642,0.08905468881130219,0.09271382540464401,0.7000000000000001,0.0,600.5,1.1898754835128784,0.9546594023704529,44.95885467529297,56.73128128051758,36.740901947021484,97.85616302490234,49.90507125854492,27445.669921875,68348.8671875,17054.37109375,39844.890625,0.23866485059261322,0.033306799829006195,0.013859775848686695,0.00494728796184063,0.4366576075553894,331.1455078125,0.8338086009025574,0.6085963024979735,5108.3955078125,9.388472929416103,0.29153862595558167,0.0027261278592050076,0.5004887585532747,0.55,0,0.7,5,1200
/home/iams/ramlab_ws/src/unitree_rl_mjlab/logs/rsl_rl/h1_2_velocity_a1_v2/2026-08-26_10-02-56_a1a_fullmirror_jacc1e-7_standing15_s42/model_10000.pt,td3,"['velocity', 'orientation', 'height']",8,42,0.1012808308005333,0.09685782343149185,0.1597432643175125,0.09326610714197159,0.09496214985847473,0.7000000000000001,2.604166729724966e-05,596.411865234375,1.20652174949646,0.9643208384513855,45.776100158691406,57.769309997558594,37.39344024658203,97.05338287353516,51.67082977294922,27898.453125,69114.3125,17464.458984375,38574.1640625,0.24108020961284637,0.03417294844985008,0.014889472164213657,0.005365684628486633,0.44765689969062805,339.5348815917969,0.8267317414283752,0.6195229793785417,5168.3876953125,9.43035696517326,0.29551801085472107,0.004483378026634455,0.49894429105083643,0.55,0,0.7,6,1200
/home/iams/ramlab_ws/src/unitree_rl_mjlab/logs/rsl_rl/h1_2_velocity_a1_v2/2026-08-26_10-02-56_a1a_fullmirror_jacc1e-7_standing15_s42/model_10000.pt,td3,"['velocity', 'orientation', 'height']",8,42,0.10080457478761673,0.09742552042007446,0.1555091291666031,0.09275426715612411,0.09510472416877747,0.7000000000000001,2.604166729724966e-05,594.7576293945312,1.208511233329773,0.9666812419891357,46.164085388183594,58.47737121582031,37.504966735839844,96.99784088134766,51.03074645996094,27987.72265625,69160.8671875,17848.748046875,40869.4453125,0.24167031049728394,0.035170912742614746,0.01457310188561678,0.005312248598784208,0.4468563199043274,341.2698974609375,0.8272070288658142,0.6220900079892185,5164.4775390625,9.41415988677422,0.2989557981491089,0.003913875203579664,0.49389067524115754,0.55,0,0.7,7,1200
/home/iams/ramlab_ws/src/unitree_rl_mjlab/logs/rsl_rl/h1_2_velocity_a1_v2/2026-08-26_10-02-56_a1a_fullmirror_jacc1e-7_standing15_s42/model_10000.pt,td3,"['velocity', 'orientation', 'height']",8,42,0.11685376614332199,0.10995195806026459,0.23149266839027405,0.10967740416526794,0.10779580473899841,0.72,0.0001432291610399261,577.8997802734375,1.2660661935806274,0.9670491814613342,50.03413391113281,61.16718673706055,42.46768569946289,94.3349609375,57.07374572753906,27357.27734375,60388.05078125,19311.46875,39132.4765625,0.24176229536533356,0.04049486294388771,0.01951448805630207,0.00697685731574893,0.5022197365760803,378.9172058105469,0.7562304735183716,0.671378906634813,5459.80810546875,9.673882577503665,0.3268803358078003,0.009244684129953384,0.4994309868314095,0.6,0,0.7,0,1200
/home/iams/ramlab_ws/src/unitree_rl_mjlab/logs/rsl_rl/h1_2_velocity_a1_v2/2026-08-26_10-02-56_a1a_fullmirror_jacc1e-7_standing15_s42/model_10000.pt,td3,"['velocity', 'orientation', 'height']",8,42,0.12193933874368668,0.11838876456022263,0.2555202543735504,0.11490388959646225,0.11857576668262482,0.72,0.0002604166802484542,562.732421875,1.2838413715362549,0.9735541939735413,51.34815216064453,62.637550354003906,43.7154541015625,92.1783218383789,57.3680419921875,27585.73828125,59449.03125,19842.884765625,37941.8671875,0.24338854849338531,0.04331297054886818,0.020282035693526268,0.00764009403064847,0.511508047580719,398.5025329589844,0.7465494871139526,0.7024655263878239,5624.173828125,9.914087388423493,0.34597986936569214,0.0153893968090415,0.4872323552735924,0.6,0,0.7,1,1200
/home/iams/ramlab_ws/src/unitree_rl_mjlab/logs/rsl_rl/h1_2_velocity_a1_v2/2026-08-26_10-02-56_a1a_fullmirror_jacc1e-7_standing15_s42/model_10000.pt,td3,"['velocity', 'orientation', 'height']",8,42,0.1250152289867401,0.12579406797885895,0.2922351360321045,0.11952049285173416,0.12673920392990112,0.72,0.0003645833348855376,542.2955322265625,1.3110095262527466,0.9877070188522339,54.43618392944336,67.86933135986328,45.11461639404297,98.4572525024414,58.31352615356445,28603.67578125,59515.0625,22668.89453125,39775.9296875,0.24692675471305847,0.04595222324132919,0.021590957418084145,0.008360862731933594,0.5251463651657104,420.28790283203125,0.7398176789283752,0.7390812430608154,5778.56103515625,10.161667135754772,0.3654486835002899,0.018137479200959206,0.4767225325884544,0.6,0,0.7,2,1200
/home/iams/ramlab_ws/src/unitree_rl_mjlab/logs/rsl_rl/h1_2_velocity_a1_v2/2026-08-26_10-02-56_a1a_fullmirror_jacc1e-7_standing15_s42/model_10000.pt,td3,"['velocity', 'orientation', 'height']",8,42,0.11613833159208298,0.10995949059724808,0.2372298389673233,0.10923134535551071,0.10897237807512283,0.72,0.00015624999650754035,579.1361694335938,1.2657036781311035,0.9682750701904297,49.52178192138672,60.19168472290039,42.33040237426758,91.000732421875,56.986778259277344,27208.056640625,58760.83984375,18700.7421875,37975.23046875,0.24206876754760742,0.040850475430488586,0.01922382228076458,0.007249897345900536,0.5004291534423828,379.3096618652344,0.7564713358879089,0.6722494804871367,5471.8076171875,9.697668469027363,0.3302575349807739,0.009445155039429665,0.49580374435119434,0.6,0,0.7,3,1200
/home/iams/ramlab_ws/src/unitree_rl_mjlab/logs/rsl_rl/h1_2_velocity_a1_v2/2026-08-26_10-02-56_a1a_fullmirror_jacc1e-7_standing15_s42/model_10000.pt,td3,"['velocity', 'orientation', 'height']",8,42,0.12206777930259705,0.11281027644872665,0.23578643798828125,0.11509926617145538,0.1121387779712677,0.72,0.00016927083197515458,579.52490234375,1.2848140001296997,0.9796018600463867,50.86410903930664,61.89728546142578,43.42245101928711,91.09119415283203,57.480281829833984,27513.630859375,56943.84375,19235.9140625,38480.2890625,0.24490046501159668,0.04159309342503548,0.020010411739349365,0.007472165394574404,0.5101726055145264,392.6269226074219,0.7507877349853516,0.6877082276021976,5593.33642578125,9.797045708049067,0.33632105588912964,0.011603644117712975,0.49886326729457614,0.6,0,0.7,4,1200
/home/iams/ramlab_ws/src/unitree_rl_mjlab/logs/rsl_rl/h1_2_velocity_a1_v2/2026-08-26_10-02-56_a1a_fullmirror_jacc1e-7_standing15_s42/model_10000.pt,td3,"['velocity', 'orientation', 'height']",8,42,0.12467493861913681,0.11315962672233582,0.25768083333969116,0.1173153668642044,0.1121058240532875,0.72,0.0001302083401242271,578.5865478515625,1.2892801761627197,0.9834679961204529,51.431705474853516,63.06856155395508,43.453128814697266,90.6043701171875,57.96582794189453,27653.984375,58031.40625,19872.279296875,39170.6171875,0.24586699903011322,0.04435068741440773,0.019761500880122185,0.007755073718726635,0.5132369995117188,394.80853271484375,0.73946613073349,0.6857274742050254,5609.7998046875,9.743442292730402,0.35313814878463745,0.008925069123506546,0.48839427662957074,0.6,0,0.7,5,1200
/home/iams/ramlab_ws/src/unitree_rl_mjlab/logs/rsl_rl/h1_2_velocity_a1_v2/2026-08-26_10-02-56_a1a_fullmirror_jacc1e-7_standing15_s42/model_10000.pt,td3,"['velocity', 'orientation', 'height']",8,42,0.11312137544155121,0.10577752441167831,0.2274087816476822,0.10666202753782272,0.10556899756193161,0.72,6.510417006211355e-05,587.1447143554688,1.2609480619430542,0.9655484557151794,49.70461654663086,60.95186233520508,42.04047775268555,91.7826156616211,56.25398254394531,27028.884765625,59601.640625,19340.341796875,39316.1484375,0.24138711392879486,0.03851717337965965,0.01878286339342594,0.006711720023304224,0.4990173876285553,374.7604675292969,0.7576302289962769,0.6649339031809421,5435.5126953125,9.64417737309062,0.3164984881877899,0.008659575134515762,0.5051800690675876,0.6,0,0.7,6,1200
/home/iams/ramlab_ws/src/unitree_rl_mjlab/logs/rsl_rl/h1_2_velocity_a1_v2/2026-08-26_10-02-56_a1a_fullmirror_jacc1e-7_standing15_s42/model_10000.pt,td3,"['velocity', 'orientation', 'height']",8,42,0.11909090727567673,0.1200762540102005,0.24879927933216095,0.11375937610864639,0.12149755656719208,0.72,0.0002864583220798522,555.2010498046875,1.2774367332458496,0.9666702151298523,51.59480285644531,63.59086608886719,43.40891647338867,95.66069793701172,57.669593811035156,27709.8515625,59288.25390625,20681.0390625,39450.5703125,0.24166755378246307,0.042718999087810516,0.020979367196559906,0.00782969780266285,0.507082998752594,390.205322265625,0.7490755319595337,0.6953703051657958,5578.30078125,9.940881606095308,0.3451872169971466,0.01741691678762436,0.48515476942514213,0.6,0,0.7,7,1200
/home/iams/ramlab_ws/src/unitree_rl_mjlab/logs/rsl_rl/h1_2_velocity_a1_v2/2026-08-26_10-02-56_a1a_fullmirror_jacc1e-7_standing15_s42/model_10000.pt,td3,"['velocity', 'orientation', 'height']",8,42,0.1411871463060379,0.18587805330753326,0.3561253547668457,0.14027877151966095,0.21001005172729492,0.56,0.00037760415580123663,548.802734375,1.3824471235275269,0.9960452914237976,61.16102981567383,72.31697082519531,54.054527282714844,101.80377197265625,71.92328643798828,27450.361328125,56444.23046875,23902.708984375,40606.59375,0.2490113228559494,0.05670241639018059,0.027226582169532776,0.011599482968449593,0.6047915816307068,485.4922790527344,0.6639843583106995,0.8164623569393433,6318.16552734375,10.625388124677144,0.44835856556892395,0.0241736751049757,0.4692225446769513,0.65,0,0.7,0,1200
/home/iams/ramlab_ws/src/unitree_rl_mjlab/logs/rsl_rl/h1_2_velocity_a1_v2/2026-08-26_10-02-56_a1a_fullmirror_jacc1e-7_standing15_s42/model_10000.pt,td3,"['velocity', 'orientation', 'height']",8,42,0.13544847071170807,0.17369802296161652,0.32233908772468567,0.13320599496364594,0.19420099258422852,0.56,0.0003124999930150807,553.5921020507812,1.360842227935791,0.9863634705543518,58.591007232666016,68.514892578125,52.416404724121094,98.55679321289062,69.82029724121094,26979.798828125,55448.02734375,22264.55078125,39339.6640625,0.24659086763858795,0.053626544773578644,0.026280133053660393,0.0106651047244668,0.5908839702606201,468.4203186035156,0.6757747530937195,0.7970177149673887,6174.154296875,10.50533179311445,0.42751389741897583,0.022302303463220596,0.4797751054193347,0.65,0,0.7,1,1200
/home/iams/ramlab_ws/src/unitree_rl_mjlab/logs/rsl_rl/h1_2_velocity_a1_v2/2026-08-26_10-02-56_a1a_fullmirror_jacc1e-7_standing15_s42/model_10000.pt,td3,"['velocity', 'orientation', 'height']",8,42,0.1336212307214737,0.15889820456504822,0.33996134996414185,0.1307905614376068,0.1713113784790039,0.58,0.0002734375011641532,552.996826171875,1.3522757291793823,0.9796727895736694,59.4560661315918,70.6733627319336,52.20954895019531,102.3475341796875,71.04386901855469,26956.390625,56273.17578125,23560.826171875,40918.9453125,0.24491819739341736,0.051396798342466354,0.026837438344955444,0.010060849599540234,0.5943255424499512,467.9689636230469,0.6760221123695374,0.8028032995583323,6161.669921875,10.570377546092468,0.4170655906200409,0.016964688897132874,0.47992501171691926,0.65,0,0.7,2,1200
/home/iams/ramlab_ws/src/unitree_rl_mjlab/logs/rsl_rl/h1_2_velocity_a1_v2/2026-08-26_10-02-56_a1a_fullmirror_jacc1e-7_standing15_s42/model_10000.pt,td3,"['velocity', 'orientation', 'height']",8,42,0.13524991273880005,0.16153885424137115,0.29002922773361206,0.13217535614967346,0.18041706085205078,0.56,0.0001302083401242271,581.3493041992188,1.3272053003311157,0.9703918695449829,54.99673843383789,62.35561752319336,50.80104064941406,91.30021667480469,69.95488739013672,25648.638671875,54917.9375,18689.0859375,37351.13671875,0.24259796738624573,0.050763700157403946,0.0246210228651762,0.009972736239433289,0.5822121500968933,448.3240661621094,0.6813997626304626,0.7569233359224213,6028.109375,10.177495893711288,0.4125722646713257,0.010818102397024632,0.5072655217965654,0.65,0,0.7,3,1200
/home/iams/ramlab_ws/src/unitree_rl_mjlab/logs/rsl_rl/h1_2_velocity_a1_v2/2026-08-26_10-02-56_a1a_fullmirror_jacc1e-7_standing15_s42/model_10000.pt,td3,"['velocity', 'orientation', 'height']",8,42,0.1446366161108017,0.16648761928081512,0.34537598490715027,0.14365680515766144,0.1817958950996399,0.56,0.0003645833348855376,549.02490234375,1.3825711011886597,0.9972600936889648,60.36311721801758,71.26161193847656,53.39845275878906,99.15542602539062,70.6407699584961,27642.232421875,55537.31640625,23430.71875,41103.07421875,0.2493150234222412,0.055492959916591644,0.027923816815018654,0.011445983313024044,0.6073280572891235,489.4415588378906,0.6703515648841858,0.8270836185332483,6361.609375,10.75017481449393,0.43858811259269714,0.02460465393960476,0.46972477064220186,0.65,0,0.7,4,1200
/home/iams/ramlab_ws/src/unitree_rl_mjlab/logs/rsl_rl/h1_2_velocity_a1_v2/2026-08-26_10-02-56_a1a_fullmirror_jacc1e-7_standing15_s42/model_10000.pt,td3,"['velocity', 'orientation', 'height']",8,42,0.12840373814105988,0.15976552665233612,0.3134593665599823,0.1247633546590805,0.1723836362361908,0.56,7.812499825377017e-05,586.4170532226562,1.3246772289276123,0.9683272838592529,56.55024719238281,66.01862335205078,50.63774871826172,96.51799011230469,69.30756378173828,25865.04296875,54019.609375,21143.43359375,39035.69140625,0.24208182096481323,0.04908137768507004,0.024719296023249626,0.009564760141074657,0.5809735059738159,445.7881164550781,0.6814844012260437,0.7628724132360735,6025.228515625,10.310907450540567,0.39723530411720276,0.011261066421866417,0.4933354745463305,0.65,0,0.7,5,1200
/home/iams/ramlab_ws/src/unitree_rl_mjlab/logs/rsl_rl/h1_2_velocity_a1_v2/2026-08-26_10-02-56_a1a_fullmirror_jacc1e-7_standing15_s42/model_10000.pt,td3,"['velocity', 'orientation', 'height']",8,42,0.13590964674949646,0.16105389595031738,0.3408139646053314,0.13319168984889984,0.17625810205936432,0.56,0.00011718749738065526,575.4403686523438,1.3403302431106567,0.973541259765625,59.36689376831055,71.00037384033203,51.757057189941406,101.50341796875,71.11882019042969,26500.017578125,54398.92578125,23718.341796875,40655.078125,0.24338531494140625,0.051705531775951385,0.02576366811990738,0.010278075933456421,0.5926553606987,465.9830627441406,0.6700846552848816,0.7897252057850086,6138.984375,10.404048338213991,0.4172919690608978,0.01453506201505661,0.4731977818853974,0.65,0,0.7,6,1200
/home/iams/ramlab_ws/src/unitree_rl_mjlab/logs/rsl_rl/h1_2_velocity_a1_v2/2026-08-26_10-02-56_a1a_fullmirror_jacc1e-7_standing15_s42/model_10000.pt,td3,"['velocity', 'orientation', 'height']",8,42,0.13608427345752716,0.16335339844226837,0.33007505536079407,0.13423380255699158,0.18111789226531982,0.56,0.0001432291610399261,569.939453125,1.3422093391418457,0.9775943160057068,58.05866622924805,68.28450775146484,51.58390808105469,98.38160705566406,69.8019790649414,26415.62890625,54899.51953125,21957.322265625,40029.99609375,0.2443985790014267,0.05244704708456993,0.024950694292783737,0.01021818071603775,0.5883347392082214,458.8074951171875,0.6756119728088379,0.7735244888740022,6100.49609375,10.28510405512755,0.4197017252445221,0.014763712882995605,0.48454258675078865,0.65,0,0.7,7,1200
/home/iams/ramlab_ws/src/unitree_rl_mjlab/logs/rsl_rl/h1_2_velocity_a1_v2/2026-08-26_10-02-56_a1a_fullmirror_jacc1e-7_standing15_s42/model_10000.pt,td3,"['velocity', 'orientation', 'height']",8,42,0.1375415027141571,0.24204310774803162,0.31747138500213623,0.13042663037776947,0.2509460151195526,0.56,0.0002604166802484542,560.7086181640625,1.4020272493362427,0.9985927939414978,62.159400939941406,70.8681869506836,57.19566345214844,98.99647521972656,77.65943145751953,25646.12109375,47839.390625,22836.654296875,42298.234375,0.24964819848537445,0.060166556388139725,0.029352448880672455,0.012203192338347435,0.6204249858856201,514.3054809570312,0.6071028709411621,0.8522499501643622,6551.85791015625,10.85701199541241,0.4779301881790161,0.017386147752404213,0.4822605965463108,0.7,0,0.7,0,1200
/home/iams/ramlab_ws/src/unitree_rl_mjlab/logs/rsl_rl/h1_2_velocity_a1_v2/2026-08-26_10-02-56_a1a_fullmirror_jacc1e-7_standing15_s42/model_10000.pt,td3,"['velocity', 'orientation', 'height']",8,42,0.14673149585723877,0.2404002696275711,0.34464356303215027,0.13844230771064758,0.24842828512191772,0.58,0.00024739583022892475,560.8505859375,1.410585641860962,1.0034112930297852,63.97877502441406,74.32402038574219,57.70331954956055,102.14393615722656,77.00445556640625,26079.8359375,50186.93359375,24584.86328125,42258.7109375,0.2508528232574463,0.061385784298181534,0.029952161014080048,0.012312897481024265,0.6243435740470886,520.4515380859375,0.6032031178474426,0.8603537283694165,6612.021484375,10.930272638493062,0.4875091016292572,0.022138401865959167,0.471527244819647,0.7,0,0.7,1,1200
/home/iams/ramlab_ws/src/unitree_rl_mjlab/logs/rsl_rl/h1_2_velocity_a1_v2/2026-08-26_10-02-56_a1a_fullmirror_jacc1e-7_standing15_s42/model_10000.pt,td3,"['velocity', 'orientation', 'height']",8,42,0.14387404918670654,0.23680837452411652,0.3361285626888275,0.1370471566915512,0.2453312873840332,0.58,0.00023437499476131052,557.838134765625,1.4039582014083862,0.9971914887428284,62.9995231628418,72.57460021972656,57.305450439453125,98.75625610351562,76.08055877685547,25907.8203125,49080.0546875,23568.732421875,40497.5859375,0.2492978721857071,0.06077592819929123,0.030149346217513084,0.012315327301621437,0.6251310706138611,518.0590209960938,0.5997461080551147,0.8539413991881987,6592.69677734375,10.86705636706057,0.48192763328552246,0.022814160212874413,0.4779835070795083,0.7,0,0.7,2,1200
/home/iams/ramlab_ws/src/unitree_rl_mjlab/logs/rsl_rl/h1_2_velocity_a1_v2/2026-08-26_10-02-56_a1a_fullmirror_jacc1e-7_standing15_s42/model_10000.pt,td3,"['velocity', 'orientation', 'height']",8,42,0.13772977888584137,0.2304053008556366,0.32728710770606995,0.1303250938653946,0.24035823345184326,0.58,0.0002864583220798522,551.90283203125,1.39365553855896,0.9918782114982605,62.196529388427734,71.68228149414062,56.51808547973633,97.62385559082031,73.9268569946289,25837.69921875,50965.7890625,23415.248046875,39760.7109375,0.24796955287456512,0.059193205088377,0.029479147866368294,0.011704948730766773,0.6217067241668701,509.63818359375,0.6081640720367432,0.8496053949185819,6508.921875,10.850864978502969,0.4708516001701355,0.017946675419807434,0.4838557253110726,0.7,0,0.7,3,1200
/home/iams/ramlab_ws/src/unitree_rl_mjlab/logs/rsl_rl/h1_2_velocity_a1_v2/2026-08-26_10-02-56_a1a_fullmirror_jacc1e-7_standing15_s42/model_10000.pt,td3,"['velocity', 'orientation', 'height']",8,42,0.14011715352535248,0.248522087931633,0.3192255198955536,0.1327580362558365,0.2618054449558258,0.58,0.00016927083197515458,570.5352172851562,1.395362377166748,0.9960703253746033,61.60174560546875,69.89192962646484,56.9449348449707,96.94354248046875,77.42231750488281,25271.79296875,46908.8359375,22141.8671875,40409.33984375,0.24901758134365082,0.05947817489504814,0.029149938374757767,0.011806493625044823,0.6178552508354187,511.4315185546875,0.6043945550918579,0.8441707947531863,6556.896484375,10.822837518251353,0.47613316774368286,0.01994781196117401,0.48886059834500317,0.7,0,0.7,4,1200
/home/iams/ramlab_ws/src/unitree_rl_mjlab/logs/rsl_rl/h1_2_velocity_a1_v2/2026-08-26_10-02-56_a1a_fullmirror_jacc1e-7_standing15_s42/model_10000.pt,td3,"['velocity', 'orientation', 'height']",8,42,0.15797927975654602,0.2617165446281433,0.36690327525138855,0.15045949816703796,0.2701844274997711,0.56,0.0005468750023283064,523.9365844726562,1.4499948024749756,1.0220063924789429,66.67092895507812,78.2251205444336,59.50355529785156,105.4950180053711,78.98870849609375,27328.6796875,50322.796875,26451.677734375,42743.65234375,0.2555015981197357,0.0679476335644722,0.032078832387924194,0.01373677421361208,0.6347874402999878,541.4625244140625,0.5938671827316284,0.8879130427095285,6765.27587890625,11.09398396009269,0.5205575823783875,0.037314195185899734,0.44997802841658124,0.7,0,0.7,5,1200
/home/iams/ramlab_ws/src/unitree_rl_mjlab/logs/rsl_rl/h1_2_velocity_a1_v2/2026-08-26_10-02-56_a1a_fullmirror_jacc1e-7_standing15_s42/model_10000.pt,td3,"['velocity', 'orientation', 'height']",8,42,0.15170936286449432,0.25257521867752075,0.3430844247341156,0.14132283627986908,0.2615267038345337,0.56,0.0003906250058207661,551.5308837890625,1.4409406185150146,1.0214624404907227,65.0837173461914,75.1814193725586,59.075782775878906,102.69684600830078,78.59004211425781,26730.091796875,48683.32421875,24641.662109375,42582.7265625,0.25536561012268066,0.06412293761968613,0.03124402090907097,0.012917639687657356,0.632988452911377,538.5810546875,0.5925976634025574,0.8779277531234317,6741.646484375,10.989393344034161,0.5071055889129639,0.022451631724834442,0.4659487335052328,0.7,0,0.7,6,1200
/home/iams/ramlab_ws/src/unitree_rl_mjlab/logs/rsl_rl/h1_2_velocity_a1_v2/2026-08-26_10-02-56_a1a_fullmirror_jacc1e-7_standing15_s42/model_10000.pt,td3,"['velocity', 'orientation', 'height']",8,42,0.15985971689224243,0.2647714614868164,0.37767893075942993,0.15006160736083984,0.27046939730644226,0.56,0.0005729166441597044,524.603515625,1.4572314023971558,1.0268149375915527,67.41107940673828,79.56334686279297,59.811580657958984,107.71044921875,79.47008514404297,27416.91796875,49927.828125,27120.025390625,45317.7421875,0.2567037343978882,0.06944209337234497,0.03254566341638565,0.01409180462360382,0.635554850101471,544.037109375,0.589856743812561,0.8842447629599128,6795.17529296875,11.044465586955846,0.5338910818099976,0.032442957162857056,0.45163187297853574,0.7,0,0.7,7,1200
/home/iams/ramlab_ws/src/unitree_rl_mjlab/logs/rsl_rl/h1_2_velocity_a1_v2/2026-08-26_10-02-56_a1a_fullmirror_jacc1e-7_standing15_s42/model_10000.pt,td3,"['velocity', 'orientation', 'height']",8,42,0.083167165517807,0.08073394745588303,0.10030773282051086,0.07185720652341843,0.07985454052686691,0.76,0.0,600.5,1.0146132707595825,0.8926210999488831,40.5846061706543,57.16059112548828,28.32940673828125,104.19136810302734,35.61397171020508,25163.97265625,63119.296875,16573.25390625,37704.25390625,0.22315527498722076,0.029757849872112274,0.009886818006634712,0.004978572018444538,0.351285845041275,275.52947998046875,0.9744986891746521,0.5777260732285019,4728.44580078125,9.914534378210574,0.28442540764808655,0.0006219030474312603,0.3932915119702983,0.4,4,0.7,0,1200
/home/iams/ramlab_ws/src/unitree_rl_mjlab/logs/rsl_rl/h1_2_velocity_a1_v2/2026-08-26_10-02-56_a1a_fullmirror_jacc1e-7_standing15_s42/model_10000.pt,td3,"['velocity', 'orientation', 'height']",8,42,0.08394622057676315,0.08076559752225876,0.09880414605140686,0.07242516428232193,0.0798356756567955,0.76,0.0,600.5,1.0087323188781738,0.8830434083938599,41.5607795715332,58.63555908203125,28.96452522277832,109.75338745117188,36.80561447143555,24996.443359375,67570.1484375,17334.439453125,37805.87109375,0.22076085209846497,0.025662096217274666,0.009468271397054195,0.004826975055038929,0.3585011661052704,273.7784423828125,0.9757487177848816,0.5785175755823929,4690.82080078125,9.912111461039864,0.28086480498313904,0.0005998383276164532,0.3932411674347158,0.4,4,0.7,1,1200
/home/iams/ramlab_ws/src/unitree_rl_mjlab/logs/rsl_rl/h1_2_velocity_a1_v2/2026-08-26_10-02-56_a1a_fullmirror_jacc1e-7_standing15_s42/model_10000.pt,td3,"['velocity', 'orientation', 'height']",8,42,0.08439009636640549,0.08028709143400192,0.09537815302610397,0.07297606021165848,0.07920222729444504,0.76,0.0,600.5,1.014586091041565,0.8847407102584839,42.062049865722656,59.38337707519531,29.316312789916992,111.70452880859375,37.20891189575195,25122.13671875,68363.6171875,17923.12890625,42050.6484375,0.22118517756462097,0.027978384867310524,0.009612816385924816,0.005026925355195999,0.35916638374328613,275.950439453125,0.9713150858879089,0.5810809594605933,4678.28271484375,9.851264508529935,0.28107938170433044,0.0006380446720868349,0.39369473279507883,0.4,4,0.7,2,1200
/home/iams/ramlab_ws/src/unitree_rl_mjlab/logs/rsl_rl/h1_2_velocity_a1_v2/2026-08-26_10-02-56_a1a_fullmirror_jacc1e-7_standing15_s42/model_10000.pt,td3,"['velocity', 'orientation', 'height']",8,42,0.08425357937812805,0.07965956628322601,0.09404594451189041,0.0726134404540062,0.07871845364570618,0.76,0.0,600.5,1.0095208883285522,0.8851614594459534,41.05485916137695,57.894161224365234,28.618867874145508,103.01921844482422,36.177345275878906,24820.021484375,64958.7109375,17037.203125,38440.8125,0.22129036486148834,0.02720986306667328,0.009867759421467781,0.004858251195400953,0.3566031754016876,273.19384765625,0.9719661474227905,0.5773153191314869,4704.90234375,9.942436746972758,0.2786092758178711,0.0007406409713439643,0.3936442849820605,0.4,4,0.7,3,1200
/home/iams/ramlab_ws/src/unitree_rl_mjlab/logs/rsl_rl/h1_2_velocity_a1_v2/2026-08-26_10-02-56_a1a_fullmirror_jacc1e-7_standing15_s42/model_10000.pt,td3,"['velocity', 'orientation', 'height']",8,42,0.0861063301563263,0.0808035209774971,0.09786488115787506,0.07440876215696335,0.07975988835096359,0.76,0.0,600.5,1.0105040073394775,0.8835476636886597,41.66804885864258,58.891326904296875,28.947303771972656,110.91993713378906,36.41904067993164,25028.658203125,69751.3046875,17647.6796875,39456.69921875,0.22088691592216492,0.025188226252794266,0.00958328042179346,0.004875024314969778,0.36218616366386414,274.6242980957031,0.9723176956176758,0.5815302734885788,4685.85888671875,9.922532459860323,0.277829647064209,0.0006812479114159942,0.39359385009609227,0.4,4,0.7,4,1200
/home/iams/ramlab_ws/src/unitree_rl_mjlab/logs/rsl_rl/h1_2_velocity_a1_v2/2026-08-26_10-02-56_a1a_fullmirror_jacc1e-7_standing15_s42/model_10000.pt,td3,"['velocity', 'orientation', 'height']",8,42,0.08435619622468948,0.08043233305215836,0.09912170469760895,0.07268896698951721,0.07948041707277298,0.76,0.0,600.5,1.0076476335525513,0.8820014595985413,40.86052703857422,57.351173400878906,28.728666305541992,104.07013702392578,36.06153869628906,24840.43359375,68010.078125,16681.705078125,38467.88671875,0.22050036489963531,0.025233352556824684,0.009603090584278107,0.00479169050231576,0.3595219850540161,272.7057800292969,0.9723307490348816,0.5766931733645336,4694.24951171875,9.926969067127034,0.2816723585128784,0.0006204585661180317,0.3932915119702983,0.4,4,0.7,5,1200
/home/iams/ramlab_ws/src/unitree_rl_mjlab/logs/rsl_rl/h1_2_velocity_a1_v2/2026-08-26_10-02-56_a1a_fullmirror_jacc1e-7_standing15_s42/model_10000.pt,td3,"['velocity', 'orientation', 'height']",8,42,0.08653180301189423,0.08032948523759842,0.10241373628377914,0.07477985322475433,0.0791565552353859,0.78,0.0,600.5,1.0053348541259766,0.8788443207740784,41.3619499206543,58.1087646484375,29.03011131286621,111.28927612304688,36.55665969848633,24818.595703125,69011.796875,17162.818359375,41331.828125,0.2197110801935196,0.024785850197076797,0.009565680287778378,0.0047328476794064045,0.36326274275779724,274.1893005371094,0.9735025763511658,0.5824601344395605,4674.11962890625,9.929229699690007,0.27949121594429016,0.0005555060924962163,0.39359385009609227,0.4,4,0.7,6,1200
/home/iams/ramlab_ws/src/unitree_rl_mjlab/logs/rsl_rl/h1_2_velocity_a1_v2/2026-08-26_10-02-56_a1a_fullmirror_jacc1e-7_standing15_s42/model_10000.pt,td3,"['velocity', 'orientation', 'height']",8,42,0.08434039354324341,0.08063294738531113,0.09943389147520065,0.07286497950553894,0.07968814671039581,0.76,0.0,600.5,1.0088657140731812,0.8857178688049316,40.505775451660156,56.771575927734375,28.52457618713379,106.1574478149414,36.02714157104492,24826.748046875,67822.1171875,16406.701171875,38009.2421875,0.2214294672012329,0.026060275733470917,0.009835917502641678,0.004764992743730545,0.3572479784488678,273.8682556152344,0.9765625,0.5788415856862172,4729.841796875,9.996882991654987,0.28371912240982056,0.0005309729021973908,0.39349301908543616,0.4,4,0.7,7,1200
/home/iams/ramlab_ws/src/unitree_rl_mjlab/logs/rsl_rl/h1_2_velocity_a1_v2/2026-08-26_10-02-56_a1a_fullmirror_jacc1e-7_standing15_s42/model_10000.pt,td3,"['velocity', 'orientation', 'height']",8,42,0.08279850333929062,0.08823055028915405,0.1052047610282898,0.07168439775705338,0.08692222833633423,0.84,0.0,600.5,1.0153173208236694,0.8743658065795898,38.81571960449219,52.24079132080078,29.193662643432617,97.78131866455078,37.51239776611328,24540.45703125,68599.2734375,14457.63671875,34501.78515625,0.21859145164489746,0.02818036451935768,0.011451829224824905,0.004636538680642843,0.3580770492553711,283.31915283203125,0.9353255033493042,0.5814030330475937,5078.02734375,10.420688597187254,0.27221402525901794,0.0007878542528487742,0.4429065743944637,0.45,4,0.7,0,1200
/home/iams/ramlab_ws/src/unitree_rl_mjlab/logs/rsl_rl/h1_2_velocity_a1_v2/2026-08-26_10-02-56_a1a_fullmirror_jacc1e-7_standing15_s42/model_10000.pt,td3,"['velocity', 'orientation', 'height']",8,42,0.0835408866405487,0.08791821449995041,0.11155425757169724,0.07230884581804276,0.0865243598818779,0.84,0.0,600.5,1.017380714416504,0.8729134798049927,40.170841217041016,54.683685302734375,29.668066024780273,102.77981567382812,37.63984680175781,24732.486328125,68395.5234375,15857.2412109375,35984.86328125,0.21822836995124817,0.02745719999074936,0.011290430091321468,0.004726929124444723,0.3632538914680481,285.532470703125,0.9372786283493042,0.5859188139436088,5059.42822265625,10.382055586596495,0.27164554595947266,0.0010923970257863402,0.4432900432900433,0.45,4,0.7,1,1200
/home/iams/ramlab_ws/src/unitree_rl_mjlab/logs/rsl_rl/h1_2_velocity_a1_v2/2026-08-26_10-02-56_a1a_fullmirror_jacc1e-7_standing15_s42/model_10000.pt,td3,"['velocity', 'orientation', 'height']",8,42,0.08307559043169022,0.08787485212087631,0.11214230954647064,0.07190384715795517,0.08645373582839966,0.8200000000000001,0.0,600.5,1.0182398557662964,0.8746271729469299,40.8354606628418,56.23611831665039,29.614511489868164,111.54438781738281,37.63328552246094,25045.9140625,70630.328125,16780.37109375,38438.19140625,0.21865679323673248,0.02908189222216606,0.01105509139597416,0.00477433018386364,0.360297292470932,284.5032043457031,0.9351041913032532,0.5814930667953189,5035.56787109375,10.292144663830598,0.2718946933746338,0.0009465914336033165,0.44309822587624403,0.45,4,0.7,2,1200
/home/iams/ramlab_ws/src/unitree_rl_mjlab/logs/rsl_rl/h1_2_velocity_a1_v2/2026-08-26_10-02-56_a1a_fullmirror_jacc1e-7_standing15_s42/model_10000.pt,td3,"['velocity', 'orientation', 'height']",8,42,0.0842958614230156,0.08939228951931,0.11104188114404678,0.07296043634414673,0.08820150047540665,0.84,0.0,600.5,1.013711929321289,0.8713533878326416,39.62666702270508,53.8244514465332,29.377201080322266,103.56626892089844,37.591426849365234,24577.1875,68114.5625,15341.177734375,36747.34375,0.2178383469581604,0.027514660730957985,0.01117176003754139,0.0047975811176002026,0.3631024956703186,283.5739440917969,0.9363216161727905,0.5848207417200072,5078.357421875,10.473206002304686,0.2688088119029999,0.000890671624802053,0.4430343236227286,0.45,4,0.7,3,1200
/home/iams/ramlab_ws/src/unitree_rl_mjlab/logs/rsl_rl/h1_2_velocity_a1_v2/2026-08-26_10-02-56_a1a_fullmirror_jacc1e-7_standing15_s42/model_10000.pt,td3,"['velocity', 'orientation', 'height']",8,42,0.08264293521642685,0.08685743808746338,0.10885457694530487,0.07144269347190857,0.08559580147266388,0.84,0.0,600.5,1.018251895904541,0.8756741881370544,39.7762451171875,53.9495964050293,29.554967880249023,104.83314514160156,37.52304458618164,24777.166015625,67816.3984375,15519.7626953125,36812.50390625,0.2189185470342636,0.02780490182340145,0.011417606845498085,0.004713268950581551,0.3603566586971283,282.8142395019531,0.9360286593437195,0.5792190659902797,5059.90234375,10.36295798902134,0.2683057188987732,0.0009669910650700331,0.4437382637584862,0.45,4,0.7,4,1200
/home/iams/ramlab_ws/src/unitree_rl_mjlab/logs/rsl_rl/h1_2_velocity_a1_v2/2026-08-26_10-02-56_a1a_fullmirror_jacc1e-7_standing15_s42/model_10000.pt,td3,"['velocity', 'orientation', 'height']",8,42,0.08267687261104584,0.08783173561096191,0.112858846783638,0.07165994495153427,0.0866650938987732,0.8200000000000001,0.0,600.5,1.019646167755127,0.8786855340003967,40.74796676635742,56.29039764404297,29.391496658325195,111.75630950927734,37.23952865600586,25036.787109375,67259.328125,16815.146484375,39654.28515625,0.21967138350009918,0.03077673353254795,0.010985328815877438,0.004757266025990248,0.35692083835601807,284.37249755859375,0.9337695240974426,0.5784859652151887,5038.83984375,10.25028084345888,0.27319395542144775,0.0010257993126288056,0.4423326133909287,0.45,4,0.7,5,1200
/home/iams/ramlab_ws/src/unitree_rl_mjlab/logs/rsl_rl/h1_2_velocity_a1_v2/2026-08-26_10-02-56_a1a_fullmirror_jacc1e-7_standing15_s42/model_10000.pt,td3,"['velocity', 'orientation', 'height']",8,42,0.08489403128623962,0.08820460736751556,0.1105322539806366,0.07347270846366882,0.08678644895553589,0.84,0.0,600.5,1.0163809061050415,0.8723557591438293,40.15283966064453,54.665897369384766,29.665618896484375,107.72462463378906,37.98849868774414,24710.802734375,69498.9375,15858.537109375,36967.3984375,0.21808893978595734,0.02581319957971573,0.011058283038437366,0.0046560619957745075,0.36339497566223145,283.523681640625,0.9382486939430237,0.5838854349478556,5062.6318359375,10.425925882455951,0.26653245091438293,0.0008597897249273956,0.4436741767764298,0.45,4,0.7,6,1200
/home/iams/ramlab_ws/src/unitree_rl_mjlab/logs/rsl_rl/h1_2_velocity_a1_v2/2026-08-26_10-02-56_a1a_fullmirror_jacc1e-7_standing15_s42/model_10000.pt,td3,"['velocity', 'orientation', 'height']",8,42,0.08501593768596649,0.08795714378356934,0.10829447209835052,0.07362594455480576,0.0865672305226326,0.84,0.0,600.5,1.010643482208252,0.8685827255249023,39.41142654418945,53.44521713256836,29.292863845825195,99.47409057617188,37.3717155456543,24572.212890625,68396.5546875,15178.4990234375,36345.01171875,0.21714568138122559,0.026333073154091835,0.011026532389223576,0.004634029697626829,0.361356645822525,281.7613525390625,0.9381575584411621,0.5809459227447603,5041.05322265625,10.39382914403941,0.2707752585411072,0.000939488410949707,0.4436741767764298,0.45,4,0.7,7,1200
/home/iams/ramlab_ws/src/unitree_rl_mjlab/logs/rsl_rl/h1_2_velocity_a1_v2/2026-08-26_10-02-56_a1a_fullmirror_jacc1e-7_standing15_s42/model_10000.pt,td3,"['velocity', 'orientation', 'height']",8,42,0.08529964089393616,0.09029930084943771,0.11675286293029785,0.07490398734807968,0.08813890814781189,0.68,0.0,600.5,1.0888967514038086,0.910979151725769,40.74175262451172,53.11868667602539,31.99642562866211,95.80536651611328,40.51260757446289,25517.41015625,72114.7265625,15292.203125,35688.87109375,0.22774478793144226,0.0318579226732254,0.01303053367882967,0.004787534940987825,0.3867025375366211,304.3903503417969,0.8937109112739563,0.5864946424010894,5288.240234375,10.189297771447443,0.27268272638320923,0.0020933339837938547,0.4788776305533905,0.5,4,0.7,0,1200
/home/iams/ramlab_ws/src/unitree_rl_mjlab/logs/rsl_rl/h1_2_velocity_a1_v2/2026-08-26_10-02-56_a1a_fullmirror_jacc1e-7_standing15_s42/model_10000.pt,td3,"['velocity', 'orientation', 'height']",8,42,0.0859149768948555,0.09292393177747726,0.11188158392906189,0.07522686570882797,0.09110420197248459,0.7000000000000001,0.0,600.5,1.0838780403137207,0.9051935076713562,40.59318542480469,52.71150207519531,32.11371612548828,96.9049301147461,39.79138946533203,25306.1015625,69251.9140625,15058.0537109375,33559.87109375,0.22629837691783905,0.030929695814847946,0.013612553477287292,0.004695301875472069,0.39042210578918457,303.9512634277344,0.8941211104393005,0.592048288203163,5316.85107421875,10.35637386501306,0.2648480534553528,0.00196342752315104,0.48233631653320774,0.5,4,0.7,1,1200
/home/iams/ramlab_ws/src/unitree_rl_mjlab/logs/rsl_rl/h1_2_velocity_a1_v2/2026-08-26_10-02-56_a1a_fullmirror_jacc1e-7_standing15_s42/model_10000.pt,td3,"['velocity', 'orientation', 'height']",8,42,0.08448440581560135,0.09179789572954178,0.10922331362962723,0.07405569404363632,0.08975032716989517,0.68,0.0,600.5,1.092990517616272,0.9137149453163147,40.45122528076172,52.42698287963867,32.079586029052734,95.62654113769531,40.47650909423828,25547.626953125,73737.7734375,14947.83984375,34079.921875,0.22842873632907867,0.031084798276424408,0.013972248882055283,0.00482924934476614,0.3928956687450409,308.4295959472656,0.8879101276397705,0.59553438648245,5378.998046875,10.386092224910062,0.2653506398200989,0.0021037859842181206,0.4822605965463108,0.5,4,0.7,2,1200
/home/iams/ramlab_ws/src/unitree_rl_mjlab/logs/rsl_rl/h1_2_velocity_a1_v2/2026-08-26_10-02-56_a1a_fullmirror_jacc1e-7_standing15_s42/model_10000.pt,td3,"['velocity', 'orientation', 'height']",8,42,0.08303910493850708,0.09258133172988892,0.11055801063776016,0.07224569469690323,0.09064416587352753,0.68,0.0,600.5,1.0801490545272827,0.902654767036438,40.6020622253418,52.89375686645508,32.016963958740234,96.10137939453125,39.87834167480469,25126.271484375,71635.53125,15230.2373046875,36178.65625,0.2256636917591095,0.02941625937819481,0.013932817615568638,0.004617210011929274,0.3899151682853699,304.2623291015625,0.893470048904419,0.5960437428317663,5363.17041015625,10.506340397514618,0.25700923800468445,0.0015149313258007169,0.4807511737089202,0.5,4,0.7,3,1200
/home/iams/ramlab_ws/src/unitree_rl_mjlab/logs/rsl_rl/h1_2_velocity_a1_v2/2026-08-26_10-02-56_a1a_fullmirror_jacc1e-7_standing15_s42/model_10000.pt,td3,"['velocity', 'orientation', 'height']",8,42,0.08417080342769623,0.09138178825378418,0.10883387178182602,0.07371187210083008,0.08935703337192535,0.68,0.0,600.5,1.0905156135559082,0.9140840768814087,39.59183120727539,50.69314193725586,31.897977828979492,90.72142028808594,40.41684341430664,25398.5703125,70707.6640625,13859.08203125,32329.791015625,0.22852101922035217,0.03141936659812927,0.013477264903485775,0.0046823713928461075,0.38957035541534424,305.2543640136719,0.8906640410423279,0.5890433688761776,5330.05224609375,10.285296280671764,0.2689610421657562,0.00200892542488873,0.48233631653320774,0.5,4,0.7,4,1200
/home/iams/ramlab_ws/src/unitree_rl_mjlab/logs/rsl_rl/h1_2_velocity_a1_v2/2026-08-26_10-02-56_a1a_fullmirror_jacc1e-7_standing15_s42/model_10000.pt,td3,"['velocity', 'orientation', 'height']",8,42,0.08459069579839706,0.09421706199645996,0.10755382478237152,0.07337211817502975,0.0924435406923294,0.7000000000000001,0.0,600.5,1.0645341873168945,0.8894156217575073,40.49285888671875,53.035255432128906,31.71668243408203,99.75344848632812,39.34435272216797,24812.248046875,67968.2109375,15307.1875,35951.90234375,0.22235390543937683,0.02647087350487709,0.01334852259606123,0.004368234425783157,0.3881615102291107,299.4497375488281,0.8969270586967468,0.5951504012947565,5323.3603515625,10.580073593047587,0.25042980909347534,0.0014239910524338484,0.48195795418889237,0.5,4,0.7,5,1200
/home/iams/ramlab_ws/src/unitree_rl_mjlab/logs/rsl_rl/h1_2_velocity_a1_v2/2026-08-26_10-02-56_a1a_fullmirror_jacc1e-7_standing15_s42/model_10000.pt,td3,"['velocity', 'orientation', 'height']",8,42,0.08328626304864883,0.0936608538031578,0.1079881563782692,0.07242926955223083,0.09178289771080017,0.7000000000000001,0.0,600.5,1.0767735242843628,0.897648274898529,40.21864318847656,51.8289680480957,32.20783996582031,91.6737060546875,39.900150299072266,24889.70703125,69155.40625,14601.31640625,33223.30859375,0.22441206872463226,0.028801077976822853,0.013852577656507492,0.0045784953981637955,0.3908047080039978,303.6852111816406,0.8926692605018616,0.5962867145782572,5363.15673828125,10.530571700321529,0.2537444233894348,0.0015543437330052257,0.48332284455632474,0.5,4,0.7,6,1200
/home/iams/ramlab_ws/src/unitree_rl_mjlab/logs/rsl_rl/h1_2_velocity_a1_v2/2026-08-26_10-02-56_a1a_fullmirror_jacc1e-7_standing15_s42/model_10000.pt,td3,"['velocity', 'orientation', 'height']",8,42,0.08536770939826965,0.09168017655611038,0.12007641792297363,0.07452044636011124,0.0898330956697464,0.7000000000000001,0.0,600.5,1.0790959596633911,0.9010295867919922,41.12549591064453,54.062896728515625,31.992298126220703,97.7002182006836,39.85293197631836,25411.994140625,69683.890625,15862.9287109375,37649.26953125,0.22525739669799805,0.02859596535563469,0.01350418757647276,0.004504263401031494,0.3909091055393219,303.3534240722656,0.8933007717132568,0.5927871907115777,5316.7158203125,10.38946783007419,0.2617560923099518,0.0019121569348499179,0.4786537862262387,0.5,4,0.7,7,1200
/home/iams/ramlab_ws/src/unitree_rl_mjlab/logs/rsl_rl/h1_2_velocity_a1_v2/2026-08-26_10-02-56_a1a_fullmirror_jacc1e-7_standing15_s42/model_10000.pt,td3,"['velocity', 'orientation', 'height']",8,42,0.10389911383390427,0.09546779096126556,0.15977780520915985,0.09558036178350449,0.09362849593162537,0.7000000000000001,0.0,600.5,1.2037056684494019,0.9570919275283813,46.21571350097656,57.68886184692383,38.304866790771484,93.13140106201172,50.68302536010742,27393.701171875,66697.890625,17556.431640625,39356.72265625,0.23927298188209534,0.03444286808371544,0.017539234831929207,0.005812277086079121,0.4621822237968445,351.68408203125,0.8192968964576721,0.639164372388295,5625.44482421875,10.223903467968327,0.2911461591720581,0.004510481841862202,0.4987822698490015,0.55,4,0.7,0,1200
/home/iams/ramlab_ws/src/unitree_rl_mjlab/logs/rsl_rl/h1_2_velocity_a1_v2/2026-08-26_10-02-56_a1a_fullmirror_jacc1e-7_standing15_s42/model_10000.pt,td3,"['velocity', 'orientation', 'height']",8,42,0.09697134047746658,0.0943295955657959,0.15710820257663727,0.08840842545032501,0.09241952747106552,0.7000000000000001,1.302083364862483e-05,597.650390625,1.1954541206359863,0.9536696672439575,45.203128814697266,56.52299499511719,37.35988235473633,95.92185974121094,50.82283401489258,27193.2890625,67650.671875,17084.32421875,39856.96875,0.23841741681098938,0.03421257808804512,0.017341284081339836,0.005372292827814817,0.45254719257354736,342.5494079589844,0.82638019323349,0.628359637806643,5538.625,10.159844457701727,0.2850906252861023,0.003290976630523801,0.5014691478942214,0.55,4,0.7,1,1200
/home/iams/ramlab_ws/src/unitree_rl_mjlab/logs/rsl_rl/h1_2_velocity_a1_v2/2026-08-26_10-02-56_a1a_fullmirror_jacc1e-7_standing15_s42/model_10000.pt,td3,"['velocity', 'orientation', 'height']",8,42,0.10043893754482269,0.09640736877918243,0.1507943868637085,0.09198059886693954,0.09390813857316971,0.7000000000000001,0.0,600.5,1.2024588584899902,0.957997739315033,45.6143913269043,56.60135269165039,38.07628631591797,92.74468994140625,52.258087158203125,27140.54296875,68128.4921875,16835.068359375,38720.40625,0.23949943482875824,0.0353618822991848,0.01736953854560852,0.005699216853827238,0.4563480019569397,348.95068359375,0.8237630128860474,0.6340029822774171,5597.57666015625,10.170148719086026,0.2916159927845001,0.0029933613259345293,0.4965249717148861,0.55,4,0.7,2,1200
/home/iams/ramlab_ws/src/unitree_rl_mjlab/logs/rsl_rl/h1_2_velocity_a1_v2/2026-08-26_10-02-56_a1a_fullmirror_jacc1e-7_standing15_s42/model_10000.pt,td3,"['velocity', 'orientation', 'height']",8,42,0.09545358270406723,0.09496843814849854,0.14637447893619537,0.08638472855091095,0.09253285080194473,0.7000000000000001,0.0,600.5,1.1796644926071167,0.9421546459197998,44.86589813232422,56.01333236694336,37.21701431274414,93.87823486328125,49.17109298706055,26754.818359375,66925.1796875,16987.37890625,38522.25,0.23553866147994995,0.031753357499837875,0.017350614070892334,0.005224522668868303,0.4481993615627289,340.0982666015625,0.827929675579071,0.631222853171796,5538.46826171875,10.279403914985894,0.273388534784317,0.0028409624937921762,0.5041851304775973,0.55,4,0.7,3,1200
/home/iams/ramlab_ws/src/unitree_rl_mjlab/logs/rsl_rl/h1_2_velocity_a1_v2/2026-08-26_10-02-56_a1a_fullmirror_jacc1e-7_standing15_s42/model_10000.pt,td3,"['velocity', 'orientation', 'height']",8,42,0.09640152752399445,0.09695558249950409,0.15667428076267242,0.08705350756645203,0.09412816911935806,0.7000000000000001,1.302083364862483e-05,596.8291625976562,1.1915642023086548,0.9472246766090393,46.700782775878906,59.13859558105469,38.04558181762695,99.85478973388672,51.5721549987793,27304.353515625,67349.921875,18650.498046875,39653.44921875,0.23680616915225983,0.03261581435799599,0.01752249337732792,0.005254421848803759,0.456823468208313,347.63299560546875,0.8277669548988342,0.6424877573603142,5592.93017578125,10.336731998770105,0.28484275937080383,0.0028163655661046505,0.49934980494148246,0.55,4,0.7,4,1200
/home/iams/ramlab_ws/src/unitree_rl_mjlab/logs/rsl_rl/h1_2_velocity_a1_v2/2026-08-26_10-02-56_a1a_fullmirror_jacc1e-7_standing15_s42/model_10000.pt,td3,"['velocity', 'orientation', 'height']",8,42,0.09889895468950272,0.09547657519578934,0.15864069759845734,0.0898800641298294,0.0930597186088562,0.72,0.0,600.5,1.190470814704895,0.9484548568725586,45.919586181640625,57.7074089050293,37.73831558227539,95.45317077636719,50.44479751586914,27205.6171875,67253.609375,17791.587890625,38989.0078125,0.23711371421813965,0.032640811055898666,0.017156610265374184,0.005341130308806896,0.4553645849227905,344.9715881347656,0.8269791603088379,0.6364994538826134,5538.169921875,10.218355078431097,0.28574278950691223,0.0031919307075440884,0.4970069568031063,0.55,4,0.7,5,1200
/home/iams/ramlab_ws/src/unitree_rl_mjlab/logs/rsl_rl/h1_2_velocity_a1_v2/2026-08-26_10-02-56_a1a_fullmirror_jacc1e-7_standing15_s42/model_10000.pt,td3,"['velocity', 'orientation', 'height']",8,42,0.09834699332714081,0.09662896394729614,0.15844187140464783,0.0894305631518364,0.09441860020160675,0.7000000000000001,0.0,600.5,1.1944102048873901,0.9514167308807373,45.543766021728516,56.706356048583984,37.87873077392578,94.17508697509766,50.045379638671875,27097.693359375,66517.5078125,17157.8828125,38978.3515625,0.23785418272018433,0.033418621867895126,0.017705673351883888,0.005440898705273867,0.45741212368011475,347.6739196777344,0.8235090970993042,0.6389046389649754,5587.83935546875,10.268519887304622,0.2841340899467468,0.0034519329201430082,0.4992686494392979,0.55,4,0.7,6,1200
/home/iams/ramlab_ws/src/unitree_rl_mjlab/logs/rsl_rl/h1_2_velocity_a1_v2/2026-08-26_10-02-56_a1a_fullmirror_jacc1e-7_standing15_s42/model_10000.pt,td3,"['velocity', 'orientation', 'height']",8,42,0.09526761621236801,0.09561769664287567,0.14657138288021088,0.08614389598369598,0.09306251257658005,0.7000000000000001,0.0,600.5,1.1832953691482544,0.9440590143203735,44.89201354980469,55.86235809326172,37.38795471191406,94.79654693603516,50.426429748535156,26876.400390625,66964.578125,16799.951171875,37872.21484375,0.23601475358009338,0.03184586390852928,0.017080333083868027,0.00515340082347393,0.45018982887268066,340.37811279296875,0.8297005295753479,0.6306677226225679,5546.8837890625,10.27751375860166,0.27664539217948914,0.002854554681107402,0.5008151287903488,0.55,4,0.7,7,1200
/home/iams/ramlab_ws/src/unitree_rl_mjlab/logs/rsl_rl/h1_2_velocity_a1_v2/2026-08-26_10-02-56_a1a_fullmirror_jacc1e-7_standing15_s42/model_10000.pt,td3,"['velocity', 'orientation', 'height']",8,42,0.11723672598600388,0.11100826412439346,0.23528145253658295,0.11001253128051758,0.11065380275249481,0.72,7.812499825377017e-05,586.1181030273438,1.2659722566604614,0.9609482884407043,50.573055267333984,60.894569396972656,43.70948028564453,90.93360137939453,56.414554595947266,26834.423828125,54434.4453125,19055.876953125,37679.73046875,0.2402370721101761,0.0396711565554142,0.022519297897815704,0.007179803214967251,0.5146580934524536,393.06134033203125,0.7497005462646484,0.6932464151787511,5951.58349609375,10.496870143678592,0.3265102207660675,0.008577746339142323,0.5135406218655968,0.6,4,0.7,0,1200
/home/iams/ramlab_ws/src/unitree_rl_mjlab/logs/rsl_rl/h1_2_velocity_a1_v2/2026-08-26_10-02-56_a1a_fullmirror_jacc1e-7_standing15_s42/model_10000.pt,td3,"['velocity', 'orientation', 'height']",8,42,0.1284172683954239,0.11689441651105881,0.25116947293281555,0.1236255094408989,0.11782902479171753,0.72,0.00019531250291038305,570.6950073242188,1.2859888076782227,0.9699454307556152,51.568538665771484,61.85657501220703,44.75057601928711,89.16912841796875,57.45630645751953,27122.109375,53780.08984375,19406.40625,37707.71875,0.2424863576889038,0.04514414444565773,0.02375596947968006,0.00822356715798378,0.5243390202522278,405.7082214355469,0.7369661331176758,0.7055714089369409,6034.97607421875,10.495489392878884,0.35432979464530945,0.016753066331148148,0.49460634358396394,0.6,4,0.7,1,1200
/home/iams/ramlab_ws/src/unitree_rl_mjlab/logs/rsl_rl/h1_2_velocity_a1_v2/2026-08-26_10-02-56_a1a_fullmirror_jacc1e-7_standing15_s42/model_10000.pt,td3,"['velocity', 'orientation', 'height']",8,42,0.11335202306509018,0.10920745879411697,0.2300650030374527,0.10577283054590225,0.10858402401208878,0.72,9.11458337213844e-05,588.1166381835938,1.2521754503250122,0.9516170620918274,49.434898376464844,58.733360290527344,43.41067886352539,87.06524658203125,56.15210723876953,26339.970703125,56943.7578125,17962.919921875,36493.96484375,0.23790426552295685,0.03822243958711624,0.022351548075675964,0.007003201637417078,0.5093122124671936,387.12158203125,0.7572916746139526,0.690121246776218,5917.4560546875,10.549042847058761,0.31704235076904297,0.008329720236361027,0.5154362416107383,0.6,4,0.7,2,1200
/home/iams/ramlab_ws/src/unitree_rl_mjlab/logs/rsl_rl/h1_2_velocity_a1_v2/2026-08-26_10-02-56_a1a_fullmirror_jacc1e-7_standing15_s42/model_10000.pt,td3,"['velocity', 'orientation', 'height']",8,42,0.11692669242620468,0.11146972328424454,0.22733739018440247,0.10938083380460739,0.10980263352394104,0.72,0.00010416666918899864,585.5438842773438,1.2637996673583984,0.9592371582984924,50.17486572265625,59.913150787353516,43.795326232910156,87.84236907958984,57.553897857666016,26732.056640625,55925.796875,18513.01171875,35917.078125,0.2398092895746231,0.039817892014980316,0.0222767386585474,0.007345058023929596,0.5132483839988708,393.2969665527344,0.7502604126930237,0.6920034967858468,5920.8486328125,10.417696231138033,0.32487791776657104,0.008929397910833359,0.5199729180771835,0.6,4,0.7,3,1200
/home/iams/ramlab_ws/src/unitree_rl_mjlab/logs/rsl_rl/h1_2_velocity_a1_v2/2026-08-26_10-02-56_a1a_fullmirror_jacc1e-7_standing15_s42/model_10000.pt,td3,"['velocity', 'orientation', 'height']",8,42,0.11498083919286728,0.11167769134044647,0.2254343181848526,0.10780664533376694,0.11102928966283798,0.72,9.11458337213844e-05,588.8213500976562,1.2523715496063232,0.9498875141143799,50.15777587890625,60.0560417175293,43.66584777832031,89.10649108886719,56.348052978515625,26325.091796875,55649.49609375,18887.30859375,37942.8671875,0.23747187852859497,0.03986054286360741,0.02289831079542637,0.007334880065172911,0.5093273520469666,388.5459899902344,0.7528840899467468,0.688883738115067,5937.69775390625,10.527410558558998,0.32195085287094116,0.00982198491692543,0.5081885856079404,0.6,4,0.7,4,1200
/home/iams/ramlab_ws/src/unitree_rl_mjlab/logs/rsl_rl/h1_2_velocity_a1_v2/2026-08-26_10-02-56_a1a_fullmirror_jacc1e-7_standing15_s42/model_10000.pt,td3,"['velocity', 'orientation', 'height']",8,42,0.1130044162273407,0.10894078761339188,0.21586710214614868,0.10548745840787888,0.10796584188938141,0.72,3.9062499126885086e-05,589.6221923828125,1.2432440519332886,0.9471985101699829,49.02897644042969,58.39447784423828,42.94932174682617,85.75768280029297,56.09249496459961,26199.615234375,57111.421875,18074.818359375,35980.56640625,0.23679962754249573,0.03800531476736069,0.021803516894578934,0.006884584203362465,0.504176139831543,380.3109130859375,0.7551692724227905,0.6770407508568558,5859.49853515625,10.431251927037616,0.3134101331233978,0.008542247116565704,0.5082726671078756,0.6,4,0.7,5,1200
/home/iams/ramlab_ws/src/unitree_rl_mjlab/logs/rsl_rl/h1_2_velocity_a1_v2/2026-08-26_10-02-56_a1a_fullmirror_jacc1e-7_standing15_s42/model_10000.pt,td3,"['velocity', 'orientation', 'height']",8,42,0.12117472290992737,0.11342540383338928,0.26092952489852905,0.11401016265153885,0.113510362803936,0.72,9.11458337213844e-05,582.8116455078125,1.270715355873108,0.9600397348403931,52.239830017089844,63.510826110839844,44.63456344604492,93.04203033447266,56.99885177612305,26723.048828125,55630.35546875,20392.259765625,37813.171875,0.24000993371009827,0.042693279683589935,0.023529760539531708,0.007773087825626135,0.5233596563339233,402.0039978027344,0.7404232025146484,0.7049057503694174,6033.0712890625,10.578865845018582,0.3433876037597656,0.009685536846518517,0.5004072324482814,0.6,4,0.7,6,1200
/home/iams/ramlab_ws/src/unitree_rl_mjlab/logs/rsl_rl/h1_2_velocity_a1_v2/2026-08-26_10-02-56_a1a_fullmirror_jacc1e-7_standing15_s42/model_10000.pt,td3,"['velocity', 'orientation', 'height']",8,42,0.12763278186321259,0.11544948816299438,0.2572658658027649,0.12128108739852905,0.11544845253229141,0.72,0.00011718749738065526,586.2740478515625,1.2895888090133667,0.974930465221405,51.965599060058594,62.513771057128906,44.91938781738281,90.8968276977539,58.53550338745117,27296.955078125,56404.20703125,19589.451171875,38220.359375,0.24373261630535126,0.04383595287799835,0.023582516238093376,0.008160017430782318,0.5297350883483887,407.6056213378906,0.738476574420929,0.705435838070968,6071.30419921875,10.507498879843673,0.35404855012893677,0.011234890669584274,0.5030293106271492,0.6,4,0.7,7,1200
/home/iams/ramlab_ws/src/unitree_rl_mjlab/logs/rsl_rl/h1_2_velocity_a1_v2/2026-08-26_10-02-56_a1a_fullmirror_jacc1e-7_standing15_s42/model_10000.pt,td3,"['velocity', 'orientation', 'height']",8,42,0.13706372678279877,0.14648470282554626,0.290338397026062,0.13450787961483002,0.15641871094703674,0.74,0.00015624999650754035,581.1834716796875,1.3217661380767822,0.9586213231086731,55.645957946777344,63.61237716674805,50.94392395019531,92.32521057128906,68.80534362792969,25476.841796875,53835.953125,19935.84375,39921.171875,0.23965533077716827,0.048630490899086,0.028266696259379387,0.009894954040646553,0.5867597460746765,459.55194091796875,0.68826824426651,0.7791549232419298,6450.5244140625,10.936647772837915,0.4080874025821686,0.013044345192611217,0.5158690176322418,0.65,4,0.7,0,1200
/home/iams/ramlab_ws/src/unitree_rl_mjlab/logs/rsl_rl/h1_2_velocity_a1_v2/2026-08-26_10-02-56_a1a_fullmirror_jacc1e-7_standing15_s42/model_10000.pt,td3,"['velocity', 'orientation', 'height']",8,42,0.1356189250946045,0.15829335153102875,0.30187898874282837,0.13190239667892456,0.1700972616672516,0.74,0.0002994791720993817,569.544189453125,1.3336089849472046,0.9639675617218018,56.85679626464844,65.54741668701172,51.6257209777832,92.29280853271484,69.1002197265625,25928.96484375,55383.328125,20971.14453125,39208.7890625,0.24099189043045044,0.05138121172785759,0.02857881225645542,0.010461436584591866,0.5879395008087158,465.453857421875,0.6866666674613953,0.7930739444311449,6493.46484375,11.064035709249067,0.41405317187309265,0.016729773953557014,0.4964447317388494,0.65,4,0.7,1,1200
/home/iams/ramlab_ws/src/unitree_rl_mjlab/logs/rsl_rl/h1_2_velocity_a1_v2/2026-08-26_10-02-56_a1a_fullmirror_jacc1e-7_standing15_s42/model_10000.pt,td3,"['velocity', 'orientation', 'height']",8,42,0.13839185237884521,0.1510075479745865,0.31436166167259216,0.13671623170375824,0.16203851997852325,0.74,0.0002213541738456115,564.974609375,1.330797553062439,0.9597654342651367,57.48196792602539,66.83019256591797,51.680973052978516,94.83306121826172,68.31564331054688,25888.703125,53786.8828125,21773.490234375,39344.8984375,0.23994135856628418,0.049889788031578064,0.029371032491326332,0.010257403366267681,0.5973158478736877,466.67852783203125,0.6830338835716248,0.7965610816721255,6515.52978515625,11.121183414518068,0.4140702486038208,0.016595259308815002,0.4995121951219512,0.65,4,0.7,2,1200
/home/iams/ramlab_ws/src/unitree_rl_mjlab/logs/rsl_rl/h1_2_velocity_a1_v2/2026-08-26_10-02-56_a1a_fullmirror_jacc1e-7_standing15_s42/model_10000.pt,td3,"['velocity', 'orientation', 'height']",8,42,0.14038588106632233,0.15461483597755432,0.31596219539642334,0.13842201232910156,0.16529303789138794,0.58,0.0002734375011641532,563.3596801757812,1.3344231843948364,0.9627307057380676,56.83897018432617,65.28704071044922,51.79069519042969,94.6962890625,69.21566009521484,25971.158203125,55732.3359375,20811.072265625,39485.25390625,0.2406826764345169,0.05146303027868271,0.029451217502355576,0.010812586173415184,0.5942274332046509,472.6875,0.6837565302848816,0.7999105694367841,6541.80126953125,11.070433780763269,0.42160919308662415,0.019111307337880135,0.5013873021054349,0.65,4,0.7,3,1200
/home/iams/ramlab_ws/src/unitree_rl_mjlab/logs/rsl_rl/h1_2_velocity_a1_v2/2026-08-26_10-02-56_a1a_fullmirror_jacc1e-7_standing15_s42/model_10000.pt,td3,"['velocity', 'orientation', 'height']",8,42,0.1360638290643692,0.15521200001239777,0.33082813024520874,0.13227692246437073,0.16692931950092316,0.74,0.0002213541738456115,550.9578857421875,1.3343069553375244,0.9638757109642029,58.82028579711914,69.66695404052734,51.8428955078125,97.07223510742188,67.86605834960938,26244.224609375,53945.7421875,23430.86328125,40569.6015625,0.24096892774105072,0.051386985927820206,0.029164085164666176,0.01036151684820652,0.5950038433074951,470.91021728515625,0.6750455498695374,0.8010806245953495,6522.84814453125,11.096229521518321,0.42193302512168884,0.01681293174624443,0.48746429704855604,0.65,4,0.7,4,1200
/home/iams/ramlab_ws/src/unitree_rl_mjlab/logs/rsl_rl/h1_2_velocity_a1_v2/2026-08-26_10-02-56_a1a_fullmirror_jacc1e-7_standing15_s42/model_10000.pt,td3,"['velocity', 'orientation', 'height']",8,42,0.1435481607913971,0.14280258119106293,0.28937315940856934,0.14141017198562622,0.15277262032032013,0.58,6.510417006211355e-05,583.7012329101562,1.3122587203979492,0.955394983291626,54.63590621948242,62.1455192565918,50.25588607788086,88.3630142211914,66.65141296386719,25239.216796875,52856.65625,19055.845703125,36646.96484375,0.2388487458229065,0.05030783638358116,0.027452904731035233,0.009973813779652119,0.5867176651954651,453.2861328125,0.6790169477462769,0.7586654449128771,6393.75048828125,10.701225676371228,0.41752520203590393,0.011052919551730156,0.5163893091275845,0.65,4,0.7,5,1200
/home/iams/ramlab_ws/src/unitree_rl_mjlab/logs/rsl_rl/h1_2_velocity_a1_v2/2026-08-26_10-02-56_a1a_fullmirror_jacc1e-7_standing15_s42/model_10000.pt,td3,"['velocity', 'orientation', 'height']",8,42,0.14455799758434296,0.16918736696243286,0.35463565587997437,0.1404053270816803,0.18049389123916626,0.58,0.00046874998952262104,529.9998779296875,1.376685619354248,0.9852900505065918,61.33808517456055,73.12931060791016,53.66172409057617,101.79070281982422,69.14215087890625,27369.78515625,55406.1875,24896.09765625,42788.8359375,0.24632251262664795,0.056079380214214325,0.031084159389138222,0.01134044211357832,0.609660804271698,502.973388671875,0.6713411211967468,0.8502077233516804,6731.6708984375,11.378967820280534,0.44775381684303284,0.023298973217606544,0.4707324547961998,0.65,4,0.7,6,1200
/home/iams/ramlab_ws/src/unitree_rl_mjlab/logs/rsl_rl/h1_2_velocity_a1_v2/2026-08-26_10-02-56_a1a_fullmirror_jacc1e-7_standing15_s42/model_10000.pt,td3,"['velocity', 'orientation', 'height']",8,42,0.14104032516479492,0.15282469987869263,0.3051999807357788,0.13925297558307648,0.16373157501220703,0.74,0.00023437499476131052,566.1939086914062,1.3335133790969849,0.964611828327179,56.55650329589844,64.90858459472656,51.57178497314453,91.18260955810547,68.37462615966797,25784.8203125,53649.3671875,20431.43359375,38333.98046875,0.24115295708179474,0.050630584359169006,0.029100576415657997,0.010364511981606483,0.5932233929634094,471.5586853027344,0.6809895634651184,0.7976433701404707,6553.19384765625,11.08475387675141,0.42010554671287537,0.017223522067070007,0.5065127782357791,0.65,4,0.7,7,1200
/home/iams/ramlab_ws/src/unitree_rl_mjlab/logs/rsl_rl/h1_2_velocity_a1_v2/2026-08-26_10-02-56_a1a_fullmirror_jacc1e-7_standing15_s42/model_10000.pt,td3,"['velocity', 'orientation', 'height']",8,42,0.145821675658226,0.22297902405261993,0.30302754044532776,0.1371060311794281,0.2288651317358017,0.58,0.0001822916674427688,574.4635620117188,1.3666388988494873,0.9691847562789917,59.27531433105469,65.36698150634766,56.345306396484375,90.53936767578125,75.8009262084961,24324.560546875,48529.70703125,20174.45703125,39174.859375,0.24229618906974792,0.05655599758028984,0.03320707380771637,0.012148335576057434,0.6228376030921936,510.828125,0.61453777551651,0.8425518917666501,6901.25830078125,11.382827209720377,0.47127091884613037,0.017410196363925934,0.5206779661016949,0.7,4,0.7,0,1200
/home/iams/ramlab_ws/src/unitree_rl_mjlab/logs/rsl_rl/h1_2_velocity_a1_v2/2026-08-26_10-02-56_a1a_fullmirror_jacc1e-7_standing15_s42/model_10000.pt,td3,"['velocity', 'orientation', 'height']",8,42,0.1561439037322998,0.2422439604997635,0.3854388892650604,0.1502087414264679,0.25001439452171326,0.58,0.0005729166441597044,522.122314453125,1.434383511543274,1.0037645101547241,66.38052368164062,77.55565643310547,59.47725296020508,104.43457794189453,77.88632202148438,26858.48828125,49476.69921875,26581.791015625,43872.15625,0.25094112753868103,0.06630100309848785,0.03612331300973892,0.0141569459810853,0.6462334990501404,561.5164184570312,0.598548173904419,0.9267215444568829,7204.384765625,11.89005140527124,0.5172484517097473,0.03357120603322983,0.47392780006170937,0.7,4,0.7,1,1200
/home/iams/ramlab_ws/src/unitree_rl_mjlab/logs/rsl_rl/h1_2_velocity_a1_v2/2026-08-26_10-02-56_a1a_fullmirror_jacc1e-7_standing15_s42/model_10000.pt,td3,"['velocity', 'orientation', 'height']",8,42,0.1507781744003296,0.23927372694015503,0.32521605491638184,0.14224374294281006,0.24786841869354248,0.58,0.00020833333837799728,574.8101196289062,1.3987427949905396,0.9936901926994324,62.187232971191406,70.37277221679688,57.62214279174805,96.5689926147461,76.32674407958984,25247.27734375,48200.734375,22460.5546875,41218.29296875,0.2484225481748581,0.06189561262726784,0.032292600721120834,0.012620551511645317,0.6295909881591797,529.7308959960938,0.6028059720993042,0.8609489788175027,7015.6025390625,11.402158452767047,0.4999856650829315,0.018633684143424034,0.5005703112269839,0.7,4,0.7,2,1200
/home/iams/ramlab_ws/src/unitree_rl_mjlab/logs/rsl_rl/h1_2_velocity_a1_v2/2026-08-26_10-02-56_a1a_fullmirror_jacc1e-7_standing15_s42/model_10000.pt,td3,"['velocity', 'orientation', 'height']",8,42,0.14836575090885162,0.24059845507144928,0.3412984609603882,0.13953760266304016,0.2464548945426941,0.58,0.0002734375011641532,557.3043212890625,1.3967760801315308,0.9873212575912476,62.83981704711914,71.75827026367188,57.7031135559082,98.59587097167969,77.3070297241211,25527.962890625,48941.515625,23481.01171875,40552.09765625,0.2468303143978119,0.061124395579099655,0.03322237357497215,0.012932573445141315,0.6269708275794983,531.39599609375,0.605872392654419,0.8745736332361007,7016.59423828125,11.547939544961428,0.4919021725654602,0.02069392241537571,0.4947656627476244,0.7,4,0.7,3,1200
/home/iams/ramlab_ws/src/unitree_rl_mjlab/logs/rsl_rl/h1_2_velocity_a1_v2/2026-08-26_10-02-56_a1a_fullmirror_jacc1e-7_standing15_s42/model_10000.pt,td3,"['velocity', 'orientation', 'height']",8,42,0.14832396805286407,0.22998400032520294,0.3260747492313385,0.1404043436050415,0.23936747014522552,0.58,0.0002994791720993817,569.4408569335938,1.3910053968429565,0.9844259023666382,61.72639846801758,69.72126007080078,57.28606033325195,96.7283706665039,75.88578796386719,25118.966796875,47516.2421875,22269.732421875,40617.38671875,0.24610647559165955,0.05967284366488457,0.033436309546232224,0.012457338161766529,0.6287651062011719,528.1824951171875,0.607714831829071,0.8696603947068832,6993.26171875,11.514509024456801,0.48594900965690613,0.019388312473893166,0.49349397590361443,0.7,4,0.7,4,1200
/home/iams/ramlab_ws/src/unitree_rl_mjlab/logs/rsl_rl/h1_2_velocity_a1_v2/2026-08-26_10-02-56_a1a_fullmirror_jacc1e-7_standing15_s42/model_10000.pt,td3,"['velocity', 'orientation', 'height']",8,42,0.14554674923419952,0.22849734127521515,0.32536768913269043,0.13921859860420227,0.23805327713489532,0.58,0.00015624999650754035,569.64404296875,1.3740438222885132,0.975324809551239,61.139949798583984,69.17534637451172,56.6430549621582,95.49879455566406,74.54576110839844,24877.236328125,48339.27734375,22228.681640625,40397.13671875,0.24383120238780975,0.05906757339835167,0.03220462426543236,0.01230104174464941,0.6241823434829712,516.4492797851562,0.6082877516746521,0.8525854794062926,6918.70751953125,11.421818372762786,0.4783681333065033,0.021002011373639107,0.5042678923177938,0.7,4,0.7,5,1200
/home/iams/ramlab_ws/src/unitree_rl_mjlab/logs/rsl_rl/h1_2_velocity_a1_v2/2026-08-26_10-02-56_a1a_fullmirror_jacc1e-7_standing15_s42/model_10000.pt,td3,"['velocity', 'orientation', 'height']",8,42,0.1439867913722992,0.23127268254756927,0.35699212551116943,0.13622038066387177,0.24217195808887482,0.58,0.00032552084303461015,550.853515625,1.3843927383422852,0.97400963306427,63.685951232910156,73.9992446899414,57.40312576293945,100.19261169433594,75.74058532714844,25498.736328125,48776.078125,25083.4296875,42510.8671875,0.2435024082660675,0.06145678833127022,0.03289087116718292,0.012626704759895802,0.6241437792778015,521.5953979492188,0.6063281297683716,0.8700904065994498,6903.9912109375,11.516775105597599,0.4841436743736267,0.021352209150791168,0.478430151066812,0.7,4,0.7,6,1200
/home/iams/ramlab_ws/src/unitree_rl_mjlab/logs/rsl_rl/h1_2_velocity_a1_v2/2026-08-26_10-02-56_a1a_fullmirror_jacc1e-7_standing15_s42/model_10000.pt,td3,"['velocity', 'orientation', 'height']",8,42,0.155930757522583,0.24046096205711365,0.33178144693374634,0.14780807495117188,0.24947358667850494,0.58,0.00033854166395030916,547.9790649414062,1.4168787002563477,1.0018362998962402,63.68431091308594,72.79940032958984,58.384883880615234,100.40558624267578,77.21247863769531,26013.708984375,49553.34375,23769.537109375,42455.66015625,0.25045907497406006,0.06392976641654968,0.03433410823345184,0.013583782128989697,0.6382298469543457,543.0132446289062,0.6027018427848816,0.8858969149142322,7173.29736328125,11.702850595009027,0.5095179080963135,0.024948708713054657,0.4919135308246597,0.7,4,0.7,7,1200
/home/iams/ramlab_ws/src/unitree_rl_mjlab/logs/rsl_rl/h1_2_velocity_a1_v2/2026-08-26_10-02-56_a1a_fullmirror_jacc1e-7_standing15_s42/model_10000.pt,td3,"['velocity', 'orientation', 'height']",8,42,0.0868132933974266,0.07838231325149536,0.08916879445314407,0.07490930706262589,0.07746566832065582,0.78,0.0,600.5,1.0105185508728027,0.8902621269226074,39.33049011230469,55.214900970458984,27.647811889648438,100.03771209716797,34.060585021972656,24734.84375,62822.765625,16210.1884765625,37347.04296875,0.22256553173065186,0.030797354876995087,0.01240147091448307,0.00544334389269352,0.3554759621620178,276.7933044433594,0.9790299534797668,0.5869932074753554,5094.990234375,10.804903114555955,0.28116095066070557,0.0009294234332628548,0.39309021113243764,0.4,8,0.7,0,1200
/home/iams/ramlab_ws/src/unitree_rl_mjlab/logs/rsl_rl/h1_2_velocity_a1_v2/2026-08-26_10-02-56_a1a_fullmirror_jacc1e-7_standing15_s42/model_10000.pt,td3,"['velocity', 'orientation', 'height']",8,42,0.08743346482515335,0.07840684056282043,0.10341841727495193,0.07531099021434784,0.07730986922979355,0.78,0.0,600.5,1.0056867599487305,0.8856789469718933,40.121280670166016,56.69564437866211,27.882278442382812,105.98419189453125,34.642154693603516,24901.46484375,62827.8515625,16952.544921875,37043.578125,0.22141973674297333,0.029048942029476166,0.012056737206876278,0.005414264742285013,0.3586984872817993,278.4230651855469,0.9778906106948853,0.5924864454507089,5091.39599609375,10.834528388559283,0.2792227864265442,0.000815870298538357,0.39198672961592446,0.4,8,0.7,1,1200
/home/iams/ramlab_ws/src/unitree_rl_mjlab/logs/rsl_rl/h1_2_velocity_a1_v2/2026-08-26_10-02-56_a1a_fullmirror_jacc1e-7_standing15_s42/model_10000.pt,td3,"['velocity', 'orientation', 'height']",8,42,0.08694986999034882,0.07772514969110489,0.09643680602312088,0.07496169209480286,0.0767180472612381,0.78,0.0,600.5,1.0057398080825806,0.8858914375305176,39.2118034362793,54.87192153930664,27.703807830810547,97.12933349609375,34.633052825927734,24730.36328125,65257.90625,16132.583984375,37974.58203125,0.2214728593826294,0.029606593772768974,0.01226344145834446,0.005273676943033934,0.35476699471473694,276.0611877441406,0.9795898199081421,0.5856801264557335,5072.51904296875,10.76164987262265,0.28261053562164307,0.0009667981648817658,0.39293937068303914,0.4,8,0.7,2,1200
/home/iams/ramlab_ws/src/unitree_rl_mjlab/logs/rsl_rl/h1_2_velocity_a1_v2/2026-08-26_10-02-56_a1a_fullmirror_jacc1e-7_standing15_s42/model_10000.pt,td3,"['velocity', 'orientation', 'height']",8,42,0.08739537745714188,0.07849244773387909,0.09526155143976212,0.0753072127699852,0.07759828865528107,0.78,0.0,600.5,1.0089491605758667,0.888030469417572,40.103485107421875,56.80489730834961,27.747852325439453,104.34306335449219,33.805763244628906,24874.41015625,63401.421875,17199.935546875,37694.7890625,0.222007617354393,0.029589518904685974,0.011837288737297058,0.005400458350777626,0.3554040193557739,275.7451171875,0.9770572781562805,0.5847320549476738,5069.9248046875,10.751043865489859,0.2811815142631531,0.0011869568843394518,0.393543428132206,0.4,8,0.7,3,1200
/home/iams/ramlab_ws/src/unitree_rl_mjlab/logs/rsl_rl/h1_2_velocity_a1_v2/2026-08-26_10-02-56_a1a_fullmirror_jacc1e-7_standing15_s42/model_10000.pt,td3,"['velocity', 'orientation', 'height']",8,42,0.08971311897039413,0.07870864868164062,0.09779130667448044,0.07731892913579941,0.07773487269878387,0.78,0.0,600.5,1.0037031173706055,0.8810945749282837,39.884178161621094,56.145084381103516,27.917259216308594,95.91322326660156,34.516910552978516,24786.0859375,63850.59375,16776.361328125,35829.6171875,0.22027364373207092,0.027636362239718437,0.012140369974076748,0.005391458049416542,0.3601747155189514,274.9060363769531,0.97537761926651,0.588119266560883,5065.52978515625,10.836923678343803,0.2741513252258301,0.0009737659711390734,0.3928891162552756,0.4,8,0.7,4,1200
/home/iams/ramlab_ws/src/unitree_rl_mjlab/logs/rsl_rl/h1_2_velocity_a1_v2/2026-08-26_10-02-56_a1a_fullmirror_jacc1e-7_standing15_s42/model_10000.pt,td3,"['velocity', 'orientation', 'height']",8,42,0.08733183890581131,0.07655421644449234,0.09919783473014832,0.0751965269446373,0.07544677704572678,0.78,0.0,600.5,1.0059887170791626,0.8859286308288574,39.77153396606445,56.04047393798828,27.789472579956055,99.3158950805664,34.78706359863281,24834.248046875,63712.10546875,16713.947265625,37346.94140625,0.22148215770721436,0.02814655937254429,0.012716930359601974,0.00532003166154027,0.359157919883728,278.2276611328125,0.9783528447151184,0.5933996988399372,5111.8740234375,10.90252652347368,0.27909067273139954,0.0008506451267749071,0.39369473279507883,0.4,8,0.7,5,1200
/home/iams/ramlab_ws/src/unitree_rl_mjlab/logs/rsl_rl/h1_2_velocity_a1_v2/2026-08-26_10-02-56_a1a_fullmirror_jacc1e-7_standing15_s42/model_10000.pt,td3,"['velocity', 'orientation', 'height']",8,42,0.08569105714559555,0.07838918268680573,0.09608800709247589,0.0740092471241951,0.07739929854869843,0.76,0.0,600.5,1.01045560836792,0.8890705704689026,38.64177703857422,53.55728530883789,27.723623275756836,91.64713287353516,33.51691436767578,24700.41015625,62039.28125,15260.732421875,35737.82421875,0.22226764261722565,0.032119832932949066,0.012475422583520412,0.0056565324775874615,0.3535432815551758,278.26824951171875,0.9804036617279053,0.5882070750132659,5090.7158203125,10.760821961494766,0.2893732786178589,0.0008750803535804152,0.3930399181166837,0.4,8,0.7,6,1200
/home/iams/ramlab_ws/src/unitree_rl_mjlab/logs/rsl_rl/h1_2_velocity_a1_v2/2026-08-26_10-02-56_a1a_fullmirror_jacc1e-7_standing15_s42/model_10000.pt,td3,"['velocity', 'orientation', 'height']",8,42,0.08879000693559647,0.07737791538238525,0.09632504731416702,0.07659050822257996,0.07624796032905579,0.78,0.0,600.5,1.0039511919021606,0.882792055606842,39.775272369384766,55.98323059082031,27.844465255737305,103.21194458007812,34.28376770019531,24695.318359375,62913.76171875,16594.134765625,36373.671875,0.2206980139017105,0.027631374076008797,0.012192982248961926,0.005128780845552683,0.3599351644515991,277.0507507324219,0.9767382740974426,0.5920251689518898,5073.9150390625,10.842366191484446,0.27870991826057434,0.0008814673055894673,0.39374519354011794,0.4,8,0.7,7,1200
/home/iams/ramlab_ws/src/unitree_rl_mjlab/logs/rsl_rl/h1_2_velocity_a1_v2/2026-08-26_10-02-56_a1a_fullmirror_jacc1e-7_standing15_s42/model_10000.pt,td3,"['velocity', 'orientation', 'height']",8,42,0.08449221402406693,0.0854625478386879,0.11290877312421799,0.07283785194158554,0.08409483730792999,0.84,0.0,600.5,1.017038106918335,0.8767301440238953,40.8610725402832,56.97659683227539,29.06731414794922,113.504150390625,36.396820068359375,25025.021484375,70267.578125,17861.625,41099.21484375,0.21918253600597382,0.030987204983830452,0.014509323053061962,0.0052601248025894165,0.36624857783317566,291.8963928222656,0.9269205927848816,0.6016980464082351,5499.27783203125,11.335889178036778,0.26640963554382324,0.001434891833923757,0.4430343236227286,0.45,8,0.7,0,1200
/home/iams/ramlab_ws/src/unitree_rl_mjlab/logs/rsl_rl/h1_2_velocity_a1_v2/2026-08-26_10-02-56_a1a_fullmirror_jacc1e-7_standing15_s42/model_10000.pt,td3,"['velocity', 'orientation', 'height']",8,42,0.08361051231622696,0.08578207343816757,0.11021819710731506,0.07219674438238144,0.08449573814868927,0.84,0.0,600.5,1.0177947282791138,0.8792767524719238,38.30219268798828,51.70378494262695,28.6794490814209,96.72429656982422,36.02229690551758,24484.861328125,67076.65625,14747.671875,34692.921875,0.21981918811798096,0.032012056559324265,0.014166307635605335,0.005308493040502071,0.36222460865974426,289.6870422363281,0.9275325536727905,0.5943701662997235,5502.79931640625,11.290457853238284,0.2764200270175934,0.001256645075045526,0.4436741767764298,0.45,8,0.7,1,1200
/home/iams/ramlab_ws/src/unitree_rl_mjlab/logs/rsl_rl/h1_2_velocity_a1_v2/2026-08-26_10-02-56_a1a_fullmirror_jacc1e-7_standing15_s42/model_10000.pt,td3,"['velocity', 'orientation', 'height']",8,42,0.08520029485225677,0.08667321503162384,0.10976960510015488,0.07374165952205658,0.08532112836837769,0.84,0.0,600.5,1.0167343616485596,0.8772121071815491,39.13995361328125,53.19257736206055,29.00303077697754,99.77433013916016,36.5128059387207,24558.990234375,69619.3125,15484.056640625,35879.8515625,0.21930302679538727,0.03109114244580269,0.013817922212183475,0.005190451629459858,0.36507993936538696,290.5118103027344,0.9280794262886047,0.5961859146608633,5471.072265625,11.22768803653083,0.2749718129634857,0.0015922820894047618,0.44380236925744004,0.45,8,0.7,2,1200
/home/iams/ramlab_ws/src/unitree_rl_mjlab/logs/rsl_rl/h1_2_velocity_a1_v2/2026-08-26_10-02-56_a1a_fullmirror_jacc1e-7_standing15_s42/model_10000.pt,td3,"['velocity', 'orientation', 'height']",8,42,0.08469142019748688,0.08595643937587738,0.107308030128479,0.0731959119439125,0.08457650989294052,0.84,0.0,600.5,1.0144081115722656,0.8762838244438171,38.061622619628906,51.215877532958984,28.62765884399414,92.78440856933594,35.793331146240234,24328.486328125,69061.2890625,14424.90234375,34497.63671875,0.21907095611095428,0.03049091249704361,0.014027725905179977,0.0052576493471860886,0.36423051357269287,289.47357177734375,0.9283007979393005,0.5947654550933452,5476.490234375,11.252244831988202,0.2735592722892761,0.0011727926321327686,0.4436741767764298,0.45,8,0.7,3,1200
/home/iams/ramlab_ws/src/unitree_rl_mjlab/logs/rsl_rl/h1_2_velocity_a1_v2/2026-08-26_10-02-56_a1a_fullmirror_jacc1e-7_standing15_s42/model_10000.pt,td3,"['velocity', 'orientation', 'height']",8,42,0.08316496014595032,0.08668974786996841,0.11109616607427597,0.07164377719163895,0.08536908775568008,0.84,0.0,600.5,1.014634132385254,0.8753332495689392,39.32860565185547,53.798675537109375,28.840579986572266,102.22320556640625,35.9554443359375,24732.7421875,68064.03125,15942.802734375,36276.2421875,0.2188333123922348,0.030763886868953705,0.013726504519581795,0.0051915268413722515,0.3645355701446533,288.82916259765625,0.9283593893051147,0.5933279601676614,5447.759765625,11.191072845137272,0.2705017328262329,0.0010883253999054432,0.44341801385681295,0.45,8,0.7,4,1200
/home/iams/ramlab_ws/src/unitree_rl_mjlab/logs/rsl_rl/h1_2_velocity_a1_v2/2026-08-26_10-02-56_a1a_fullmirror_jacc1e-7_standing15_s42/model_10000.pt,td3,"['velocity', 'orientation', 'height']",8,42,0.08586763590574265,0.08740871399641037,0.10955888032913208,0.07404357939958572,0.08607421070337296,0.84,0.0,600.5,1.0139214992523193,0.8733755946159363,38.80720138549805,52.47785949707031,28.979719161987305,98.08901977539062,36.166019439697266,24370.35546875,65954.6171875,15111.79296875,34990.12109375,0.21834389865398407,0.028315026313066483,0.013596140779554844,0.005141040775924921,0.36776524782180786,289.25909423828125,0.9302408695220947,0.5987926984114829,5501.2294921875,11.388047432450195,0.2666959762573242,0.0012054534163326025,0.44309822587624403,0.45,8,0.7,5,1200
/home/iams/ramlab_ws/src/unitree_rl_mjlab/logs/rsl_rl/h1_2_velocity_a1_v2/2026-08-26_10-02-56_a1a_fullmirror_jacc1e-7_standing15_s42/model_10000.pt,td3,"['velocity', 'orientation', 'height']",8,42,0.08542810380458832,0.08635884523391724,0.11179079860448837,0.07366574555635452,0.0849643126130104,0.84,0.0,600.5,1.0171009302139282,0.877056896686554,39.23044967651367,53.629920959472656,28.813692092895508,101.63642883300781,36.32404327392578,24514.171875,69943.640625,15815.59765625,36106.953125,0.2192642241716385,0.03013809584081173,0.01444948185235262,0.005410726647824049,0.36796867847442627,291.0096435546875,0.9293294548988342,0.6022582659826261,5544.44189453125,11.474485251999395,0.26560306549072266,0.001230259658768773,0.4438664932813177,0.45,8,0.7,6,1200
/home/iams/ramlab_ws/src/unitree_rl_mjlab/logs/rsl_rl/h1_2_velocity_a1_v2/2026-08-26_10-02-56_a1a_fullmirror_jacc1e-7_standing15_s42/model_10000.pt,td3,"['velocity', 'orientation', 'height']",8,42,0.0852954313158989,0.08691545575857162,0.1085447445511818,0.07363031059503555,0.08559573441743851,0.84,0.0,600.5,1.0129486322402954,0.8736212849617004,39.397254943847656,53.90340805053711,28.886627197265625,102.69196319580078,35.976341247558594,24595.21875,67290.171875,15941.8779296875,36676.41015625,0.2184053212404251,0.02944243513047695,0.013685579411685467,0.005148937925696373,0.3667148947715759,288.60107421875,0.930091142654419,0.5959333257389389,5468.818359375,11.292581615298221,0.2678007185459137,0.001283378922380507,0.4432900432900433,0.45,8,0.7,7,1200
/home/iams/ramlab_ws/src/unitree_rl_mjlab/logs/rsl_rl/h1_2_velocity_a1_v2/2026-08-26_10-02-56_a1a_fullmirror_jacc1e-7_standing15_s42/model_10000.pt,td3,"['velocity', 'orientation', 'height']",8,42,0.08526940643787384,0.0908040776848793,0.11600442230701447,0.07412108778953552,0.08890844136476517,0.7000000000000001,0.0,600.5,1.08445143699646,0.9047322273254395,40.41360855102539,52.53861618041992,31.94814109802246,90.84483337402344,39.67523956298828,25063.0,69937.4453125,15288.7958984375,37574.76171875,0.22618305683135986,0.03178418055176735,0.016929350793361664,0.0051722400821745396,0.40163302421569824,314.1553649902344,0.8825976848602295,0.6155651789708354,5809.578125,11.383457029007293,0.2646079361438751,0.0025770135689526796,0.47880299251870323,0.5,8,0.7,0,1200
/home/iams/ramlab_ws/src/unitree_rl_mjlab/logs/rsl_rl/h1_2_velocity_a1_v2/2026-08-26_10-02-56_a1a_fullmirror_jacc1e-7_standing15_s42/model_10000.pt,td3,"['velocity', 'orientation', 'height']",8,42,0.08769217133522034,0.08929261565208435,0.11316139250993729,0.07684686779975891,0.0872366800904274,0.7000000000000001,0.0,600.5,1.0856235027313232,0.9085513353347778,39.36292266845703,50.261104583740234,31.8281192779541,88.05162048339844,39.92801284790039,25014.626953125,71655.875,13970.60546875,33284.58203125,0.22713783383369446,0.03328303247690201,0.01637927256524563,0.005156981758773327,0.39720651507377625,311.324951171875,0.8837174773216248,0.6040909135867754,5749.89111328125,11.157014676132917,0.2743992209434509,0.0029675120022147894,0.4816556914393227,0.5,8,0.7,1,1200
/home/iams/ramlab_ws/src/unitree_rl_mjlab/logs/rsl_rl/h1_2_velocity_a1_v2/2026-08-26_10-02-56_a1a_fullmirror_jacc1e-7_standing15_s42/model_10000.pt,td3,"['velocity', 'orientation', 'height']",8,42,0.08815910667181015,0.08881760388612747,0.11302269250154495,0.07742691785097122,0.08678612112998962,0.7000000000000001,0.0,600.5,1.0877774953842163,0.9093002080917358,39.258262634277344,50.20044708251953,31.679821014404297,87.11082458496094,39.88802719116211,25098.5859375,72946.6796875,14036.0185546875,33675.36328125,0.22732505202293396,0.033263493329286575,0.01638142019510269,0.005302996374666691,0.39941293001174927,313.0869140625,0.88065105676651,0.6053059046413292,5764.37548828125,11.144543310918618,0.27433526515960693,0.0032121180556714535,0.4827911362564828,0.5,8,0.7,2,1200
/home/iams/ramlab_ws/src/unitree_rl_mjlab/logs/rsl_rl/h1_2_velocity_a1_v2/2026-08-26_10-02-56_a1a_fullmirror_jacc1e-7_standing15_s42/model_10000.pt,td3,"['velocity', 'orientation', 'height']",8,42,0.08510756492614746,0.09094271063804626,0.11672443151473999,0.07375475019216537,0.08910465240478516,0.7000000000000001,0.0,600.5,1.079620361328125,0.8995537161827087,40.27413558959961,52.10626220703125,32.08751678466797,92.19552612304688,39.3544921875,24718.751953125,71416.9453125,15060.7041015625,36050.20703125,0.22488842904567719,0.030421098694205284,0.017059369012713432,0.005156961269676685,0.40180063247680664,311.9151611328125,0.8854752779006958,0.6159177614873129,5807.822265625,11.468312486734153,0.25870510935783386,0.002288625342771411,0.47591014717273433,0.5,8,0.7,3,1200
/home/iams/ramlab_ws/src/unitree_rl_mjlab/logs/rsl_rl/h1_2_velocity_a1_v2/2026-08-26_10-02-56_a1a_fullmirror_jacc1e-7_standing15_s42/model_10000.pt,td3,"['velocity', 'orientation', 'height']",8,42,0.0831061601638794,0.08917013555765152,0.11380832642316818,0.07225316762924194,0.0872279554605484,0.7000000000000001,0.0,600.5,1.0909528732299805,0.9119847416877747,40.6160888671875,53.065425872802734,31.830705642700195,94.0786361694336,40.09213638305664,25484.556640625,73573.3125,15675.689453125,37453.2265625,0.22799618542194366,0.03430593013763428,0.016714315861463547,0.005012046545743942,0.3994140028953552,314.1696472167969,0.8827213644981384,0.6093367071649717,5745.30810546875,11.143111402803966,0.271738737821579,0.002054603071883321,0.47724095075345657,0.5,8,0.7,4,1200
/home/iams/ramlab_ws/src/unitree_rl_mjlab/logs/rsl_rl/h1_2_velocity_a1_v2/2026-08-26_10-02-56_a1a_fullmirror_jacc1e-7_standing15_s42/model_10000.pt,td3,"['velocity', 'orientation', 'height']",8,42,0.08615486323833466,0.09045291692018509,0.11799801886081696,0.0752701535820961,0.08837512135505676,0.7000000000000001,0.0,600.5,1.0888612270355225,0.9094602465629578,39.9493293762207,51.420021057128906,31.973827362060547,89.43059539794922,39.65129470825195,25252.330078125,69970.5234375,14636.9921875,35820.5234375,0.22736506164073944,0.03311985731124878,0.016734065487980843,0.005131839774549007,0.39961209893226624,313.778076171875,0.8846028447151184,0.6101172679334698,5764.0185546875,11.20769140112567,0.26853036880493164,0.002644274150952697,0.4753946146703807,0.5,8,0.7,5,1200
/home/iams/ramlab_ws/src/unitree_rl_mjlab/logs/rsl_rl/h1_2_velocity_a1_v2/2026-08-26_10-02-56_a1a_fullmirror_jacc1e-7_standing15_s42/model_10000.pt,td3,"['velocity', 'orientation', 'height']",8,42,0.08661523461341858,0.08965977281332016,0.11670781672000885,0.07571576535701752,0.08768140524625778,0.7000000000000001,0.0,600.5,1.0913983583450317,0.9127726554870605,39.719482421875,50.921722412109375,31.91202163696289,91.0648422241211,40.04096603393555,25283.642578125,71189.6640625,14445.2646484375,35595.484375,0.22819316387176514,0.033808398991823196,0.016834968701004982,0.005257314536720514,0.3992094397544861,312.8558349609375,0.8825976848602295,0.6064931250615452,5750.40625,11.147568362151173,0.27439767122268677,0.0025960272178053856,0.4797751054193347,0.5,8,0.7,6,1200
/home/iams/ramlab_ws/src/unitree_rl_mjlab/logs/rsl_rl/h1_2_velocity_a1_v2/2026-08-26_10-02-56_a1a_fullmirror_jacc1e-7_standing15_s42/model_10000.pt,td3,"['velocity', 'orientation', 'height']",8,42,0.0849338248372078,0.09188459068536758,0.1157630905508995,0.07378353178501129,0.09000246226787567,0.7000000000000001,0.0,600.5,1.0751556158065796,0.8996835350990295,39.452598571777344,50.86335754394531,31.5061092376709,91.62297058105469,39.031471252441406,24826.38671875,70597.2421875,14470.1572265625,34480.546875,0.22492088377475739,0.03171132132411003,0.01664227806031704,0.005200208630412817,0.39494970440864563,310.1782531738281,0.8850716352462769,0.608485769962715,5743.69140625,11.267566727958942,0.26624491810798645,0.002315392717719078,0.48142924306535023,0.5,8,0.7,7,1200
/home/iams/ramlab_ws/src/unitree_rl_mjlab/logs/rsl_rl/h1_2_velocity_a1_v2/2026-08-26_10-02-56_a1a_fullmirror_jacc1e-7_standing15_s42/model_10000.pt,td3,"['velocity', 'orientation', 'height']",8,42,0.10377248376607895,0.09797019511461258,0.16855879127979279,0.09504852443933487,0.09635309129953384,0.72,3.9062499126885086e-05,594.3914794921875,1.2018101215362549,0.950581967830658,45.94894027709961,56.18854904174805,39.0661506652832,89.80325317382812,50.48505401611328,26698.21484375,64883.39453125,16786.60546875,38607.578125,0.2376454919576645,0.03767205402255058,0.021290456876158714,0.0065053836442530155,0.4725850820541382,365.49224853515625,0.810950517654419,0.6651804509671105,6119.306640625,11.136878065398536,0.3012802004814148,0.005335557274520397,0.4962843295638126,0.55,8,0.7,0,1200
/home/iams/ramlab_ws/src/unitree_rl_mjlab/logs/rsl_rl/h1_2_velocity_a1_v2/2026-08-26_10-02-56_a1a_fullmirror_jacc1e-7_standing15_s42/model_10000.pt,td3,"['velocity', 'orientation', 'height']",8,42,0.1005031168460846,0.09636633843183517,0.15838316082954407,0.09157838672399521,0.09469949454069138,0.72,5.208333459449932e-05,590.34326171875,1.2015821933746338,0.951185941696167,45.307735443115234,55.00770950317383,38.86092758178711,89.0418472290039,51.581459045410156,26821.189453125,67182.734375,16172.90234375,37742.765625,0.23779648542404175,0.035639647394418716,0.02086222916841507,0.006094926502555609,0.4699164927005768,360.5929260253906,0.8146679401397705,0.6597968147396065,6076.56103515625,11.118619278391487,0.29782307147979736,0.004709962755441666,0.49341471249598456,0.55,8,0.7,1,1200
/home/iams/ramlab_ws/src/unitree_rl_mjlab/logs/rsl_rl/h1_2_velocity_a1_v2/2026-08-26_10-02-56_a1a_fullmirror_jacc1e-7_standing15_s42/model_10000.pt,td3,"['velocity', 'orientation', 'height']",8,42,0.09662473946809769,0.09623618423938751,0.15766745805740356,0.08720717579126358,0.09399254620075226,0.72,0.0,600.5,1.1891738176345825,0.9411031603813171,45.7523307800293,56.38314437866211,38.538795471191406,91.79155731201172,51.32994842529297,26687.57421875,64802.55859375,17201.671875,38082.45703125,0.23527579009532928,0.03470107913017273,0.02054901421070099,0.0057224854826927185,0.4681462049484253,355.7347106933594,0.81863933801651,0.6573103499443123,6037.7607421875,11.15629779110006,0.29539117217063904,0.0033511249348521233,0.5008151287903488,0.55,8,0.7,2,1200
/home/iams/ramlab_ws/src/unitree_rl_mjlab/logs/rsl_rl/h1_2_velocity_a1_v2/2026-08-26_10-02-56_a1a_fullmirror_jacc1e-7_standing15_s42/model_10000.pt,td3,"['velocity', 'orientation', 'height']",8,42,0.09622655063867569,0.09453337639570236,0.15792518854141235,0.08651338517665863,0.09219623357057571,0.72,2.604166729724966e-05,594.3907470703125,1.1937388181686401,0.9421612620353699,46.46044921875,57.39010238647461,39.08281707763672,96.54733276367188,50.48492431640625,26712.43359375,65931.4375,17810.392578125,38941.28125,0.23554031550884247,0.0329631008207798,0.021332554519176483,0.0057182712480425835,0.4720991551876068,360.39569091796875,0.8169531226158142,0.6689825737004249,6117.6357421875,11.355828436583382,0.28807389736175537,0.003925665747374296,0.5005703112269839,0.55,8,0.7,3,1200
/home/iams/ramlab_ws/src/unitree_rl_mjlab/logs/rsl_rl/h1_2_velocity_a1_v2/2026-08-26_10-02-56_a1a_fullmirror_jacc1e-7_standing15_s42/model_10000.pt,td3,"['velocity', 'orientation', 'height']",8,42,0.10263479501008987,0.0991305559873581,0.16254635155200958,0.09371179342269897,0.096608966588974,0.72,5.208333459449932e-05,589.5436401367188,1.1970142126083374,0.9466498494148254,45.46321105957031,55.067081451416016,39.12674331665039,87.2556381225586,50.47237777709961,26576.283203125,65307.6796875,16168.1767578125,36044.04296875,0.23666246235370636,0.03532840684056282,0.021175844594836235,0.006230483762919903,0.4712289869785309,363.2445373535156,0.8137955665588379,0.6666217274962675,6124.0498046875,11.238778002589125,0.29985323548316956,0.006522884592413902,0.4995121951219512,0.55,8,0.7,4,1200
/home/iams/ramlab_ws/src/unitree_rl_mjlab/logs/rsl_rl/h1_2_velocity_a1_v2/2026-08-26_10-02-56_a1a_fullmirror_jacc1e-7_standing15_s42/model_10000.pt,td3,"['velocity', 'orientation', 'height']",8,42,0.09918557852506638,0.0948755294084549,0.15098321437835693,0.09011850506067276,0.09282384812831879,0.72,0.0,600.5,1.1958541870117188,0.9474795460700989,45.12798309326172,54.9074592590332,38.58372497558594,90.23533630371094,50.91895294189453,26734.685546875,67130.359375,16287.9267578125,38649.7421875,0.23686988651752472,0.034910306334495544,0.02070022188127041,0.005976259242743254,0.4698886573314667,356.8763732910156,0.8158268332481384,0.6539381007759848,6055.5068359375,11.096073191617227,0.296928346157074,0.0033843722194433212,0.4982968369829684,0.55,8,0.7,5,1200
/home/iams/ramlab_ws/src/unitree_rl_mjlab/logs/rsl_rl/h1_2_velocity_a1_v2/2026-08-26_10-02-56_a1a_fullmirror_jacc1e-7_standing15_s42/model_10000.pt,td3,"['velocity', 'orientation', 'height']",8,42,0.10760269314050674,0.09612661600112915,0.16004151105880737,0.09945088624954224,0.09403657913208008,0.7000000000000001,0.0,600.5,1.206335186958313,0.9536029100418091,46.259056091308594,56.5497932434082,39.326820373535156,90.3287582397461,51.31227111816406,26800.1015625,65111.05859375,17021.197265625,39354.55859375,0.23840072751045227,0.03833364322781563,0.021131251007318497,0.006780931726098061,0.47550079226493835,366.0237731933594,0.8097981810569763,0.6584426101560836,6127.20458984375,11.02226996759137,0.3101634681224823,0.004904402885586023,0.49389067524115754,0.55,8,0.7,6,1200
/home/iams/ramlab_ws/src/unitree_rl_mjlab/logs/rsl_rl/h1_2_velocity_a1_v2/2026-08-26_10-02-56_a1a_fullmirror_jacc1e-7_standing15_s42/model_10000.pt,td3,"['velocity', 'orientation', 'height']",8,42,0.10009992867708206,0.09740980714559555,0.16029329597949982,0.09105212986469269,0.09564454108476639,0.72,3.9062499126885086e-05,593.4124755859375,1.1920216083526611,0.9442288279533386,44.948787689208984,54.30086898803711,38.81919860839844,88.29084014892578,50.255191802978516,26460.498046875,65606.3515625,15904.857421875,37747.4375,0.23605720698833466,0.03435200825333595,0.021323122084140778,0.006019970402121544,0.4676372706890106,359.0274353027344,0.8159244656562805,0.6620953282121296,6082.63623046875,11.217207809949453,0.2902272045612335,0.005175511818379164,0.5025355799116636,0.55,8,0.7,7,1200
/home/iams/ramlab_ws/src/unitree_rl_mjlab/logs/rsl_rl/h1_2_velocity_a1_v2/2026-08-26_10-02-56_a1a_fullmirror_jacc1e-7_standing15_s42/model_10000.pt,td3,"['velocity', 'orientation', 'height']",8,42,0.1273750364780426,0.11612498015165329,0.23820996284484863,0.12055221199989319,0.11598975956439972,0.72,0.00010416666918899864,581.8738403320312,1.26799738407135,0.9545800685882568,50.46059799194336,58.57373046875,45.42274856567383,84.96290588378906,58.50002670288086,26203.365234375,54021.36328125,17516.44921875,37353.37109375,0.2386450171470642,0.044716574251651764,0.02630300633609295,0.00841121468693018,0.532893180847168,412.79217529296875,0.7382747530937195,0.7153241799534783,6493.6484375,11.252790439016312,0.358310341835022,0.010450911708176136,0.5094527363184079,0.6,8,0.7,0,1200
/home/iams/ramlab_ws/src/unitree_rl_mjlab/logs/rsl_rl/h1_2_velocity_a1_v2/2026-08-26_10-02-56_a1a_fullmirror_jacc1e-7_standing15_s42/model_10000.pt,td3,"['velocity', 'orientation', 'height']",8,42,0.12477914243936539,0.11881943792104721,0.24558097124099731,0.11879564076662064,0.11863742023706436,0.74,0.00024739583022892475,568.7196655273438,1.2766058444976807,0.9550337195396423,51.737422943115234,60.91095733642578,45.88643264770508,88.6164321899414,57.9488639831543,26698.09375,55613.82421875,18936.583984375,36732.9921875,0.23875842988491058,0.043877873569726944,0.027361758053302765,0.008390025235712528,0.5344562530517578,418.9389953613281,0.7390559911727905,0.7352107652559474,6515.2939453125,11.433917876582006,0.35588589310646057,0.015526477247476578,0.49532408900354724,0.6,8,0.7,1,1200
/home/iams/ramlab_ws/src/unitree_rl_mjlab/logs/rsl_rl/h1_2_velocity_a1_v2/2026-08-26_10-02-56_a1a_fullmirror_jacc1e-7_standing15_s42/model_10000.pt,td3,"['velocity', 'orientation', 'height']",8,42,0.11872494965791702,0.1126011312007904,0.2217567414045334,0.11040400713682175,0.11062871664762497,0.74,9.11458337213844e-05,583.063720703125,1.250387191772461,0.945281445980072,49.53369140625,57.260135650634766,44.867088317871094,85.3403549194336,56.28681182861328,25857.986328125,56843.0234375,17050.3671875,35006.515625,0.236320361495018,0.0392998531460762,0.02545919455587864,0.007491228636354208,0.5192583203315735,400.2142639160156,0.7527474164962769,0.7102929364786854,6405.33642578125,11.368073686653737,0.33041512966156006,0.010379943996667862,0.5212080081438751,0.6,8,0.7,2,1200
/home/iams/ramlab_ws/src/unitree_rl_mjlab/logs/rsl_rl/h1_2_velocity_a1_v2/2026-08-26_10-02-56_a1a_fullmirror_jacc1e-7_standing15_s42/model_10000.pt,td3,"['velocity', 'orientation', 'height']",8,42,0.11694132536649704,0.1097874864935875,0.21903732419013977,0.10807131975889206,0.10794857144355774,0.74,7.812499825377017e-05,587.2902221679688,1.2494065761566162,0.9465572237968445,48.36509704589844,55.418846130371094,44.19010543823242,82.94155883789062,57.10087203979492,26127.77734375,56809.73828125,16240.318359375,35255.171875,0.23663930594921112,0.03715095296502113,0.025172270834445953,0.007355824112892151,0.5169870257377625,398.2512512207031,0.753893256187439,0.7087309195070227,6388.95166015625,11.36982719441076,0.3246749937534332,0.008851394057273865,0.521650534895568,0.6,8,0.7,3,1200
/home/iams/ramlab_ws/src/unitree_rl_mjlab/logs/rsl_rl/h1_2_velocity_a1_v2/2026-08-26_10-02-56_a1a_fullmirror_jacc1e-7_standing15_s42/model_10000.pt,td3,"['velocity', 'orientation', 'height']",8,42,0.11648955941200256,0.11319304257631302,0.23312640190124512,0.10873810946941376,0.11275666952133179,0.74,1.302083364862483e-05,598.1732177734375,1.2476439476013184,0.9395219683647156,50.362403869628906,59.06249237060547,44.859100341796875,86.78437042236328,56.64738082885742,25803.837890625,55180.40625,18280.65625,36896.953125,0.2348804920911789,0.041026096791028976,0.025604113936424255,0.007364022545516491,0.5219700932502747,398.98974609375,0.7458268404006958,0.7063835487477091,6394.4560546875,11.320940069999233,0.3355105519294739,0.007517148740589619,0.5231607629427792,0.6,8,0.7,4,1200
/home/iams/ramlab_ws/src/unitree_rl_mjlab/logs/rsl_rl/h1_2_velocity_a1_v2/2026-08-26_10-02-56_a1a_fullmirror_jacc1e-7_standing15_s42/model_10000.pt,td3,"['velocity', 'orientation', 'height']",8,42,0.12378153204917908,0.1167370080947876,0.2564891576766968,0.1165565773844719,0.11657476425170898,0.74,0.00015624999650754035,572.6397094726562,1.2640433311462402,0.9476367235183716,52.00083541870117,61.84375762939453,45.61027908325195,91.47023010253906,57.41819763183594,26511.87109375,55976.296875,19698.974609375,38077.64453125,0.2369091808795929,0.04376102238893509,0.027358707040548325,0.008502399548888206,0.531866192817688,413.1929016113281,0.7420117259025574,0.727044682518542,6472.74169921875,11.389287434150967,0.3506687581539154,0.014368741773068905,0.5071817731550272,0.6,8,0.7,5,1200
/home/iams/ramlab_ws/src/unitree_rl_mjlab/logs/rsl_rl/h1_2_velocity_a1_v2/2026-08-26_10-02-56_a1a_fullmirror_jacc1e-7_standing15_s42/model_10000.pt,td3,"['velocity', 'orientation', 'height']",8,42,0.11827375739812851,0.11777404695749283,0.24457046389579773,0.11070258915424347,0.11826937645673752,0.74,0.0002213541738456115,564.0009155273438,1.271849513053894,0.9507483243942261,52.642372131347656,62.6286735534668,46.17382049560547,93.73087310791016,57.72138595581055,26690.013671875,55159.8359375,20202.828125,40376.83203125,0.23768708109855652,0.04215205833315849,0.02732321061193943,0.008103015832602978,0.5319582223892212,419.5249328613281,0.7435351610183716,0.7456475350289685,6509.4658203125,11.569674123716878,0.34251222014427185,0.013405187986791134,0.49604392055546587,0.6,8,0.7,6,1200
/home/iams/ramlab_ws/src/unitree_rl_mjlab/logs/rsl_rl/h1_2_velocity_a1_v2/2026-08-26_10-02-56_a1a_fullmirror_jacc1e-7_standing15_s42/model_10000.pt,td3,"['velocity', 'orientation', 'height']",8,42,0.11783958226442337,0.11197467893362045,0.22718945145606995,0.11005731672048569,0.11166862398386002,0.74,7.812499825377017e-05,585.08935546875,1.2622073888778687,0.9512099623680115,50.789127349853516,59.90964889526367,44.930686950683594,88.98217010498047,57.6330451965332,26371.607421875,54569.69140625,18637.8359375,38855.25390625,0.23780249059200287,0.04018383100628853,0.025723520666360855,0.007552696857601404,0.5266271829605103,405.04559326171875,0.7473958134651184,0.7149495518344583,6414.38232421875,11.322082603871664,0.33925360441207886,0.007458716165274382,0.5234281819730789,0.6,8,0.7,7,1200
/home/iams/ramlab_ws/src/unitree_rl_mjlab/logs/rsl_rl/h1_2_velocity_a1_v2/2026-08-26_10-02-56_a1a_fullmirror_jacc1e-7_standing15_s42/model_10000.pt,td3,"['velocity', 'orientation', 'height']",8,42,0.14016245305538177,0.14701879024505615,0.2754696011543274,0.13957391679286957,0.1565643846988678,0.74,0.00016927083197515458,579.19873046875,1.2919507026672363,0.931597888469696,53.3204231262207,59.12423324584961,50.33359146118164,85.3543930053711,65.30001831054688,24318.2265625,51986.078125,17662.9140625,38317.70703125,0.232899472117424,0.04887818172574043,0.03173205628991127,0.010463726706802845,0.584671139717102,460.1382141113281,0.6946744918823242,0.7787285563479102,6839.04248046875,11.574256088801732,0.4106552302837372,0.01613498106598854,0.5311203319502075,0.65,8,0.7,0,1200
/home/iams/ramlab_ws/src/unitree_rl_mjlab/logs/rsl_rl/h1_2_velocity_a1_v2/2026-08-26_10-02-56_a1a_fullmirror_jacc1e-7_standing15_s42/model_10000.pt,td3,"['velocity', 'orientation', 'height']",8,42,0.1409299075603485,0.14722038805484772,0.28821438550949097,0.13922341167926788,0.15675729513168335,0.74,0.0001822916674427688,572.0247192382812,1.3035681247711182,0.9384375810623169,54.94587326049805,62.17251205444336,50.81623840332031,87.06815338134766,65.50712585449219,24854.15625,51816.6484375,19344.939453125,37663.94140625,0.23460939526557922,0.04982144013047218,0.031565215438604355,0.010324718430638313,0.5893182158470154,467.5738525390625,0.6884244680404663,0.7921869910295095,6885.11279296875,11.66510334478616,0.41872864961624146,0.015302176587283611,0.5135406218655968,0.65,8,0.7,1,1200
/home/iams/ramlab_ws/src/unitree_rl_mjlab/logs/rsl_rl/h1_2_velocity_a1_v2/2026-08-26_10-02-56_a1a_fullmirror_jacc1e-7_standing15_s42/model_10000.pt,td3,"['velocity', 'orientation', 'height']",8,42,0.15069083869457245,0.15674351155757904,0.32544925808906555,0.1487191617488861,0.16225939989089966,0.74,0.0003906250058207661,546.684814453125,1.3428411483764648,0.9582870006561279,59.23491668701172,69.52295684814453,52.74578094482422,95.51371765136719,65.64510345458984,26265.763671875,53068.91796875,23153.87890625,41285.83984375,0.23957175016403198,0.05561387911438942,0.033723317086696625,0.01156923733651638,0.6042771339416504,498.758544921875,0.6745833158493042,0.8397419360868412,7087.078125,11.932261873927413,0.45863449573516846,0.02446012943983078,0.49254449254449256,0.65,8,0.7,2,1200
/home/iams/ramlab_ws/src/unitree_rl_mjlab/logs/rsl_rl/h1_2_velocity_a1_v2/2026-08-26_10-02-56_a1a_fullmirror_jacc1e-7_standing15_s42/model_10000.pt,td3,"['velocity', 'orientation', 'height']",8,42,0.147983580827713,0.151392862200737,0.3025674521923065,0.14636467397212982,0.16018404066562653,0.74,0.0002734375011641532,565.4019775390625,1.3258178234100342,0.9482802748680115,56.50389862060547,64.24488830566406,52.00768280029297,89.92012023925781,66.58258819580078,25373.7734375,52295.96875,20230.181640625,39933.20703125,0.23707006871700287,0.052141040563583374,0.03303433582186699,0.01103194896131754,0.6029698252677917,483.61688232421875,0.6799544095993042,0.8130087594061346,7019.9267578125,11.80120417147584,0.44103923439979553,0.017794549465179443,0.5173459077130347,0.65,8,0.7,3,1200
/home/iams/ramlab_ws/src/unitree_rl_mjlab/logs/rsl_rl/h1_2_velocity_a1_v2/2026-08-26_10-02-56_a1a_fullmirror_jacc1e-7_standing15_s42/model_10000.pt,td3,"['velocity', 'orientation', 'height']",8,42,0.13583411276340485,0.14854301512241364,0.2904133200645447,0.1323530673980713,0.15659087896347046,0.74,7.812499825377017e-05,585.1740112304688,1.2877967357635498,0.9305930137634277,54.31895065307617,61.199981689453125,50.50788879394531,87.89906311035156,65.60823822021484,24277.451171875,52440.46484375,19117.84765625,39437.90234375,0.23264825344085693,0.04933134838938713,0.030451558530330658,0.010251100175082684,0.5812109708786011,455.7789611816406,0.6919531226158142,0.770256607175993,6774.41748046875,11.448618680602968,0.4104425609111786,0.011750530451536179,0.5199729180771835,0.65,8,0.7,4,1200
/home/iams/ramlab_ws/src/unitree_rl_mjlab/logs/rsl_rl/h1_2_velocity_a1_v2/2026-08-26_10-02-56_a1a_fullmirror_jacc1e-7_standing15_s42/model_10000.pt,td3,"['velocity', 'orientation', 'height']",8,42,0.1437951922416687,0.1639162003993988,0.31663262844085693,0.14294882118701935,0.17858873307704926,0.74,0.0003124999930150807,548.274658203125,1.329368233680725,0.9495774507522583,57.46266174316406,65.80401611328125,52.49360656738281,93.60307312011719,66.80632781982422,25562.76953125,51908.6953125,21277.70703125,39823.7265625,0.23739436268806458,0.05205187946557999,0.03326701372861862,0.011352761648595333,0.6022624373435974,486.30938720703125,0.6825650930404663,0.8194915653707505,6999.15673828125,11.7944465373558,0.4345560073852539,0.02404678985476494,0.5022069641981364,0.65,8,0.7,5,1200
/home/iams/ramlab_ws/src/unitree_rl_mjlab/logs/rsl_rl/h1_2_velocity_a1_v2/2026-08-26_10-02-56_a1a_fullmirror_jacc1e-7_standing15_s42/model_10000.pt,td3,"['velocity', 'orientation', 'height']",8,42,0.13988865911960602,0.15230245888233185,0.29647427797317505,0.1361859291791916,0.16238683462142944,0.74,0.00016927083197515458,566.3807373046875,1.2988402843475342,0.9345579147338867,55.507423400878906,63.13188171386719,51.1163330078125,89.88818359375,65.9015884399414,24741.767578125,51564.52734375,20088.51171875,38959.75,0.23363947868347168,0.051516737788915634,0.031916651874780655,0.010806898586452007,0.5878361463546753,464.5906677246094,0.6875585913658142,0.7862256589204859,6862.296875,11.613047279878089,0.4202375113964081,0.015978708863258362,0.5137982940291018,0.65,8,0.7,6,1200
/home/iams/ramlab_ws/src/unitree_rl_mjlab/logs/rsl_rl/h1_2_velocity_a1_v2/2026-08-26_10-02-56_a1a_fullmirror_jacc1e-7_standing15_s42/model_10000.pt,td3,"['velocity', 'orientation', 'height']",8,42,0.13748720288276672,0.14902985095977783,0.28460103273391724,0.13541264832019806,0.15835320949554443,0.74,0.00019531250291038305,578.0693969726562,1.3021420240402222,0.9353982210159302,54.687904357910156,61.40619659423828,50.996620178222656,89.26519012451172,66.32411193847656,24731.712890625,51909.66015625,19030.22265625,38832.37890625,0.23384955525398254,0.04870191588997841,0.03229517489671707,0.010340745560824871,0.5895859003067017,464.5922546386719,0.6955859661102295,0.7905726374024916,6903.20556640625,11.746827238832598,0.41299179196357727,0.0155014144256711,0.5277443738189315,0.65,8,0.7,7,1200
/home/iams/ramlab_ws/src/unitree_rl_mjlab/logs/rsl_rl/h1_2_velocity_a1_v2/2026-08-26_10-02-56_a1a_fullmirror_jacc1e-7_standing15_s42/model_10000.pt,td3,"['velocity', 'orientation', 'height']",8,42,0.15852166712284088,0.20205242931842804,0.352831095457077,0.15105463564395905,0.20662373304367065,0.6,0.0005729166441597044,519.9491577148438,1.3805538415908813,0.9592987895011902,62.37808609008789,70.81777954101562,57.52324295043945,96.4653549194336,74.22856903076172,25710.5,49367.92578125,23603.744140625,40031.2890625,0.23982469737529755,0.061302803456783295,0.03875379636883736,0.013315954245626926,0.6443647742271423,549.2623901367188,0.6166341304779053,0.921269069304698,7502.72412109375,12.584199022361178,0.5047425031661987,0.031810175627470016,0.49894429105083643,0.7,8,0.7,0,1200
/home/iams/ramlab_ws/src/unitree_rl_mjlab/logs/rsl_rl/h1_2_velocity_a1_v2/2026-08-26_10-02-56_a1a_fullmirror_jacc1e-7_standing15_s42/model_10000.pt,td3,"['velocity', 'orientation', 'height']",8,42,0.14632099866867065,0.20714986324310303,0.28134652972221375,0.13892917335033417,0.21327060461044312,0.6,0.0001302083401242271,579.7359008789062,1.3160609006881714,0.9275497794151306,56.080841064453125,60.343605041503906,54.49739456176758,86.42198181152344,72.01004791259766,23009.080078125,46953.07421875,17964.736328125,36878.234375,0.23188744485378265,0.05589611083269119,0.03524937480688095,0.01208959985524416,0.6152060627937317,500.1666564941406,0.6258789300918579,0.8268077317459159,7162.0908203125,11.839397608805134,0.46980538964271545,0.01633640006184578,0.5466192170818506,0.7,8,0.7,1,1200
/home/iams/ramlab_ws/src/unitree_rl_mjlab/logs/rsl_rl/h1_2_velocity_a1_v2/2026-08-26_10-02-56_a1a_fullmirror_jacc1e-7_standing15_s42/model_10000.pt,td3,"['velocity', 'orientation', 'height']",8,42,0.15144295990467072,0.22167307138442993,0.31297948956489563,0.14288179576396942,0.23100748658180237,0.6,0.00020833333837799728,565.0623168945312,1.3482253551483154,0.9451954960823059,59.73175811767578,66.2047348022461,56.44501876831055,92.7714614868164,73.72187805175781,23847.591796875,46494.30859375,20976.48046875,40248.18359375,0.23629887402057648,0.06032906845211983,0.03657955303788185,0.012869958765804768,0.6281264424324036,522.6973266601562,0.6153059601783752,0.8586449014096306,7328.30419921875,12.038344816269623,0.49178218841552734,0.01862771436572075,0.5233390119250426,0.7,8,0.7,2,1200
/home/iams/ramlab_ws/src/unitree_rl_mjlab/logs/rsl_rl/h1_2_velocity_a1_v2/2026-08-26_10-02-56_a1a_fullmirror_jacc1e-7_standing15_s42/model_10000.pt,td3,"['velocity', 'orientation', 'height']",8,42,0.15812517702579498,0.2272750586271286,0.3097063899040222,0.15106479823589325,0.23677881062030792,0.58,0.0002994791720993817,556.5133666992188,1.3765206336975098,0.9679251313209534,60.641380310058594,67.09172058105469,57.42086410522461,93.96310424804688,74.9779052734375,24625.4453125,48510.47265625,21062.91796875,39668.1796875,0.24198128283023834,0.0619521401822567,0.036396607756614685,0.013361921533942223,0.6348884701728821,538.25634765625,0.6166601777076721,0.8756210943414326,7397.158203125,12.03349933272482,0.5055664777755737,0.022684890776872635,0.520149001015916,0.7,8,0.7,3,1200
/home/iams/ramlab_ws/src/unitree_rl_mjlab/logs/rsl_rl/h1_2_velocity_a1_v2/2026-08-26_10-02-56_a1a_fullmirror_jacc1e-7_standing15_s42/model_10000.pt,td3,"['velocity', 'orientation', 'height']",8,42,0.15212231874465942,0.2114146649837494,0.3245678246021271,0.1441049575805664,0.21587955951690674,0.6,0.00046874998952262104,560.7927856445312,1.3709450960159302,0.9571018815040588,60.60334777832031,67.54424285888672,56.953086853027344,93.800537109375,73.15021514892578,25007.23828125,50445.02734375,21806.1015625,40186.07421875,0.2392754703760147,0.06001722812652588,0.038130391389131546,0.013297011144459248,0.6347829103469849,531.8076782226562,0.6201367378234863,0.8802595643340767,7402.755859375,12.253201734525511,0.49257323145866394,0.0248817540705204,0.5176074136478517,0.7,8,0.7,4,1200
/home/iams/ramlab_ws/src/unitree_rl_mjlab/logs/rsl_rl/h1_2_velocity_a1_v2/2026-08-26_10-02-56_a1a_fullmirror_jacc1e-7_standing15_s42/model_10000.pt,td3,"['velocity', 'orientation', 'height']",8,42,0.14341650903224945,0.20653599500656128,0.30717727541923523,0.1373475193977356,0.21411284804344177,0.6,0.0002213541738456115,569.828369140625,1.3292012214660645,0.931364119052887,58.011905670166016,63.254024505615234,55.66469955444336,88.62962341308594,73.65120697021484,23490.25,48255.6171875,19698.736328125,39056.18359375,0.23284102976322174,0.054880257695913315,0.03668632358312607,0.012150713242590427,0.6255182027816772,510.8271789550781,0.625475287437439,0.8558425736031177,7269.27978515625,12.17899116267603,0.46496978402137756,0.018450934439897537,0.5382863150516909,0.7,8,0.7,5,1200
/home/iams/ramlab_ws/src/unitree_rl_mjlab/logs/rsl_rl/h1_2_velocity_a1_v2/2026-08-26_10-02-56_a1a_fullmirror_jacc1e-7_standing15_s42/model_10000.pt,td3,"['velocity', 'orientation', 'height']",8,42,0.15887096524238586,0.2286367267370224,0.3342110216617584,0.15173162519931793,0.24135012924671173,0.58,0.0003515625139698386,560.4586791992188,1.3846182823181152,0.9709928631782532,62.58987045288086,71.08568572998047,57.724361419677734,97.54959869384766,75.60395812988281,25109.107421875,48171.8828125,23341.033203125,42043.3125,0.2427482157945633,0.06267741322517395,0.03682970628142357,0.013369265012443066,0.6374985575675964,545.073486328125,0.6127278804779053,0.8893610492693457,7478.45068359375,12.202102729639567,0.5119885802268982,0.02430661767721176,0.5016329196603527,0.7,8,0.7,6,1200
/home/iams/ramlab_ws/src/unitree_rl_mjlab/logs/rsl_rl/h1_2_velocity_a1_v2/2026-08-26_10-02-56_a1a_fullmirror_jacc1e-7_standing15_s42/model_10000.pt,td3,"['velocity', 'orientation', 'height']",8,42,0.1435151845216751,0.21624669432640076,0.3051593005657196,0.13586142659187317,0.22308902442455292,0.6,0.0001302083401242271,573.447021484375,1.33897864818573,0.9435484409332275,59.423377990722656,65.94001007080078,56.09840393066406,92.47767639160156,73.42969512939453,23745.6328125,46399.6640625,21145.646484375,41881.8125,0.23588711023330688,0.05806027725338936,0.035394079983234406,0.012522852048277855,0.6248300075531006,514.3822631835938,0.6227083206176758,0.85148346519915,7277.46728515625,12.046766510821723,0.4773385524749756,0.015928585082292557,0.526839307151432,0.7,8,0.7,7,1200
/home/iams/ramlab_ws/src/unitree_rl_mjlab/logs/rsl_rl/h1_2_velocity_a1_v2/2026-08-26_10-02-56_a1a_fullmirror_jacc1e-7_standing15_s42/model_10000.pt,td3,"['velocity', 'orientation', 'height']",8,42,0.09048047661781311,0.07544953376054764,0.09472744166851044,0.07795673608779907,0.07449746131896973,0.78,0.0,600.5,1.0097419023513794,0.89412522315979,36.58625793457031,50.37255859375,26.53406524658203,87.31099700927734,31.853965759277344,24402.755859375,59732.453125,14188.9912109375,34534.125,0.2235313057899475,0.032797921448946,0.015714416280388832,0.005902749486267567,0.35402190685272217,282.78466796875,0.97921222448349,0.603785851386973,5591.919921875,11.939552178698966,0.29328465461730957,0.0014795492170378566,0.3930399181166837,0.4,12,0.7,0,1200
/home/iams/ramlab_ws/src/unitree_rl_mjlab/logs/rsl_rl/h1_2_velocity_a1_v2/2026-08-26_10-02-56_a1a_fullmirror_jacc1e-7_standing15_s42/model_10000.pt,td3,"['velocity', 'orientation', 'height']",8,42,0.09232896566390991,0.07655753940343857,0.09247806668281555,0.0797213539481163,0.07558025419712067,0.96,0.0,600.5,1.0040971040725708,0.887354850769043,37.39944076538086,51.726585388183594,26.938634872436523,90.62410736083984,33.21167755126953,24458.86328125,59863.7421875,15037.931640625,34574.41796875,0.22183871269226074,0.03013232909142971,0.015176585875451565,0.005705253686755896,0.3599958121776581,281.68145751953125,0.9787630438804626,0.606910657529681,5562.6064453125,11.985187762045198,0.2891574203968048,0.001143545494414866,0.39319083578650965,0.4,12,0.7,1,1200
/home/iams/ramlab_ws/src/unitree_rl_mjlab/logs/rsl_rl/h1_2_velocity_a1_v2/2026-08-26_10-02-56_a1a_fullmirror_jacc1e-7_standing15_s42/model_10000.pt,td3,"['velocity', 'orientation', 'height']",8,42,0.09211841970682144,0.07523465156555176,0.09474101662635803,0.07958874851465225,0.07422531396150589,0.78,0.0,600.5,1.0052986145019531,0.8872880935668945,38.28253936767578,53.706111907958984,26.954063415527344,91.68882751464844,32.088706970214844,24617.73046875,61074.63671875,16130.1630859375,34461.90234375,0.22182202339172363,0.03146589547395706,0.015581437386572361,0.005820475984364748,0.3571919798851013,281.21746826171875,0.9807877540588379,0.6054714513783616,5555.81591796875,11.961874665113447,0.2896788716316223,0.0012305259006097913,0.39319083578650965,0.4,12,0.7,2,1200
/home/iams/ramlab_ws/src/unitree_rl_mjlab/logs/rsl_rl/h1_2_velocity_a1_v2/2026-08-26_10-02-56_a1a_fullmirror_jacc1e-7_standing15_s42/model_10000.pt,td3,"['velocity', 'orientation', 'height']",8,42,0.08857923001050949,0.07467925548553467,0.09476341307163239,0.07611951977014542,0.07369305938482285,0.78,0.0,600.5,1.013239860534668,0.8956900238990784,37.75703430175781,52.511558532714844,26.94936752319336,89.41896057128906,32.396484375,24634.380859375,59530.48828125,15209.2275390625,35874.046875,0.2239225059747696,0.0342927984893322,0.01549908984452486,0.005900769028812647,0.3533569276332855,283.0011291503906,0.9799023270606995,0.6002200476897928,5528.8193359375,11.726129701132406,0.2947075664997101,0.0015583235071972013,0.3932411674347158,0.4,12,0.7,3,1200
/home/iams/ramlab_ws/src/unitree_rl_mjlab/logs/rsl_rl/h1_2_velocity_a1_v2/2026-08-26_10-02-56_a1a_fullmirror_jacc1e-7_standing15_s42/model_10000.pt,td3,"['velocity', 'orientation', 'height']",8,42,0.09169080853462219,0.07324497401714325,0.09772342443466187,0.07891514897346497,0.07223180681467056,0.96,0.0,600.5,1.0026105642318726,0.8853769898414612,37.418575286865234,51.92536926269531,26.822086334228516,89.7773208618164,32.5706787109375,24335.83203125,63037.51171875,15208.798828125,33920.88671875,0.2213442474603653,0.028039829805493355,0.015822751447558403,0.005557045340538025,0.358100950717926,279.9515075683594,0.9797981977462769,0.6044641301476104,5580.47021484375,12.049208486312144,0.2818792164325714,0.0009646090911701322,0.39293937068303914,0.4,12,0.7,4,1200
/home/iams/ramlab_ws/src/unitree_rl_mjlab/logs/rsl_rl/h1_2_velocity_a1_v2/2026-08-26_10-02-56_a1a_fullmirror_jacc1e-7_standing15_s42/model_10000.pt,td3,"['velocity', 'orientation', 'height']",8,42,0.09110307693481445,0.07595371454954147,0.09664375334978104,0.07860517501831055,0.07496373355388641,0.78,0.0,600.5,1.0131839513778687,0.8934268355369568,37.784324645996094,52.23197937011719,27.252349853515625,95.18350982666016,33.19293975830078,24415.763671875,59349.68359375,15260.6474609375,34624.94921875,0.2233567088842392,0.03204968944191933,0.015483126975595951,0.0059945606626570225,0.3606957197189331,284.9382019042969,0.9791471362113953,0.6091570592036164,5585.96435546875,11.941992773395642,0.29509425163269043,0.0014097228413447738,0.393140517020732,0.4,12,0.7,5,1200
/home/iams/ramlab_ws/src/unitree_rl_mjlab/logs/rsl_rl/h1_2_velocity_a1_v2/2026-08-26_10-02-56_a1a_fullmirror_jacc1e-7_standing15_s42/model_10000.pt,td3,"['velocity', 'orientation', 'height']",8,42,0.09074558317661285,0.0757039338350296,0.09421892464160919,0.078197181224823,0.07477910816669464,0.78,0.0,600.5,1.0071558952331543,0.8896850943565369,37.62890625,52.391929626464844,26.798343658447266,94.15518951416016,32.4051399230957,24430.267578125,61137.24609375,15441.3095703125,34477.4296875,0.22242127358913422,0.03140322491526604,0.01526673324406147,0.005836687982082367,0.3558429777622223,281.3187255859375,0.9797135591506958,0.6026394779992824,5537.06787109375,11.861477479225305,0.28843945264816284,0.0011537090176716447,0.392738430069036,0.4,12,0.7,6,1200
/home/iams/ramlab_ws/src/unitree_rl_mjlab/logs/rsl_rl/h1_2_velocity_a1_v2/2026-08-26_10-02-56_a1a_fullmirror_jacc1e-7_standing15_s42/model_10000.pt,td3,"['velocity', 'orientation', 'height']",8,42,0.09588082134723663,0.07625626027584076,0.09847357124090195,0.08285816013813019,0.0752369612455368,0.96,0.0,600.5,1.0005873441696167,0.8831367492675781,37.77458190917969,52.782440185546875,26.742359161376953,90.90465545654297,32.275978088378906,24606.837890625,62609.8046875,15561.634765625,33931.86328125,0.22078418731689453,0.028207220137119293,0.01497975829988718,0.005554635543376207,0.35981473326683044,279.1594543457031,0.9762564897537231,0.6060192396584801,5517.7890625,11.978410524067089,0.2835083603858948,0.001293483073823154,0.39309021113243764,0.4,12,0.7,7,1200
/home/iams/ramlab_ws/src/unitree_rl_mjlab/logs/rsl_rl/h1_2_velocity_a1_v2/2026-08-26_10-02-56_a1a_fullmirror_jacc1e-7_standing15_s42/model_10000.pt,td3,"['velocity', 'orientation', 'height']",8,42,0.08951407670974731,0.08267291635274887,0.1130063533782959,0.07731479406356812,0.0813010185956955,0.86,0.0,600.5,1.0131607055664062,0.8765588998794556,37.75389099121094,51.121795654296875,28.13092041015625,92.55086517333984,34.41649627685547,24323.109375,71597.046875,14996.1689453125,34712.29296875,0.2191397249698639,0.031335338950157166,0.016944069415330887,0.005636909976601601,0.37094247341156006,296.19537353515625,0.9225651025772095,0.61566395850778,5984.6181640625,12.439471988856969,0.2816837430000305,0.0022009089589118958,0.4430343236227286,0.45,12,0.7,0,1200
/home/iams/ramlab_ws/src/unitree_rl_mjlab/logs/rsl_rl/h1_2_velocity_a1_v2/2026-08-26_10-02-56_a1a_fullmirror_jacc1e-7_standing15_s42/model_10000.pt,td3,"['velocity', 'orientation', 'height']",8,42,0.08735261112451553,0.08374229073524475,0.10900166630744934,0.07538112998008728,0.08243121951818466,0.84,0.0,600.5,1.0181907415390015,0.8803057074546814,38.62311935424805,52.95921325683594,28.223342895507812,101.73538208007812,34.822994232177734,24596.107421875,72585.234375,16046.0146484375,36123.0234375,0.22007642686367035,0.03335565701127052,0.01718849129974842,0.0057332259602844715,0.3709573745727539,296.80938720703125,0.9197330474853516,0.612894152401436,5943.3349609375,12.272640298043132,0.28226909041404724,0.0018848523031920195,0.44297043979812545,0.45,12,0.7,1,1200
/home/iams/ramlab_ws/src/unitree_rl_mjlab/logs/rsl_rl/h1_2_velocity_a1_v2/2026-08-26_10-02-56_a1a_fullmirror_jacc1e-7_standing15_s42/model_10000.pt,td3,"['velocity', 'orientation', 'height']",8,42,0.08450792729854584,0.08346956968307495,0.10889926552772522,0.07292895019054413,0.08217813819646835,0.84,0.0,600.5,1.0263972282409668,0.8875163197517395,38.32435607910156,52.108551025390625,28.357805252075195,95.6479721069336,34.69411849975586,24637.875,71889.078125,15442.1787109375,35200.73046875,0.22187907993793488,0.03598235547542572,0.01725771650671959,0.00584474066272378,0.3683388829231262,299.150146484375,0.9177669286727905,0.6109327955198472,5951.94091796875,12.155220818854032,0.29206302762031555,0.0018647504039108753,0.4435460583309269,0.45,12,0.7,2,1200
/home/iams/ramlab_ws/src/unitree_rl_mjlab/logs/rsl_rl/h1_2_velocity_a1_v2/2026-08-26_10-02-56_a1a_fullmirror_jacc1e-7_standing15_s42/model_10000.pt,td3,"['velocity', 'orientation', 'height']",8,42,0.0877692848443985,0.08547065407037735,0.11530298739671707,0.07560896128416061,0.0844620019197464,0.84,0.0,600.5,1.010685682296753,0.8755706548690796,38.500179290771484,53.02130889892578,27.92717170715332,98.75688171386719,34.22443389892578,24521.912109375,71130.640625,16234.1298828125,36187.5,0.2188926637172699,0.0342632420361042,0.016889972612261772,0.005740052554756403,0.3668394982814789,293.015625,0.9222590923309326,0.6081263790147624,5925.23583984375,12.297270672967812,0.2843194603919983,0.001815630472265184,0.442523768366465,0.45,12,0.7,3,1200
/home/iams/ramlab_ws/src/unitree_rl_mjlab/logs/rsl_rl/h1_2_velocity_a1_v2/2026-08-26_10-02-56_a1a_fullmirror_jacc1e-7_standing15_s42/model_10000.pt,td3,"['velocity', 'orientation', 'height']",8,42,0.08660659193992615,0.08287657052278519,0.11081068962812424,0.07457238435745239,0.08155257254838943,0.84,0.0,600.5,1.0189101696014404,0.8794025778770447,38.48350143432617,52.18327331542969,28.63127326965332,97.34539794921875,35.40624237060547,24498.619140625,70908.828125,15568.69921875,36247.12890625,0.21985064446926117,0.032370030879974365,0.016900476068258286,0.005649155471473932,0.37250086665153503,296.91973876953125,0.9197461009025574,0.6134474874973572,5940.21142578125,12.272704146983173,0.2824845314025879,0.0016703710425645113,0.4438664932813177,0.45,12,0.7,4,1200
/home/iams/ramlab_ws/src/unitree_rl_mjlab/logs/rsl_rl/h1_2_velocity_a1_v2/2026-08-26_10-02-56_a1a_fullmirror_jacc1e-7_standing15_s42/model_10000.pt,td3,"['velocity', 'orientation', 'height']",8,42,0.08334828913211823,0.08337156474590302,0.10952730476856232,0.07170506566762924,0.08211711049079895,0.84,0.0,600.5,1.0238752365112305,0.8861234784126282,38.052223205566406,51.565147399902344,28.3162899017334,92.89354705810547,35.024539947509766,24427.513671875,72042.4453125,15263.5859375,35269.74609375,0.22153086960315704,0.03680036962032318,0.017614208161830902,0.005943311378359795,0.36934927105903625,298.81658935546875,0.9169596433639526,0.610731256686831,5966.39501953125,12.19431497696831,0.2959471046924591,0.0015705011319369078,0.44341801385681295,0.45,12,0.7,5,1200
/home/iams/ramlab_ws/src/unitree_rl_mjlab/logs/rsl_rl/h1_2_velocity_a1_v2/2026-08-26_10-02-56_a1a_fullmirror_jacc1e-7_standing15_s42/model_10000.pt,td3,"['velocity', 'orientation', 'height']",8,42,0.08729740977287292,0.08339750021696091,0.11175382137298584,0.07528847455978394,0.08217500895261765,0.84,0.0,600.5,1.017922043800354,0.8806577920913696,38.43852233886719,52.40399932861328,28.33962631225586,96.81189727783203,34.56177520751953,24486.048828125,71633.59375,15668.3837890625,35394.6953125,0.2201644480228424,0.03321005031466484,0.01696539856493473,0.005782746709883213,0.3712032735347748,297.7670593261719,0.9202864766120911,0.6153596146227188,5968.203125,12.333773102569555,0.28403809666633606,0.0019306045724079013,0.44316214656664743,0.45,12,0.7,6,1200
/home/iams/ramlab_ws/src/unitree_rl_mjlab/logs/rsl_rl/h1_2_velocity_a1_v2/2026-08-26_10-02-56_a1a_fullmirror_jacc1e-7_standing15_s42/model_10000.pt,td3,"['velocity', 'orientation', 'height']",8,42,0.08473098278045654,0.08425066620111465,0.11178892850875854,0.07301869243383408,0.08316686749458313,0.84,0.0,600.5,1.0231393575668335,0.8848983645439148,38.28791809082031,51.82355499267578,28.54249382019043,95.86687469482422,34.74742889404297,24424.908203125,72141.4453125,15387.248046875,35863.53125,0.2212245911359787,0.03615095838904381,0.01765400543808937,0.005973141640424728,0.3706173002719879,299.4932861328125,0.9189453125,0.6137128557594125,5993.931640625,12.282588704401388,0.2957606017589569,0.0020629125647246838,0.4441231747867573,0.45,12,0.7,7,1200
/home/iams/ramlab_ws/src/unitree_rl_mjlab/logs/rsl_rl/h1_2_velocity_a1_v2/2026-08-26_10-02-56_a1a_fullmirror_jacc1e-7_standing15_s42/model_10000.pt,td3,"['velocity', 'orientation', 'height']",8,42,0.08942783623933792,0.08804595470428467,0.1232825219631195,0.07839540392160416,0.08604449033737183,0.7000000000000001,0.0,600.5,1.1035507917404175,0.9181466102600098,40.43100357055664,51.80270767211914,32.50940704345703,89.2992935180664,40.83645248413086,25399.873046875,71946.75,15075.5517578125,36796.515625,0.22953665256500244,0.037481844425201416,0.019929319620132446,0.005980735644698143,0.41541576385498047,329.19110107421875,0.8726822733879089,0.6336018207410333,6274.6259765625,12.076918327169162,0.298284649848938,0.0036802261602133512,0.4810523019104291,0.5,12,0.7,0,1200
/home/iams/ramlab_ws/src/unitree_rl_mjlab/logs/rsl_rl/h1_2_velocity_a1_v2/2026-08-26_10-02-56_a1a_fullmirror_jacc1e-7_standing15_s42/model_10000.pt,td3,"['velocity', 'orientation', 'height']",8,42,0.08810950070619583,0.08938883244991302,0.12055222690105438,0.07699151337146759,0.08725166320800781,0.7000000000000001,0.0,600.5,1.0927482843399048,0.9112023711204529,38.83600997924805,48.87506103515625,32.01087188720703,89.2225112915039,39.86250305175781,24740.65625,69771.265625,13517.6171875,36889.65625,0.22780059278011322,0.03623078018426895,0.019816754385828972,0.00581350876018405,0.4103001356124878,323.6311340332031,0.875084638595581,0.6272758424748395,6274.96728515625,12.162412914777965,0.29205387830734253,0.003511181566864252,0.4797001873828857,0.5,12,0.7,1,1200
/home/iams/ramlab_ws/src/unitree_rl_mjlab/logs/rsl_rl/h1_2_velocity_a1_v2/2026-08-26_10-02-56_a1a_fullmirror_jacc1e-7_standing15_s42/model_10000.pt,td3,"['velocity', 'orientation', 'height']",8,42,0.08654297888278961,0.08755997568368912,0.12435279786586761,0.07486655563116074,0.08577466011047363,0.72,0.0,600.5,1.0884768962860107,0.9039743542671204,39.837257385253906,50.83228302001953,32.323936462402344,90.71263122558594,39.678409576416016,24737.8671875,70820.09375,14741.6845703125,35870.6015625,0.2259935885667801,0.032930612564086914,0.02068427950143814,0.005657113157212734,0.41411080956459045,325.5983581542969,0.871497392654419,0.6425524811322624,6348.1767578125,12.527816122445541,0.27935469150543213,0.00292679644189775,0.4792511700468019,0.5,12,0.7,2,1200
/home/iams/ramlab_ws/src/unitree_rl_mjlab/logs/rsl_rl/h1_2_velocity_a1_v2/2026-08-26_10-02-56_a1a_fullmirror_jacc1e-7_standing15_s42/model_10000.pt,td3,"['velocity', 'orientation', 'height']",8,42,0.09080114215612411,0.08783406019210815,0.13096946477890015,0.07991020381450653,0.08578595519065857,0.7000000000000001,0.0,600.5,1.109169602394104,0.9220268130302429,41.5400505065918,54.163604736328125,32.595333099365234,96.70340728759766,40.79621124267578,25786.54296875,71072.2578125,16526.56640625,40740.359375,0.23050670325756073,0.038476500660181046,0.020136527717113495,0.006204299163073301,0.4160693883895874,331.2840576171875,0.8714843988418579,0.6332172759723478,6263.81689453125,11.972676411703919,0.30007049441337585,0.003675792133435607,0.471672040534316,0.5,12,0.7,3,1200
/home/iams/ramlab_ws/src/unitree_rl_mjlab/logs/rsl_rl/h1_2_velocity_a1_v2/2026-08-26_10-02-56_a1a_fullmirror_jacc1e-7_standing15_s42/model_10000.pt,td3,"['velocity', 'orientation', 'height']",8,42,0.08903046697378159,0.09011664986610413,0.12391001731157303,0.07799321413040161,0.08820800483226776,0.7000000000000001,0.0,600.5,1.0972362756729126,0.9154823422431946,40.30086898803711,51.95949172973633,32.11172103881836,91.89147186279297,39.90610885620117,25124.70703125,70149.7421875,15219.1591796875,39702.015625,0.22887058556079865,0.03971423953771591,0.019690752029418945,0.006179933436214924,0.41003116965293884,325.9342041015625,0.8740299344062805,0.6258052020836109,6230.71142578125,11.963184829652967,0.2989806532859802,0.003416284918785095,0.475983885962194,0.5,12,0.7,4,1200
/home/iams/ramlab_ws/src/unitree_rl_mjlab/logs/rsl_rl/h1_2_velocity_a1_v2/2026-08-26_10-02-56_a1a_fullmirror_jacc1e-7_standing15_s42/model_10000.pt,td3,"['velocity', 'orientation', 'height']",8,42,0.08860623091459274,0.0891181007027626,0.11854930967092514,0.07753178477287292,0.08718375861644745,0.7000000000000001,0.0,600.5,1.0984480381011963,0.9146990180015564,39.42991256713867,49.91471481323242,32.247371673583984,88.34280395507812,40.24594497680664,24901.845703125,71388.09375,13920.8935546875,36496.90234375,0.2286747545003891,0.03596873953938484,0.01977609284222126,0.006015188526362181,0.4142487943172455,326.019287109375,0.8730078339576721,0.629932112277086,6298.08447265625,12.169113656562201,0.2899359166622162,0.0036495178937911987,0.47701863354037266,0.5,12,0.7,5,1200
/home/iams/ramlab_ws/src/unitree_rl_mjlab/logs/rsl_rl/h1_2_velocity_a1_v2/2026-08-26_10-02-56_a1a_fullmirror_jacc1e-7_standing15_s42/model_10000.pt,td3,"['velocity', 'orientation', 'height']",8,42,0.09014619141817093,0.09026855230331421,0.11994684487581253,0.07901877164840698,0.08821415901184082,0.7000000000000001,0.0,600.5,1.1023114919662476,0.9159557819366455,39.923282623291016,50.58204650878906,32.617286682128906,88.69127655029297,40.588321685791016,25076.94921875,69685.9296875,14363.1455078125,35542.5078125,0.22898894548416138,0.03678445145487785,0.020360959693789482,0.006160286255180836,0.4162743091583252,328.96551513671875,0.8735416531562805,0.6354688894764465,6304.1875,12.17791703360549,0.29381951689720154,0.0038866684772074223,0.4775376962536919,0.5,12,0.7,6,1200
/home/iams/ramlab_ws/src/unitree_rl_mjlab/logs/rsl_rl/h1_2_velocity_a1_v2/2026-08-26_10-02-56_a1a_fullmirror_jacc1e-7_standing15_s42/model_10000.pt,td3,"['velocity', 'orientation', 'height']",8,42,0.08880970627069473,0.0893528163433075,0.11416073143482208,0.07788011431694031,0.08734504878520966,0.7000000000000001,0.0,600.5,1.10135817527771,0.9180875420570374,39.43230438232422,50.02986145019531,32.11713790893555,89.5030746459961,40.6023063659668,25113.099609375,72762.9296875,14119.0546875,37427.18359375,0.22952188551425934,0.03869817778468132,0.019889652729034424,0.006173078436404467,0.41197967529296875,325.96795654296875,0.8730012774467468,0.6255396703440753,6274.873046875,12.041618735987084,0.2983674705028534,0.0035796896554529667,0.4769445738239404,0.5,12,0.7,7,1200
/home/iams/ramlab_ws/src/unitree_rl_mjlab/logs/rsl_rl/h1_2_velocity_a1_v2/2026-08-26_10-02-56_a1a_fullmirror_jacc1e-7_standing15_s42/model_10000.pt,td3,"['velocity', 'orientation', 'height']",8,42,0.10602520406246185,0.0972977876663208,0.1551426202058792,0.09702716022729874,0.09554073214530945,0.72,0.0,600.5,1.2017797231674194,0.9451630711555481,45.963558197021484,55.19387435913086,39.951595306396484,89.27342987060547,50.5084342956543,26283.541015625,64428.4765625,16385.380859375,39370.41015625,0.23629076778888702,0.038435447961091995,0.024291830137372017,0.006825017277151346,0.4844030737876892,375.462158203125,0.8048763275146484,0.682848409716346,6663.90380859375,12.119559998467837,0.3189595937728882,0.0056734527461230755,0.49748987854251014,0.55,12,0.7,0,1200
/home/iams/ramlab_ws/src/unitree_rl_mjlab/logs/rsl_rl/h1_2_velocity_a1_v2/2026-08-26_10-02-56_a1a_fullmirror_jacc1e-7_standing15_s42/model_10000.pt,td3,"['velocity', 'orientation', 'height']",8,42,0.10006497800350189,0.0967661514878273,0.15911146998405457,0.09067606180906296,0.09502663463354111,0.72,0.0,600.5,1.1891793012619019,0.9379292130470276,44.523170471191406,52.8714714050293,39.181724548339844,86.83004760742188,50.0910758972168,26025.21875,65028.51171875,15352.787109375,38601.65625,0.2344823032617569,0.03720857948064804,0.024070650339126587,0.006423448212444782,0.4783506691455841,368.0805969238281,0.806933581829071,0.6755068759848835,6577.93115234375,12.071915694073914,0.31301453709602356,0.004138377495110035,0.4981352359331928,0.55,12,0.7,1,1200
/home/iams/ramlab_ws/src/unitree_rl_mjlab/logs/rsl_rl/h1_2_velocity_a1_v2/2026-08-26_10-02-56_a1a_fullmirror_jacc1e-7_standing15_s42/model_10000.pt,td3,"['velocity', 'orientation', 'height']",8,42,0.10443936288356781,0.09623971581459045,0.15577708184719086,0.09514465928077698,0.09410741925239563,0.72,0.0,600.5,1.1980080604553223,0.9411562085151672,45.95980453491211,55.19785690307617,39.958492279052734,93.5906982421875,50.599021911621094,26249.890625,64416.25,16482.931640625,40040.09765625,0.2352890521287918,0.036632612347602844,0.024359986186027527,0.006618531886488199,0.48635923862457275,374.3576354980469,0.80594402551651,0.6841479097725632,6686.84912109375,12.220383167896577,0.3129805624485016,0.005647487472742796,0.49620416733968664,0.55,12,0.7,2,1200
/home/iams/ramlab_ws/src/unitree_rl_mjlab/logs/rsl_rl/h1_2_velocity_a1_v2/2026-08-26_10-02-56_a1a_fullmirror_jacc1e-7_standing15_s42/model_10000.pt,td3,"['velocity', 'orientation', 'height']",8,42,0.10158443450927734,0.09736041724681854,0.16134925186634064,0.09231632202863693,0.09554855525493622,0.72,0.0,600.5,1.1975243091583252,0.9423326253890991,45.730690002441406,54.61431121826172,40.0280876159668,88.26126098632812,50.59781265258789,26034.8671875,64518.2421875,16115.552734375,37343.4921875,0.23558315634727478,0.03788721561431885,0.02501174435019493,0.006739994045346975,0.48492228984832764,376.3260498046875,0.8033268451690674,0.6887245283314957,6708.408203125,12.277241780712483,0.31692013144493103,0.004699812736362219,0.5019607843137255,0.55,12,0.7,3,1200
/home/iams/ramlab_ws/src/unitree_rl_mjlab/logs/rsl_rl/h1_2_velocity_a1_v2/2026-08-26_10-02-56_a1a_fullmirror_jacc1e-7_standing15_s42/model_10000.pt,td3,"['velocity', 'orientation', 'height']",8,42,0.10253490507602692,0.09597493708133698,0.15806493163108826,0.09333082288503647,0.09402825683355331,0.72,0.0,600.5,1.195970058441162,0.9429189562797546,45.12905502319336,53.73933029174805,39.5969123840332,90.47525787353516,50.58760070800781,26033.15625,65281.234375,15732.6943359375,38183.64453125,0.23572973906993866,0.03744735196232796,0.024377698078751564,0.006807850208133459,0.4826144278049469,370.9031066894531,0.8067187666893005,0.6752033835987267,6634.052734375,12.076833124467981,0.3130609393119812,0.004420724231749773,0.501796798431885,0.55,12,0.7,4,1200
/home/iams/ramlab_ws/src/unitree_rl_mjlab/logs/rsl_rl/h1_2_velocity_a1_v2/2026-08-26_10-02-56_a1a_fullmirror_jacc1e-7_standing15_s42/model_10000.pt,td3,"['velocity', 'orientation', 'height']",8,42,0.10467563569545746,0.09563495963811874,0.1658944934606552,0.09557537734508514,0.09373682737350464,0.72,0.0,600.5,1.2036116123199463,0.9443776607513428,46.181968688964844,55.4572639465332,40.13279724121094,91.50065612792969,51.325531005859375,26490.388671875,63856.7578125,16739.505859375,39128.55859375,0.2360944151878357,0.03828370198607445,0.024458570405840874,0.006694502662867308,0.489414781332016,376.4387512207031,0.8022656440734863,0.6860872913603457,6653.87158203125,12.127170330880126,0.32185113430023193,0.004913031589239836,0.5077685950413223,0.55,12,0.7,5,1200
/home/iams/ramlab_ws/src/unitree_rl_mjlab/logs/rsl_rl/h1_2_velocity_a1_v2/2026-08-26_10-02-56_a1a_fullmirror_jacc1e-7_standing15_s42/model_10000.pt,td3,"['velocity', 'orientation', 'height']",8,42,0.1041363999247551,0.09846579283475876,0.16028538346290588,0.0952732264995575,0.09648977220058441,0.72,0.0,600.5,1.1989318132400513,0.944163978099823,45.251888275146484,53.80390548706055,39.7751579284668,87.12721252441406,51.260719299316406,26146.76953125,64275.640625,15594.4619140625,37237.1328125,0.23604099452495575,0.03984526917338371,0.024153519421815872,0.006841403432190418,0.48364385962486267,374.1407470703125,0.8057942986488342,0.6791241025434657,6642.7080078125,12.057555451977935,0.32206860184669495,0.0049093347042799,0.5013054830287206,0.55,12,0.7,6,1200
/home/iams/ramlab_ws/src/unitree_rl_mjlab/logs/rsl_rl/h1_2_velocity_a1_v2/2026-08-26_10-02-56_a1a_fullmirror_jacc1e-7_standing15_s42/model_10000.pt,td3,"['velocity', 'orientation', 'height']",8,42,0.10508791357278824,0.09728678315877914,0.16780157387256622,0.09627403318881989,0.0956299901008606,0.72,0.0,600.5,1.209522008895874,0.9492825865745544,47.12546920776367,57.28268051147461,40.36956024169922,93.38324737548828,51.89707565307617,26649.486328125,64183.80859375,17594.724609375,39887.5703125,0.2373206466436386,0.03920577093958855,0.024585003033280373,0.006842690985649824,0.490759015083313,379.9844665527344,0.8031901121139526,0.6896782422574633,6680.46337890625,12.12515348600979,0.3231329619884491,0.00535169430077076,0.49286058077972084,0.55,12,0.7,7,1200
/home/iams/ramlab_ws/src/unitree_rl_mjlab/logs/rsl_rl/h1_2_velocity_a1_v2/2026-08-26_10-02-56_a1a_fullmirror_jacc1e-7_standing15_s42/model_10000.pt,td3,"['velocity', 'orientation', 'height']",8,42,0.13277272880077362,0.12379410117864609,0.2583719491958618,0.12705981731414795,0.12516598403453827,0.74,0.00023437499476131052,561.3287353515625,1.2816109657287598,0.9498568177223206,53.32723617553711,62.446048736572266,47.545467376708984,89.90604400634766,59.95769500732422,26455.802734375,55670.84375,19893.212890625,40987.52734375,0.23746420443058014,0.047152530401945114,0.03182569891214371,0.0096438592299819,0.5573440790176392,445.93389892578125,0.7259244918823242,0.7708517698111842,7143.533203125,12.348480511283515,0.3942946791648865,0.017443425953388214,0.49270248596631916,0.6,12,0.7,0,1200
/home/iams/ramlab_ws/src/unitree_rl_mjlab/logs/rsl_rl/h1_2_velocity_a1_v2/2026-08-26_10-02-56_a1a_fullmirror_jacc1e-7_standing15_s42/model_10000.pt,td3,"['velocity', 'orientation', 'height']",8,42,0.12589800357818604,0.11827310174703598,0.2425093650817871,0.11925500631332397,0.11797530949115753,0.74,0.00011718749738065526,581.7866821289062,1.2575567960739136,0.9375169277191162,51.65619659423828,60.01659393310547,46.46882247924805,88.47952270507812,58.55467224121094,25678.958984375,55087.13671875,18551.025390625,38691.859375,0.23437923192977905,0.04501272365450859,0.030538342893123627,0.008732970803976059,0.5430125594139099,427.90411376953125,0.7350130081176758,0.7488997794584922,7038.91162109375,12.31920685873475,0.37593963742256165,0.011661515571177006,0.5127691537305958,0.6,12,0.7,1,1200
/home/iams/ramlab_ws/src/unitree_rl_mjlab/logs/rsl_rl/h1_2_velocity_a1_v2/2026-08-26_10-02-56_a1a_fullmirror_jacc1e-7_standing15_s42/model_10000.pt,td3,"['velocity', 'orientation', 'height']",8,42,0.12498073279857635,0.11827211827039719,0.23896156251430511,0.11859533190727234,0.1187359020113945,0.74,0.0001822916674427688,573.495361328125,1.26775324344635,0.9422208070755005,51.867828369140625,59.95535659790039,46.948089599609375,87.90442657470703,58.76621627807617,26084.8671875,56988.1171875,18647.607421875,38283.515625,0.23555520176887512,0.043078258633613586,0.03123924322426319,0.008740994147956371,0.5469164252281189,430.4864196777344,0.7326236963272095,0.756473584917569,7099.08154296875,12.474883777191248,0.3726810812950134,0.013886746019124985,0.4991875203119922,0.6,12,0.7,2,1200
/home/iams/ramlab_ws/src/unitree_rl_mjlab/logs/rsl_rl/h1_2_velocity_a1_v2/2026-08-26_10-02-56_a1a_fullmirror_jacc1e-7_standing15_s42/model_10000.pt,td3,"['velocity', 'orientation', 'height']",8,42,0.12565407156944275,0.11918936669826508,0.22915807366371155,0.11877280473709106,0.1195661723613739,0.74,0.00015624999650754035,579.8212280273438,1.262241005897522,0.9403841495513916,50.640995025634766,57.57914733886719,46.63054275512695,85.8829116821289,58.14720153808594,25782.7421875,56142.046875,17160.955078125,37948.3671875,0.2350960373878479,0.043443500995635986,0.031199298799037933,0.009115234948694706,0.5447165966033936,429.7833557128906,0.7358723878860474,0.7525180464109821,7107.0166015625,12.443846919148898,0.37009790539741516,0.013916533440351486,0.5125980310362089,0.6,12,0.7,3,1200
/home/iams/ramlab_ws/src/unitree_rl_mjlab/logs/rsl_rl/h1_2_velocity_a1_v2/2026-08-26_10-02-56_a1a_fullmirror_jacc1e-7_standing15_s42/model_10000.pt,td3,"['velocity', 'orientation', 'height']",8,42,0.12649965286254883,0.11961237341165543,0.25667306780815125,0.11941234767436981,0.12015452980995178,0.74,0.0001302083401242271,579.2557373046875,1.2696669101715088,0.942810595035553,52.85884475708008,61.8046989440918,47.22651290893555,89.2192611694336,59.61509323120117,26195.169921875,55105.3359375,19600.15234375,37485.8515625,0.23570264875888824,0.044945381581783295,0.03122074529528618,0.00895627960562706,0.5522879958152771,437.6424560546875,0.7284179925918579,0.7664843799271611,7097.79736328125,12.431042162236714,0.382733017206192,0.014502200298011303,0.4912841835918759,0.6,12,0.7,4,1200
/home/iams/ramlab_ws/src/unitree_rl_mjlab/logs/rsl_rl/h1_2_velocity_a1_v2/2026-08-26_10-02-56_a1a_fullmirror_jacc1e-7_standing15_s42/model_10000.pt,td3,"['velocity', 'orientation', 'height']",8,42,0.12330274283885956,0.11912619322538376,0.2491011768579483,0.11636771261692047,0.12046033889055252,0.74,7.812499825377017e-05,578.6790771484375,1.239100456237793,0.9261681437492371,50.602657318115234,58.52423858642578,45.77098846435547,87.40880584716797,56.78794479370117,25259.16015625,54262.33203125,18150.34375,39358.69921875,0.23154203593730927,0.04389507323503494,0.029675455763936043,0.008533897809684277,0.5350484251976013,415.6374206542969,0.7385547161102295,0.7300673743898299,6933.38037109375,12.178486233130727,0.3649643063545227,0.01271609403192997,0.5063458051755398,0.6,12,0.7,5,1200
/home/iams/ramlab_ws/src/unitree_rl_mjlab/logs/rsl_rl/h1_2_velocity_a1_v2/2026-08-26_10-02-56_a1a_fullmirror_jacc1e-7_standing15_s42/model_10000.pt,td3,"['velocity', 'orientation', 'height']",8,42,0.11967390775680542,0.11265956610441208,0.22228802740573883,0.11206521093845367,0.11200912296772003,0.74,1.302083364862483e-05,599.707763671875,1.2398300170898438,0.9293277859687805,49.733482360839844,56.5220832824707,45.801883697509766,85.54995727539062,57.65272903442383,25117.5390625,55768.60546875,16764.083984375,36440.375,0.23233194649219513,0.04154083505272865,0.0296930018812418,0.008140516467392445,0.5368232727050781,411.8453674316406,0.7408202886581421,0.7226777552273914,6946.8564453125,12.189860861140835,0.3532180190086365,0.007567073218524456,0.5273819742489271,0.6,12,0.7,6,1200
/home/iams/ramlab_ws/src/unitree_rl_mjlab/logs/rsl_rl/h1_2_velocity_a1_v2/2026-08-26_10-02-56_a1a_fullmirror_jacc1e-7_standing15_s42/model_10000.pt,td3,"['velocity', 'orientation', 'height']",8,42,0.12750498950481415,0.1203664243221283,0.25605008006095886,0.12026379257440567,0.12060806900262833,0.74,0.0001432291610399261,580.6094360351562,1.2701584100723267,0.9434884786605835,52.61402130126953,61.42634201049805,47.093631744384766,89.2541732788086,58.60703659057617,26042.8671875,54785.07421875,19396.05078125,40189.234375,0.23587211966514587,0.045725736767053604,0.030448583886027336,0.008987884037196636,0.5492692589759827,435.19183349609375,0.7294465899467468,0.7585664006704649,7053.6181640625,12.29489412210736,0.3809250295162201,0.01291633490473032,0.5028646259616959,0.6,12,0.7,7,1200
/home/iams/ramlab_ws/src/unitree_rl_mjlab/logs/rsl_rl/h1_2_velocity_a1_v2/2026-08-26_10-02-56_a1a_fullmirror_jacc1e-7_standing15_s42/model_10000.pt,td3,"['velocity', 'orientation', 'height']",8,42,0.1439635008573532,0.14321063458919525,0.2852279841899872,0.14315839111804962,0.1477983593940735,0.76,0.00024739583022892475,574.08447265625,1.2864006757736206,0.914939284324646,53.896385192871094,59.2431755065918,51.35596466064453,86.08480072021484,64.44142150878906,24143.794921875,50001.1640625,18041.869140625,38781.0078125,0.2287348210811615,0.05009375885128975,0.036984603852033615,0.011115889996290207,0.5900856256484985,471.5472412109375,0.6913606524467468,0.8017978371988208,7390.21826171875,12.565997089182297,0.4361098110675812,0.01869441568851471,0.5325936199722607,0.65,12,0.7,0,1200
/home/iams/ramlab_ws/src/unitree_rl_mjlab/logs/rsl_rl/h1_2_velocity_a1_v2/2026-08-26_10-02-56_a1a_fullmirror_jacc1e-7_standing15_s42/model_10000.pt,td3,"['velocity', 'orientation', 'height']",8,42,0.13818086683750153,0.14140558242797852,0.27057915925979614,0.13631495833396912,0.1470687836408615,0.74,0.0001302083401242271,582.0916137695312,1.2652667760849,0.9082273840904236,52.683292388916016,57.79365921020508,50.31388473510742,85.96338653564453,64.42916870117188,23530.66796875,51019.015625,17521.01171875,37873.35546875,0.2270568460226059,0.04851635918021202,0.03403493016958237,0.010275713168084621,0.5777263641357422,457.4283447265625,0.702063798904419,0.7776175348550851,7227.3759765625,12.28637136218113,0.413914293050766,0.01678292080760002,0.534446764091858,0.65,12,0.7,1,1200
/home/iams/ramlab_ws/src/unitree_rl_mjlab/logs/rsl_rl/h1_2_velocity_a1_v2/2026-08-26_10-02-56_a1a_fullmirror_jacc1e-7_standing15_s42/model_10000.pt,td3,"['velocity', 'orientation', 'height']",8,42,0.14612774550914764,0.1591051071882248,0.30699363350868225,0.14481858909130096,0.16634632647037506,0.76,0.00042968749767169356,550.3500366210938,1.3180136680603027,0.934484601020813,56.39564514160156,63.515811920166016,52.467987060546875,89.58104705810547,64.91860961914062,25262.86328125,51095.9375,20375.0234375,38320.33203125,0.23362115025520325,0.05400571972131729,0.03698660805821419,0.011508792638778687,0.5973488092422485,494.9073486328125,0.6870638132095337,0.8391915604299868,7503.21484375,12.72285453744953,0.4547780454158783,0.025626273825764656,0.5164761264290518,0.65,12,0.7,2,1200
/home/iams/ramlab_ws/src/unitree_rl_mjlab/logs/rsl_rl/h1_2_velocity_a1_v2/2026-08-26_10-02-56_a1a_fullmirror_jacc1e-7_standing15_s42/model_10000.pt,td3,"['velocity', 'orientation', 'height']",8,42,0.1464121788740158,0.14349912106990814,0.2983182668685913,0.14333227276802063,0.14603298902511597,0.74,0.0002864583220798522,557.025634765625,1.3005239963531494,0.9252666234970093,56.432655334472656,64.2138900756836,51.953006744384766,92.51180267333984,64.87564849853516,24859.7265625,51655.28125,20675.658203125,39214.58984375,0.23131665587425232,0.052937112748622894,0.036557141691446304,0.011234818957746029,0.5966732501983643,485.6616516113281,0.68380206823349,0.820161450293157,7421.9267578125,12.533784374718742,0.4521026015281677,0.018278922885656357,0.5068470549414288,0.65,12,0.7,3,1200
/home/iams/ramlab_ws/src/unitree_rl_mjlab/logs/rsl_rl/h1_2_velocity_a1_v2/2026-08-26_10-02-56_a1a_fullmirror_jacc1e-7_standing15_s42/model_10000.pt,td3,"['velocity', 'orientation', 'height']",8,42,0.14395427703857422,0.14634692668914795,0.291037380695343,0.14273416996002197,0.15452741086483002,0.74,0.00010416666918899864,569.0021362304688,1.284037709236145,0.9191690683364868,54.559295654296875,60.9814453125,51.13127899169922,87.59532928466797,64.30731964111328,24128.419921875,50714.4296875,18951.06640625,38852.4140625,0.2297922670841217,0.050401415675878525,0.03531588986515999,0.01076558604836464,0.5921176075935364,474.40704345703125,0.6871809959411621,0.7995870621645358,7368.00927734375,12.418375991621192,0.4372387230396271,0.016068898141384125,0.5253077975376197,0.65,12,0.7,4,1200
/home/iams/ramlab_ws/src/unitree_rl_mjlab/logs/rsl_rl/h1_2_velocity_a1_v2/2026-08-26_10-02-56_a1a_fullmirror_jacc1e-7_standing15_s42/model_10000.pt,td3,"['velocity', 'orientation', 'height']",8,42,0.1468978077173233,0.16002200543880463,0.330895334482193,0.1477588266134262,0.17033493518829346,0.74,0.00032552084303461015,544.5675659179688,1.3218649625778198,0.9364830255508423,58.623600006103516,67.5684814453125,53.264225006103516,94.37308502197266,64.91156768798828,25525.4296875,50883.08203125,22520.908203125,41464.9296875,0.23412075638771057,0.054029446095228195,0.03748644143342972,0.011385357938706875,0.6063526272773743,502.8055725097656,0.6781315207481384,0.851353056547016,7587.1748046875,12.846644834016983,0.4626065194606781,0.02616412192583084,0.49389067524115754,0.65,12,0.7,5,1200
/home/iams/ramlab_ws/src/unitree_rl_mjlab/logs/rsl_rl/h1_2_velocity_a1_v2/2026-08-26_10-02-56_a1a_fullmirror_jacc1e-7_standing15_s42/model_10000.pt,td3,"['velocity', 'orientation', 'height']",8,42,0.155395969748497,0.1529388129711151,0.3361528813838959,0.15499284863471985,0.15708185732364655,0.74,0.0004947916604578495,531.0850219726562,1.3311938047409058,0.93852299451828,59.55857467651367,69.75008392333984,53.172054290771484,97.34981536865234,65.56451416015625,26009.732421875,50273.1953125,23649.357421875,41476.22265625,0.23463074862957,0.057961419224739075,0.03838498890399933,0.012217685580253601,0.6093965172767639,509.8497314453125,0.6707942485809326,0.8577078791778793,7557.54150390625,12.713869254980814,0.4820432662963867,0.028041653335094452,0.48878281622911696,0.65,12,0.7,6,1200
/home/iams/ramlab_ws/src/unitree_rl_mjlab/logs/rsl_rl/h1_2_velocity_a1_v2/2026-08-26_10-02-56_a1a_fullmirror_jacc1e-7_standing15_s42/model_10000.pt,td3,"['velocity', 'orientation', 'height']",8,42,0.14717742800712585,0.15501980483531952,0.3176805377006531,0.14463676512241364,0.16098198294639587,0.74,0.00045572916860692203,535.940673828125,1.3180248737335205,0.932373046875,58.04961013793945,66.7965087890625,52.81504821777344,94.95553588867188,66.59984588623047,25422.4609375,50927.18359375,22135.029296875,41302.7421875,0.23309326171875,0.05456891283392906,0.03777822479605675,0.011704355478286743,0.6052982211112976,498.3671875,0.6809114813804626,0.8434340432187085,7490.76318359375,12.677329498876407,0.4612537622451782,0.023409636691212654,0.4987012987012987,0.65,12,0.7,7,1200
/home/iams/ramlab_ws/src/unitree_rl_mjlab/logs/rsl_rl/h1_2_velocity_a1_v2/2026-08-26_10-02-56_a1a_fullmirror_jacc1e-7_standing15_s42/model_10000.pt,td3,"['velocity', 'orientation', 'height']",8,42,0.1549185812473297,0.19723908603191376,0.3371795117855072,0.14819297194480896,0.20406146347522736,0.6,0.00032552084303461015,562.963623046875,1.340611457824707,0.9337389469146729,61.519874572753906,70.07010650634766,56.58231735229492,95.54530334472656,70.78626251220703,24340.779296875,47308.22265625,23721.720703125,41864.48046875,0.2334347367286682,0.06103808060288429,0.03984096273779869,0.013020929880440235,0.6311126947402954,536.6130981445312,0.6221354007720947,0.8884995368324405,7821.46435546875,12.950425197152668,0.5044428706169128,0.02578255906701088,0.5193575655114117,0.7,12,0.7,0,1200
/home/iams/ramlab_ws/src/unitree_rl_mjlab/logs/rsl_rl/h1_2_velocity_a1_v2/2026-08-26_10-02-56_a1a_fullmirror_jacc1e-7_standing15_s42/model_10000.pt,td3,"['velocity', 'orientation', 'height']",8,42,0.1542329341173172,0.20605577528476715,0.312789648771286,0.14683261513710022,0.21390672028064728,0.6,0.0001822916674427688,568.6605834960938,1.33023202419281,0.9302257895469666,58.95061111450195,64.87532806396484,56.08894348144531,91.91675567626953,70.58458709716797,23623.017578125,46645.93359375,20755.11328125,41400.21484375,0.23255644738674164,0.05830826982855797,0.03936172276735306,0.013008903712034225,0.6311805844306946,533.1937255859375,0.6248958110809326,0.8717977767090175,7780.5556640625,12.721590122362015,0.4969688355922699,0.018967920914292336,0.5305699481865285,0.7,12,0.7,1,1200
/home/iams/ramlab_ws/src/unitree_rl_mjlab/logs/rsl_rl/h1_2_velocity_a1_v2/2026-08-26_10-02-56_a1a_fullmirror_jacc1e-7_standing15_s42/model_10000.pt,td3,"['velocity', 'orientation', 'height']",8,42,0.15489263832569122,0.20665894448757172,0.31558507680892944,0.14807072281837463,0.2148006558418274,0.6,0.0002994791720993817,554.98876953125,1.329906702041626,0.9265214204788208,59.26876449584961,65.47564697265625,56.18014907836914,92.6379165649414,71.28746795654297,23915.478515625,47266.62890625,21087.29296875,40813.12890625,0.2316303551197052,0.059334952384233475,0.04023515433073044,0.012983557768166065,0.6318378448486328,533.4298706054688,0.6250715851783752,0.8808196328067956,7801.728515625,12.882508413807871,0.503079354763031,0.024113064631819725,0.5260273972602739,0.7,12,0.7,2,1200
/home/iams/ramlab_ws/src/unitree_rl_mjlab/logs/rsl_rl/h1_2_velocity_a1_v2/2026-08-26_10-02-56_a1a_fullmirror_jacc1e-7_standing15_s42/model_10000.pt,td3,"['velocity', 'orientation', 'height']",8,42,0.16486798226833344,0.2144739329814911,0.3429807722568512,0.1606905609369278,0.22155380249023438,0.6,0.00042968749767169356,551.963134765625,1.3736872673034668,0.9568883180618286,62.847286224365234,71.52857971191406,57.840240478515625,97.83208465576172,73.43019104003906,25158.09765625,47313.07421875,24140.626953125,42827.48046875,0.23922207951545715,0.06443943828344345,0.040449853986501694,0.01390979252755642,0.6442877054214478,563.6867065429688,0.6154361963272095,0.9174970085311427,7949.1767578125,12.938651251091102,0.5274178981781006,0.03261406719684601,0.5045992115637319,0.7,12,0.7,3,1200
/home/iams/ramlab_ws/src/unitree_rl_mjlab/logs/rsl_rl/h1_2_velocity_a1_v2/2026-08-26_10-02-56_a1a_fullmirror_jacc1e-7_standing15_s42/model_10000.pt,td3,"['velocity', 'orientation', 'height']",8,42,0.15263517200946808,0.19878026843070984,0.3130435347557068,0.1452273726463318,0.20615456998348236,0.6,0.00024739583022892475,550.0957641601562,1.3316651582717896,0.9281054735183716,59.57339096069336,66.22394561767578,56.14409637451172,93.84801483154297,71.16670989990234,23913.775390625,46802.91796875,21647.662109375,40570.8984375,0.2320263683795929,0.05936729535460472,0.03932385891675949,0.012918338179588318,0.630345344543457,529.2534790039062,0.6289843916893005,0.8750397070696738,7791.3818359375,12.88185680665641,0.5007792711257935,0.021837878972291946,0.5177818978594303,0.7,12,0.7,4,1200
/home/iams/ramlab_ws/src/unitree_rl_mjlab/logs/rsl_rl/h1_2_velocity_a1_v2/2026-08-26_10-02-56_a1a_fullmirror_jacc1e-7_standing15_s42/model_10000.pt,td3,"['velocity', 'orientation', 'height']",8,42,0.15630897879600525,0.19975866377353668,0.3271741569042206,0.1496717780828476,0.20568563044071198,0.62,0.00041666667675599456,532.9706420898438,1.3424099683761597,0.9289842247962952,60.46905517578125,67.56108093261719,56.707481384277344,93.49454498291016,71.68167877197266,24348.728515625,48082.10546875,22310.244140625,40438.8203125,0.2322460561990738,0.05945722013711929,0.04159098118543625,0.013313589617609978,0.6349027752876282,540.0045776367188,0.6246614456176758,0.8977685480017781,7864.73486328125,13.075280427453409,0.5070469975471497,0.026613224297761917,0.5135406218655968,0.7,12,0.7,5,1200
/home/iams/ramlab_ws/src/unitree_rl_mjlab/logs/rsl_rl/h1_2_velocity_a1_v2/2026-08-26_10-02-56_a1a_fullmirror_jacc1e-7_standing15_s42/model_10000.pt,td3,"['velocity', 'orientation', 'height']",8,42,0.1653374433517456,0.21378441154956818,0.3435725271701813,0.15597188472747803,0.21732379496097565,0.6,0.0004817708395421505,536.6782836914062,1.3769140243530273,0.9566115140914917,63.344173431396484,72.43151092529297,58.011314392089844,100.05268096923828,72.44145965576172,25302.0625,47620.9453125,24649.064453125,43160.78515625,0.23915287852287292,0.06551025062799454,0.04035443440079689,0.014046077616512775,0.6424615383148193,559.8501586914062,0.6175976395606995,0.9165662790308221,7911.509765625,12.952435174880323,0.532268762588501,0.029141539707779884,0.5023712183156174,0.7,12,0.7,6,1200
/home/iams/ramlab_ws/src/unitree_rl_mjlab/logs/rsl_rl/h1_2_velocity_a1_v2/2026-08-26_10-02-56_a1a_fullmirror_jacc1e-7_standing15_s42/model_10000.pt,td3,"['velocity', 'orientation', 'height']",8,42,0.15278159081935883,0.21077387034893036,0.3230614960193634,0.14430679380893707,0.2167750895023346,0.62,0.0003124999930150807,562.6609497070312,1.354759931564331,0.9444395899772644,60.74018096923828,67.60636901855469,57.182029724121094,94.80296325683594,72.31816864013672,24515.83203125,47407.5703125,22386.25390625,41001.18359375,0.2361098974943161,0.05969303101301193,0.03944532573223114,0.013140424154698849,0.6316901445388794,543.0811157226562,0.62820965051651,0.8959992597549077,7821.23681640625,12.903824776628232,0.5006868839263916,0.022619714960455894,0.518393520080999,0.7,12,0.7,7,1200
