label,hl_algorithm,goal_components,c,seed,err_vx,err_vy,err_yaw,ss_err_vx,ss_err_vy,t90_s,fall_rate,mean_ep_len,action_rate,act_legs,jacc,jacc_legs,jacc_arms,jacc_legs_p95,jacc_arms_p95,ajit_legs,ajit_legs_p95,qjit_legs,qjit_legs_p95,act_legs_rad,orient_dev,height_dev,ub_pose_dev,ub_arm_vel,mech_power_w,gait_match,cot,mech_power_copper_w,cot_copper,omega_xy,ss_vx_var,stride_period_s,T_pinned,payload_kg,vx_pinned,repeat,eval_steps
/home/iams/ramlab_ws/src/unitree_rl_mjlab/logs/rsl_rl/h1_2_velocity_a1_v2/2026-08-26_10-02-56_a1a_fullmirror_jacc1e-7_standing15_s42/model_10000.pt,td3,"['velocity', 'orientation', 'height']",8,42,0.05937298387289047,0.07102425396442413,0.09512607753276825,0.05345800891518593,0.07041249424219131,0.56,0.0,600.5,0.8875260949134827,0.7737791538238525,38.51206970214844,53.60498046875,27.321142196655273,111.53089141845703,36.37778091430664,22751.779296875,65842.8671875,16570.583984375,40761.5,0.19344478845596313,0.02386265993118286,0.005828742403537035,0.003457761136814952,0.2844846546649933,184.38916015625,0.9659635424613953,0.5319421253908198,3347.650390625,9.657598223352347,0.2570899724960327,0.00044213433284312487,0.39475713184271394,0.4,0,0.5,0,1200
/home/iams/ramlab_ws/src/unitree_rl_mjlab/logs/rsl_rl/h1_2_velocity_a1_v2/2026-08-26_10-02-56_a1a_fullmirror_jacc1e-7_standing15_s42/model_10000.pt,td3,"['velocity', 'orientation', 'height']",8,42,0.060042571276426315,0.07084760069847107,0.09006161987781525,0.054067958146333694,0.07020238041877747,0.56,0.0,600.5,0.8837546706199646,0.771094799041748,38.38029861450195,53.470760345458984,27.179393768310547,112.99819946289062,37.05926513671875,22639.826171875,66926.3125,16636.7109375,39995.765625,0.192773699760437,0.02310149557888508,0.005953584332019091,0.0033556027337908745,0.2849474549293518,184.2237548828125,0.966113269329071,0.5333549655107634,3343.2958984375,9.679335095217839,0.2547251284122467,0.00045313211739994586,0.3944023623058159,0.4,0,0.5,1,1200
/home/iams/ramlab_ws/src/unitree_rl_mjlab/logs/rsl_rl/h1_2_velocity_a1_v2/2026-08-26_10-02-56_a1a_fullmirror_jacc1e-7_standing15_s42/model_10000.pt,td3,"['velocity', 'orientation', 'height']",8,42,0.059189923107624054,0.0708514004945755,0.10041342675685883,0.0532655268907547,0.07017944008111954,0.56,0.0,600.5,0.8859342932701111,0.769970715045929,38.16339874267578,52.690486907958984,27.441577911376953,103.10581970214844,34.98678970336914,22524.791015625,67903.78125,16141.326171875,40975.74609375,0.19249267876148224,0.023859530687332153,0.005732193123549223,0.003465791465714574,0.2858986258506775,183.58323669433594,0.9674153923988342,0.5302947343814979,3342.2490234375,9.654351199190886,0.25871598720550537,0.0003646899131126702,0.394554328281531,0.4,0,0.5,2,1200
/home/iams/ramlab_ws/src/unitree_rl_mjlab/logs/rsl_rl/h1_2_velocity_a1_v2/2026-08-26_10-02-56_a1a_fullmirror_jacc1e-7_standing15_s42/model_10000.pt,td3,"['velocity', 'orientation', 'height']",8,42,0.05998074263334274,0.07155734300613403,0.1028602346777916,0.054069165140390396,0.07093632221221924,0.56,0.0,600.5,0.8861632943153381,0.7715458869934082,38.57416534423828,53.55019760131836,27.493818283081055,111.00733184814453,38.06824493408203,22768.00390625,64317.71875,16621.376953125,40158.01171875,0.19288647174835205,0.024753907695412636,0.005931207910180092,0.0035019314382225275,0.28592491149902344,184.49452209472656,0.9664778709411621,0.5340291107977793,3325.575927734375,9.626053427010765,0.25862234830856323,0.0004281163273844868,0.3943517329910141,0.4,0,0.5,3,1200
/home/iams/ramlab_ws/src/unitree_rl_mjlab/logs/rsl_rl/h1_2_velocity_a1_v2/2026-08-26_10-02-56_a1a_fullmirror_jacc1e-7_standing15_s42/model_10000.pt,td3,"['velocity', 'orientation', 'height']",8,42,0.05898674577474594,0.07118705660104752,0.09085547924041748,0.053124960511922836,0.07057151198387146,0.56,0.0,600.5,0.8874177932739258,0.7744202017784119,37.46989440917969,51.60943603515625,27.025035858154297,100.102294921875,35.52578353881836,22686.50390625,64332.62109375,15390.408203125,39043.3125,0.19360505044460297,0.02431333437561989,0.005930391605943441,0.003488977439701557,0.28226661682128906,184.900634765625,0.9689062237739563,0.5320285952800299,3361.86865234375,9.673358609145675,0.25926345586776733,0.00040134668233804405,0.3944023623058159,0.4,0,0.5,4,1200
/home/iams/ramlab_ws/src/unitree_rl_mjlab/logs/rsl_rl/h1_2_velocity_a1_v2/2026-08-26_10-02-56_a1a_fullmirror_jacc1e-7_standing15_s42/model_10000.pt,td3,"['velocity', 'orientation', 'height']",8,42,0.0589912049472332,0.07125164568424225,0.08998988568782806,0.05309898033738136,0.07067160308361053,0.56,0.0,600.5,0.8861357569694519,0.7740046977996826,38.24961853027344,53.52520751953125,26.896881103515625,111.17466735839844,37.88139343261719,22843.421875,63703.5390625,16601.56640625,40971.58203125,0.19350117444992065,0.024974314495921135,0.0059750317595899105,0.0034744723234325647,0.28190362453460693,184.24436950683594,0.9696614742279053,0.5322829454483818,3352.68115234375,9.685912565003898,0.25555872917175293,0.0003873862442560494,0.39394716593998463,0.4,0,0.5,5,1200
/home/iams/ramlab_ws/src/unitree_rl_mjlab/logs/rsl_rl/h1_2_velocity_a1_v2/2026-08-26_10-02-56_a1a_fullmirror_jacc1e-7_standing15_s42/model_10000.pt,td3,"['velocity', 'orientation', 'height']",8,42,0.059726372361183167,0.07106621563434601,0.09570687264204025,0.05374322831630707,0.07047757506370544,0.56,0.0,600.5,0.8827114105224609,0.769782304763794,37.647335052490234,52.07177734375,26.964832305908203,107.48575592041016,37.01072692871094,22543.462890625,66215.578125,15844.27734375,38908.65234375,0.1924455761909485,0.02302468568086624,0.005763961002230644,0.0033064207527786493,0.2833070456981659,182.90084838867188,0.9671940207481384,0.5291993870084681,3325.3671875,9.621508971035354,0.2577905058860779,0.0004482756194192916,0.3942505133470226,0.4,0,0.5,6,1200
/home/iams/ramlab_ws/src/unitree_rl_mjlab/logs/rsl_rl/h1_2_velocity_a1_v2/2026-08-26_10-02-56_a1a_fullmirror_jacc1e-7_standing15_s42/model_10000.pt,td3,"['velocity', 'orientation', 'height']",8,42,0.060492292046546936,0.07081934809684753,0.09793490171432495,0.054509472101926804,0.07024011015892029,0.56,0.0,600.5,0.8853201866149902,0.7707758545875549,38.805809020996094,54.11201095581055,27.446826934814453,111.48191833496094,37.9946403503418,22808.16796875,65248.07421875,16890.19921875,40872.33984375,0.19269396364688873,0.023215018212795258,0.005927186459302902,0.003391071455553174,0.2849884033203125,184.0892333984375,0.9651041626930237,0.5344845717861704,3329.652587890625,9.667310781881366,0.25383052229881287,0.0004745114129036665,0.39414934565050036,0.4,0,0.5,7,1200
/home/iams/ramlab_ws/src/unitree_rl_mjlab/logs/rsl_rl/h1_2_velocity_a1_v2/2026-08-26_10-02-56_a1a_fullmirror_jacc1e-7_standing15_s42/model_10000.pt,td3,"['velocity', 'orientation', 'height']",8,42,0.06139962002635002,0.07935157418251038,0.10648583620786667,0.055637210607528687,0.07852828502655029,0.58,0.0,600.5,0.8749511241912842,0.7421165704727173,36.25149917602539,48.09789276123047,27.733707427978516,99.6264419555664,34.48807907104492,21547.310546875,63277.50390625,14214.0732421875,36021.65625,0.18552914261817932,0.024702908471226692,0.006265645381063223,0.003384226467460394,0.28721120953559875,187.1681671142578,0.9671419262886047,0.5220597848627316,3522.007080078125,9.823777130022282,0.25867676734924316,0.0006370068294927478,0.4435460583309269,0.45,0,0.5,0,1200
/home/iams/ramlab_ws/src/unitree_rl_mjlab/logs/rsl_rl/h1_2_velocity_a1_v2/2026-08-26_10-02-56_a1a_fullmirror_jacc1e-7_standing15_s42/model_10000.pt,td3,"['velocity', 'orientation', 'height']",8,42,0.06072377413511276,0.07937447726726532,0.1059301495552063,0.05497144162654877,0.07868755608797073,0.58,0.0,600.5,0.8714382648468018,0.7466155290603638,35.35297393798828,47.2257080078125,26.752235412597656,97.87913513183594,34.15349578857422,21615.935546875,62411.85546875,13697.048828125,35138.75390625,0.18665388226509094,0.024823928251862526,0.006362233776599169,0.003172396682202816,0.2831719219684601,186.8467254638672,0.9651106595993042,0.522211989134299,3560.76123046875,9.951858946476046,0.26015129685401917,0.0006634319433942437,0.4441873915558126,0.45,0,0.5,1,1200
/home/iams/ramlab_ws/src/unitree_rl_mjlab/logs/rsl_rl/h1_2_velocity_a1_v2/2026-08-26_10-02-56_a1a_fullmirror_jacc1e-7_standing15_s42/model_10000.pt,td3,"['velocity', 'orientation', 'height']",8,42,0.060362547636032104,0.07915043830871582,0.10533860325813293,0.05472414568066597,0.07846543192863464,0.58,0.0,600.5,0.8780809044837952,0.7487345933914185,35.7570915222168,47.522499084472656,27.269603729248047,99.69789123535156,35.48350524902344,21693.41796875,63127.4140625,13895.373046875,33912.3125,0.18718364834785461,0.027821645140647888,0.006410690024495125,0.003527628490701318,0.28279128670692444,187.71676635742188,0.964759111404419,0.5189595440393043,3531.083251953125,9.76199047547663,0.26106980443000793,0.0006127872038632631,0.44380236925744004,0.45,0,0.5,2,1200
/home/iams/ramlab_ws/src/unitree_rl_mjlab/logs/rsl_rl/h1_2_velocity_a1_v2/2026-08-26_10-02-56_a1a_fullmirror_jacc1e-7_standing15_s42/model_10000.pt,td3,"['velocity', 'orientation', 'height']",8,42,0.059248797595500946,0.07957344502210617,0.10584041476249695,0.05353599414229393,0.07891810685396194,0.58,0.0,600.5,0.8697360157966614,0.7424492239952087,35.68611145019531,47.648380279541016,27.038265228271484,100.94841766357422,34.44036865234375,21585.337890625,62791.05859375,13987.595703125,34221.078125,0.18561230599880219,0.026503127068281174,0.006351150572299957,0.0033301785588264465,0.27937576174736023,184.8162841796875,0.9648893475532532,0.5152234677342407,3525.780029296875,9.829028068983881,0.2599793076515198,0.00046818458940833807,0.4438664932813177,0.45,0,0.5,3,1200
/home/iams/ramlab_ws/src/unitree_rl_mjlab/logs/rsl_rl/h1_2_velocity_a1_v2/2026-08-26_10-02-56_a1a_fullmirror_jacc1e-7_standing15_s42/model_10000.pt,td3,"['velocity', 'orientation', 'height']",8,42,0.06130574643611908,0.07942960411310196,0.11005513370037079,0.05551394447684288,0.0786791518330574,0.58,0.0,600.5,0.871006190776825,0.7421725392341614,35.50852966308594,46.97013854980469,27.271934509277344,98.0078125,34.28761672973633,21474.625,62625.91015625,13566.6884765625,34699.89453125,0.18554313480854034,0.024214187636971474,0.006348081398755312,0.0033412822522222996,0.2863866984844208,186.31216430664062,0.9663606882095337,0.5215585377515373,3546.263427734375,9.92733740279239,0.2564312517642975,0.0006049773655831814,0.4439947969359734,0.45,0,0.5,4,1200
/home/iams/ramlab_ws/src/unitree_rl_mjlab/logs/rsl_rl/h1_2_velocity_a1_v2/2026-08-26_10-02-56_a1a_fullmirror_jacc1e-7_standing15_s42/model_10000.pt,td3,"['velocity', 'orientation', 'height']",8,42,0.060011982917785645,0.0785667821764946,0.10700328648090363,0.054196324199438095,0.07791812717914581,0.58,0.0,600.5,0.8699394464492798,0.7439477443695068,36.42041015625,49.45374298095703,26.892791748046875,108.59747314453125,34.00794219970703,21791.34765625,63532.43359375,15152.517578125,36963.75,0.1859869360923767,0.024695077911019325,0.006684321444481611,0.003312308108434081,0.28259703516960144,186.10647583007812,0.962389349937439,0.5217311916831573,3549.80615234375,9.9515319004263,0.2508476972579956,0.0005671423277817667,0.4435460583309269,0.45,0,0.5,5,1200
/home/iams/ramlab_ws/src/unitree_rl_mjlab/logs/rsl_rl/h1_2_velocity_a1_v2/2026-08-26_10-02-56_a1a_fullmirror_jacc1e-7_standing15_s42/model_10000.pt,td3,"['velocity', 'orientation', 'height']",8,42,0.06127474457025528,0.07874637097120285,0.1064818724989891,0.055379338562488556,0.07800879329442978,0.6,0.0,600.5,0.8663121461868286,0.7392716407775879,36.0446662902832,48.45271301269531,27.030244827270508,102.33707427978516,34.59324264526367,21555.92578125,63542.46484375,14518.4541015625,34813.48046875,0.18481791019439697,0.02319035492837429,0.006609691772609949,0.0031696907244622707,0.2851395905017853,185.2637481689453,0.9663541913032532,0.5220261469538939,3538.5107421875,9.970622834360855,0.2535472512245178,0.0005176101694814861,0.4441231747867573,0.45,0,0.5,6,1200
/home/iams/ramlab_ws/src/unitree_rl_mjlab/logs/rsl_rl/h1_2_velocity_a1_v2/2026-08-26_10-02-56_a1a_fullmirror_jacc1e-7_standing15_s42/model_10000.pt,td3,"['velocity', 'orientation', 'height']",8,42,0.05899285525083542,0.07928743213415146,0.09927473962306976,0.05341784656047821,0.07851940393447876,0.58,0.0,600.5,0.8781605958938599,0.7505768537521362,36.13772964477539,48.31050491333008,27.336885452270508,103.55699157714844,34.700775146484375,21854.75390625,64287.16015625,14403.6181640625,34952.625,0.18764421343803406,0.028384199365973473,0.006508666090667248,0.0036352185998111963,0.28092336654663086,188.53262329101562,0.9628255367279053,0.5196111158925024,3564.7861328125,9.82483784396406,0.25984859466552734,0.0006758894305676222,0.4441873915558126,0.45,0,0.5,7,1200
/home/iams/ramlab_ws/src/unitree_rl_mjlab/logs/rsl_rl/h1_2_velocity_a1_v2/2026-08-26_10-02-56_a1a_fullmirror_jacc1e-7_standing15_s42/model_10000.pt,td3,"['velocity', 'orientation', 'height']",8,42,0.064531110227108,0.0820823535323143,0.0999680832028389,0.05909351259469986,0.0811186209321022,0.46,0.0,600.5,0.8998474478721619,0.750019907951355,34.78573226928711,44.60033416748047,27.914453506469727,91.56446838378906,34.82478713989258,21659.404296875,69559.9609375,12807.1845703125,31416.822265625,0.18750497698783875,0.02877912111580372,0.007443936541676521,0.003405195428058505,0.29716724157333374,192.6632537841797,0.9392317533493042,0.5109138044088485,3688.474609375,9.78127686849424,0.25943201780319214,0.0011944990837946534,0.4878513577894235,0.5,0,0.5,0,1200
/home/iams/ramlab_ws/src/unitree_rl_mjlab/logs/rsl_rl/h1_2_velocity_a1_v2/2026-08-26_10-02-56_a1a_fullmirror_jacc1e-7_standing15_s42/model_10000.pt,td3,"['velocity', 'orientation', 'height']",8,42,0.06361369788646698,0.08368691802024841,0.10399695485830307,0.058245278894901276,0.08278066664934158,0.46,0.0,600.5,0.900359570980072,0.7469480037689209,35.73189926147461,46.032615661621094,28.4926700592041,96.99969482421875,35.54429626464844,21718.548828125,66626.4453125,13642.888671875,33201.23828125,0.18673700094223022,0.028778882697224617,0.007326288148760796,0.0037651921156793833,0.299866259098053,193.89633178710938,0.9396419525146484,0.5134404808679075,3695.94091796875,9.786907713041144,0.2554146945476532,0.0011608288623392582,0.4862298195631529,0.5,0,0.5,1,1200
/home/iams/ramlab_ws/src/unitree_rl_mjlab/logs/rsl_rl/h1_2_velocity_a1_v2/2026-08-26_10-02-56_a1a_fullmirror_jacc1e-7_standing15_s42/model_10000.pt,td3,"['velocity', 'orientation', 'height']",8,42,0.06391425430774689,0.08396667242050171,0.1009133905172348,0.05851849541068077,0.08303447812795639,0.46,0.0,600.5,0.8928562998771667,0.7444192171096802,34.06330871582031,42.97453689575195,27.944355010986328,85.02200317382812,34.066593170166016,21099.994140625,64479.7109375,11905.544921875,30189.9921875,0.18610480427742004,0.027249611914157867,0.007601406425237656,0.003681305330246687,0.2955567240715027,192.5570831298828,0.9411002397537231,0.5140040671394548,3713.995849609375,9.913991007833753,0.2528318762779236,0.001100190100260079,0.4872323552735924,0.5,0,0.5,2,1200
/home/iams/ramlab_ws/src/unitree_rl_mjlab/logs/rsl_rl/h1_2_velocity_a1_v2/2026-08-26_10-02-56_a1a_fullmirror_jacc1e-7_standing15_s42/model_10000.pt,td3,"['velocity', 'orientation', 'height']",8,42,0.06420372426509857,0.08243254572153091,0.0973670482635498,0.058861710131168365,0.08146826922893524,0.46,0.0,600.5,0.8964353203773499,0.750252366065979,33.63690948486328,42.381614685058594,27.60902976989746,85.38212585449219,35.05271530151367,21362.630859375,68526.6328125,11625.041015625,28530.8984375,0.18756309151649475,0.029087988659739494,0.007418197114020586,0.003636094741523266,0.2927323281764984,192.57203674316406,0.9397721290588379,0.5088265403412311,3705.489990234375,9.79089108117801,0.2608410716056824,0.0010724302846938372,0.4873096446700508,0.5,0,0.5,3,1200
/home/iams/ramlab_ws/src/unitree_rl_mjlab/logs/rsl_rl/h1_2_velocity_a1_v2/2026-08-26_10-02-56_a1a_fullmirror_jacc1e-7_standing15_s42/model_10000.pt,td3,"['velocity', 'orientation', 'height']",8,42,0.06336942315101624,0.08339931070804596,0.10083562135696411,0.05779951438307762,0.08245860040187836,0.46,0.0,600.5,0.8835306763648987,0.7368598580360413,33.96263122558594,43.291202545166016,27.491270065307617,88.453125,33.56116485595703,21070.45703125,66076.859375,12199.037109375,29733.728515625,0.18421496450901031,0.02659722790122032,0.007414284627884626,0.0033240937627851963,0.29332002997398376,189.293701171875,0.9413541555404663,0.5102446972842943,3683.77294921875,9.929679102195822,0.25428223609924316,0.000984919723123312,0.48854961832061067,0.5,0,0.5,4,1200
/home/iams/ramlab_ws/src/unitree_rl_mjlab/logs/rsl_rl/h1_2_velocity_a1_v2/2026-08-26_10-02-56_a1a_fullmirror_jacc1e-7_standing15_s42/model_10000.pt,td3,"['velocity', 'orientation', 'height']",8,42,0.06459245830774307,0.08335436135530472,0.1042984277009964,0.0591842383146286,0.08243463188409805,0.46,0.0,600.5,0.8974189162254333,0.7453734874725342,35.11665725708008,44.903564453125,28.305681228637695,97.42691802978516,35.288360595703125,21482.64453125,65973.0234375,13091.7333984375,31634.9609375,0.18634337186813354,0.027482690289616585,0.007395320106297731,0.0036333275493234396,0.2970636487007141,192.6110076904297,0.9398763179779053,0.5111674383282111,3693.285888671875,9.801555930391498,0.25481948256492615,0.001312736072577536,0.4866920152091255,0.5,0,0.5,5,1200
/home/iams/ramlab_ws/src/unitree_rl_mjlab/logs/rsl_rl/h1_2_velocity_a1_v2/2026-08-26_10-02-56_a1a_fullmirror_jacc1e-7_standing15_s42/model_10000.pt,td3,"['velocity', 'orientation', 'height']",8,42,0.06469257175922394,0.0839214101433754,0.10083994269371033,0.059354182332754135,0.08296898007392883,0.46,0.0,600.5,0.8956155180931091,0.7452471852302551,33.980403900146484,42.64028549194336,28.05126953125,83.07672882080078,34.84891891479492,21150.9765625,65281.2734375,11743.7392578125,30812.677734375,0.18631179630756378,0.028596140444278717,0.007421307731419802,0.0036948947235941887,0.29410991072654724,192.2648162841797,0.94112628698349,0.5096867971718531,3693.334228515625,9.790891302763967,0.2610246241092682,0.0011689136736094952,0.4871550903901047,0.5,0,0.5,6,1200
/home/iams/ramlab_ws/src/unitree_rl_mjlab/logs/rsl_rl/h1_2_velocity_a1_v2/2026-08-26_10-02-56_a1a_fullmirror_jacc1e-7_standing15_s42/model_10000.pt,td3,"['velocity', 'orientation', 'height']",8,42,0.06453680992126465,0.08270314335823059,0.0979406088590622,0.05911087989807129,0.08169373869895935,0.46,0.0,600.5,0.8889423608779907,0.7406723499298096,33.972537994384766,43.033504486083984,27.7325382232666,90.58187866210938,34.28731918334961,21053.0703125,68083.53125,12012.6103515625,29100.712890625,0.1851680874824524,0.026698103174567223,0.007522692903876305,0.0034023483749479055,0.2939417362213135,190.8511505126953,0.9398307204246521,0.5114054167760615,3707.020751953125,9.933344848152526,0.25484251976013184,0.001107729971408844,0.48886059834500317,0.5,0,0.5,7,1200
/home/iams/ramlab_ws/src/unitree_rl_mjlab/logs/rsl_rl/h1_2_velocity_a1_v2/2026-08-26_10-02-56_a1a_fullmirror_jacc1e-7_standing15_s42/model_10000.pt,td3,"['velocity', 'orientation', 'height']",8,42,0.07312425225973129,0.08639015257358551,0.10803881287574768,0.06875345855951309,0.08499819785356522,0.46,0.0,600.5,0.9446508288383484,0.761247992515564,36.2055549621582,45.16162109375,30.077760696411133,96.25674438476562,38.975582122802734,22541.8359375,61332.76953125,13749.037109375,36616.984375,0.190311998128891,0.028871748596429825,0.008733258582651615,0.0038250128272920847,0.3297959566116333,202.1660919189453,0.8880338668823242,0.511631574424485,3821.017578125,9.670034065982481,0.25628069043159485,0.0018741830717772245,0.5284706691897472,0.55,0,0.5,0,1200
/home/iams/ramlab_ws/src/unitree_rl_mjlab/logs/rsl_rl/h1_2_velocity_a1_v2/2026-08-26_10-02-56_a1a_fullmirror_jacc1e-7_standing15_s42/model_10000.pt,td3,"['velocity', 'orientation', 'height']",8,42,0.07595028728246689,0.08463195711374283,0.10701363533735275,0.07177471369504929,0.08323942124843597,0.46,0.0,600.5,0.9518952369689941,0.768530011177063,35.587257385253906,43.75795364379883,30.049911499023438,88.05908203125,38.86619567871094,22557.6796875,62610.6953125,12844.76171875,33291.37109375,0.19213250279426575,0.030100205913186073,0.008965636603534222,0.004099651239812374,0.3304893672466278,204.71897888183594,0.8868554830551147,0.5112436259898021,3838.030517578125,9.584693348486342,0.262411892414093,0.0017408180283382535,0.5295638682985692,0.55,0,0.5,1,1200
/home/iams/ramlab_ws/src/unitree_rl_mjlab/logs/rsl_rl/h1_2_velocity_a1_v2/2026-08-26_10-02-56_a1a_fullmirror_jacc1e-7_standing15_s42/model_10000.pt,td3,"['velocity', 'orientation', 'height']",8,42,0.07714750617742538,0.08329896628856659,0.10678090155124664,0.07310939580202103,0.08194166421890259,0.46,0.0,600.5,0.9553375244140625,0.7723895907402039,35.56421661376953,43.62940216064453,30.123720169067383,87.5632095336914,39.32500457763672,22695.9140625,60869.37109375,12644.5224609375,32888.2890625,0.19309739768505096,0.029986273497343063,0.008851144462823868,0.00403793528676033,0.3311817944049835,205.6544647216797,0.8847591280937195,0.5135544094864688,3843.41259765625,9.597658656992042,0.2625509202480316,0.0020401037763804197,0.5278350515463918,0.55,0,0.5,2,1200
/home/iams/ramlab_ws/src/unitree_rl_mjlab/logs/rsl_rl/h1_2_velocity_a1_v2/2026-08-26_10-02-56_a1a_fullmirror_jacc1e-7_standing15_s42/model_10000.pt,td3,"['velocity', 'orientation', 'height']",8,42,0.07753568142652512,0.08451604098081589,0.11026092618703842,0.07338180392980576,0.08303025364875793,0.46,0.0,600.5,0.9589759111404419,0.7734644412994385,36.524070739746094,45.53998947143555,30.319869995117188,91.90663146972656,39.37533950805664,22971.677734375,62118.6875,13852.634765625,36603.015625,0.19336611032485962,0.030222686007618904,0.008860060013830662,0.004131152760237455,0.33475619554519653,205.85186767578125,0.8868489861488342,0.5118229428935612,3827.705810546875,9.517074432541568,0.2621549963951111,0.0021400221157819033,0.526478149100257,0.55,0,0.5,3,1200
/home/iams/ramlab_ws/src/unitree_rl_mjlab/logs/rsl_rl/h1_2_velocity_a1_v2/2026-08-26_10-02-56_a1a_fullmirror_jacc1e-7_standing15_s42/model_10000.pt,td3,"['velocity', 'orientation', 'height']",8,42,0.07649048417806625,0.08481472730636597,0.10818591713905334,0.0723685473203659,0.08339826762676239,0.46,0.0,600.5,0.9470825791358948,0.7688290476799011,34.73080062866211,42.49810028076172,29.472864151000977,86.67273712158203,38.97405242919922,22419.8828125,62745.5703125,12073.251953125,31288.490234375,0.19220726191997528,0.031713660806417465,0.008963793516159058,0.0041948240250349045,0.3261285722255707,203.79478454589844,0.8865755200386047,0.5099666559107826,3833.44580078125,9.592638887922755,0.2656349837779999,0.0019136177143082023,0.5297465080186239,0.55,0,0.5,4,1200
/home/iams/ramlab_ws/src/unitree_rl_mjlab/logs/rsl_rl/h1_2_velocity_a1_v2/2026-08-26_10-02-56_a1a_fullmirror_jacc1e-7_standing15_s42/model_10000.pt,td3,"['velocity', 'orientation', 'height']",8,42,0.07496694475412369,0.08443894982337952,0.1071961373090744,0.07072965800762177,0.08306165784597397,0.48,0.0,600.5,0.9424465298652649,0.763147234916687,35.14910125732422,43.298362731933594,29.634700775146484,92.78465270996094,38.52008819580078,22401.576171875,61976.0703125,12629.658203125,33498.83984375,0.19078680872917175,0.02937178872525692,0.00870919693261385,0.0037779263220727444,0.32643526792526245,201.29273986816406,0.8875781297683716,0.5092545683867461,3821.3642578125,9.667744088408528,0.2602608799934387,0.0020925241988152266,0.5328707718993929,0.55,0,0.5,5,1200
/home/iams/ramlab_ws/src/unitree_rl_mjlab/logs/rsl_rl/h1_2_velocity_a1_v2/2026-08-26_10-02-56_a1a_fullmirror_jacc1e-7_standing15_s42/model_10000.pt,td3,"['velocity', 'orientation', 'height']",8,42,0.07718832790851593,0.08693227171897888,0.1075611338019371,0.0731627568602562,0.08544502407312393,0.46,0.0,600.5,0.9509248733520508,0.7664567828178406,35.07059860229492,42.439613342285156,30.195106506347656,82.57894134521484,39.14778518676758,22509.77734375,61843.0,11994.126953125,31226.376953125,0.19161419570446014,0.03066232055425644,0.008552315644919872,0.004019745159894228,0.3315882980823517,203.89154052734375,0.8874934911727905,0.5070163786126052,3818.43408203125,9.49528764723643,0.26620134711265564,0.0019683728460222483,0.531948051948052,0.55,0,0.5,6,1200
/home/iams/ramlab_ws/src/unitree_rl_mjlab/logs/rsl_rl/h1_2_velocity_a1_v2/2026-08-26_10-02-56_a1a_fullmirror_jacc1e-7_standing15_s42/model_10000.pt,td3,"['velocity', 'orientation', 'height']",8,42,0.07477211952209473,0.08627726882696152,0.10992280393838882,0.07058653235435486,0.08480807393789291,0.46,0.0,600.5,0.9434272646903992,0.7620576620101929,35.51826477050781,43.94126892089844,29.78404998779297,89.84866333007812,38.37040328979492,22496.3046875,62714.4296875,13030.4609375,34971.984375,0.19051441550254822,0.030249839648604393,0.008989786729216576,0.0039457883685827255,0.3295976221561432,203.48741149902344,0.8872786164283752,0.5097573729915612,3827.552490234375,9.5884208710684,0.26063865423202515,0.0017023013206198812,0.5307532826537664,0.55,0,0.5,7,1200
/home/iams/ramlab_ws/src/unitree_rl_mjlab/logs/rsl_rl/h1_2_velocity_a1_v2/2026-08-26_10-02-56_a1a_fullmirror_jacc1e-7_standing15_s42/model_10000.pt,td3,"['velocity', 'orientation', 'height']",8,42,0.09842365235090256,0.0861487090587616,0.13444088399410248,0.09441681206226349,0.08454091101884842,0.46,2.604166729724966e-05,594.9204711914062,1.027475118637085,0.8003069162368774,37.79435729980469,44.688941955566406,33.33248519897461,82.7220230102539,44.88230895996094,23008.515625,58316.265625,13346.177734375,33049.68359375,0.20007672905921936,0.03564725071191788,0.011047927662730217,0.00561528978869319,0.38345980644226074,229.24484252929688,0.8253450393676758,0.5363211360721603,4056.563232421875,9.490378683216031,0.280868798494339,0.0032823265064507723,0.557026291931097,0.6,0,0.5,0,1200
/home/iams/ramlab_ws/src/unitree_rl_mjlab/logs/rsl_rl/h1_2_velocity_a1_v2/2026-08-26_10-02-56_a1a_fullmirror_jacc1e-7_standing15_s42/model_10000.pt,td3,"['velocity', 'orientation', 'height']",8,42,0.08808274567127228,0.08699268102645874,0.12875333428382874,0.0839373767375946,0.0855473056435585,0.48,0.0,600.5,0.985525369644165,0.769557774066925,36.29819107055664,43.17171096801758,31.841102600097656,85.22700500488281,42.74368667602539,22043.265625,55414.25,12971.72265625,34341.828125,0.19238944351673126,0.031712375581264496,0.010632322169840336,0.004790513776242733,0.36558547616004944,215.42807006835938,0.835950493812561,0.5207687883566287,3958.779541015625,9.569824501299593,0.261330246925354,0.0033401381224393845,0.5633596185585916,0.6,0,0.5,1,1200
/home/iams/ramlab_ws/src/unitree_rl_mjlab/logs/rsl_rl/h1_2_velocity_a1_v2/2026-08-26_10-02-56_a1a_fullmirror_jacc1e-7_standing15_s42/model_10000.pt,td3,"['velocity', 'orientation', 'height']",8,42,0.0912843719124794,0.08991658687591553,0.14584650099277496,0.08769341558218002,0.08885271102190018,0.48,5.208333459449932e-05,588.622802734375,1.0094213485717773,0.7846757173538208,37.894283294677734,45.55665969848633,32.820247650146484,86.11180114746094,43.14987564086914,22737.091796875,58661.265625,14128.779296875,35176.65234375,0.1961689293384552,0.03333662077784538,0.011333578266203403,0.005150896031409502,0.3776839077472687,228.12057495117188,0.8278124928474426,0.5462937447303028,4055.685791015625,9.712389141662198,0.27805960178375244,0.004899843595921993,0.5477888730385164,0.6,0,0.5,2,1200
/home/iams/ramlab_ws/src/unitree_rl_mjlab/logs/rsl_rl/h1_2_velocity_a1_v2/2026-08-26_10-02-56_a1a_fullmirror_jacc1e-7_standing15_s42/model_10000.pt,td3,"['velocity', 'orientation', 'height']",8,42,0.09396775811910629,0.08760794997215271,0.12294099479913712,0.09030512720346451,0.08633088320493698,0.46,0.0,600.5,1.0113872289657593,0.7899017930030823,36.643653869628906,42.931339263916016,32.65009689331055,80.28360748291016,45.02362823486328,22456.01953125,58429.96875,12579.7978515625,32683.751953125,0.19747544825077057,0.033776234835386276,0.010880292393267155,0.005324552301317453,0.3745638430118561,222.79238891601562,0.8296288847923279,0.5251059504907132,4016.804931640625,9.467325899202757,0.2713870108127594,0.00277828355319798,0.5583424209378408,0.6,0,0.5,3,1200
/home/iams/ramlab_ws/src/unitree_rl_mjlab/logs/rsl_rl/h1_2_velocity_a1_v2/2026-08-26_10-02-56_a1a_fullmirror_jacc1e-7_standing15_s42/model_10000.pt,td3,"['velocity', 'orientation', 'height']",8,42,0.09635408967733383,0.08784503489732742,0.13185431063175201,0.09280944615602493,0.08642851561307907,0.48,0.0,600.5,1.0185340642929077,0.793268620967865,37.85271453857422,45.114803314208984,33.09555435180664,83.50308227539062,45.06809616088867,22818.900390625,58140.07421875,13786.1728515625,34097.390625,0.19831715524196625,0.033350031822919846,0.01073654368519783,0.005368340760469437,0.3814758360385895,224.4307098388672,0.8278971314430237,0.5278223269465389,4009.1474609375,9.428823562161359,0.27389195561408997,0.0033177637960761786,0.5509325681492109,0.6,0,0.5,4,1200
/home/iams/ramlab_ws/src/unitree_rl_mjlab/logs/rsl_rl/h1_2_velocity_a1_v2/2026-08-26_10-02-56_a1a_fullmirror_jacc1e-7_standing15_s42/model_10000.pt,td3,"['velocity', 'orientation', 'height']",8,42,0.09458184242248535,0.0901627317070961,0.14518089592456818,0.09057396650314331,0.08805062621831894,0.48,6.510417006211355e-05,588.8199462890625,1.021297574043274,0.7924892902374268,38.72379684448242,46.77151107788086,33.32591247558594,85.33122253417969,44.613956451416016,22920.275390625,58242.0390625,14668.4384765625,36802.27734375,0.1981223225593567,0.03516210615634918,0.011444865725934505,0.005548833403736353,0.38380441069602966,231.62965393066406,0.8275130391120911,0.5468048795294289,4055.560791015625,9.573905880058708,0.2781197130680084,0.0037388415075838566,0.5444877702942219,0.6,0,0.5,5,1200
/home/iams/ramlab_ws/src/unitree_rl_mjlab/logs/rsl_rl/h1_2_velocity_a1_v2/2026-08-26_10-02-56_a1a_fullmirror_jacc1e-7_standing15_s42/model_10000.pt,td3,"['velocity', 'orientation', 'height']",8,42,0.09524030238389969,0.08995234966278076,0.13520215451717377,0.09129329770803452,0.0882239118218422,0.46,3.9062499126885086e-05,594.130859375,1.0202631950378418,0.791601300239563,37.75688934326172,44.68191909790039,33.26998519897461,84.50839233398438,45.6667366027832,22590.404296875,58909.6015625,13506.68359375,34124.5234375,0.19790032505989075,0.03495706617832184,0.011432847008109093,0.005680656526237726,0.3811689019203186,226.48643493652344,0.8289713263511658,0.5324163204804518,4032.595947265625,9.479684658687436,0.2757731080055237,0.0031933628488332033,0.5510313901345292,0.6,0,0.5,6,1200
/home/iams/ramlab_ws/src/unitree_rl_mjlab/logs/rsl_rl/h1_2_velocity_a1_v2/2026-08-26_10-02-56_a1a_fullmirror_jacc1e-7_standing15_s42/model_10000.pt,td3,"['velocity', 'orientation', 'height']",8,42,0.09008859843015671,0.08715717494487762,0.1360780894756317,0.08633643388748169,0.08610983192920685,0.48,2.604166729724966e-05,594.752685546875,0.9990020394325256,0.7787167429924011,36.80768585205078,43.67081069946289,32.365047454833984,81.66503143310547,43.12394332885742,22469.54296875,59028.9609375,13098.7568359375,32366.552734375,0.19467918574810028,0.03343808650970459,0.011060095392167568,0.005187424831092358,0.37147465348243713,221.39161682128906,0.8314778804779053,0.5323895085819338,3989.859130859375,9.59457792641481,0.27091890573501587,0.004500443581491709,0.5574305933587371,0.6,0,0.5,7,1200
/home/iams/ramlab_ws/src/unitree_rl_mjlab/logs/rsl_rl/h1_2_velocity_a1_v2/2026-08-26_10-02-56_a1a_fullmirror_jacc1e-7_standing15_s42/model_10000.pt,td3,"['velocity', 'orientation', 'height']",8,42,0.12962672114372253,0.10767722129821777,0.19502471387386322,0.1269174963235855,0.11037824302911758,0.48,0.00015624999650754035,578.4520874023438,1.1230558156967163,0.8319688439369202,44.126827239990234,51.40465545654297,39.59122848510742,86.4605941772461,51.416107177734375,23257.6484375,53832.46484375,16430.515625,37898.046875,0.20799221098423004,0.044204968959093094,0.016121793538331985,0.008618909865617752,0.46634161472320557,291.3974304199219,0.7660742402076721,0.6373092608956763,4610.61767578125,10.083787413026952,0.3357686996459961,0.013268663547933102,0.5413215859030837,0.65,0,0.5,0,1200
/home/iams/ramlab_ws/src/unitree_rl_mjlab/logs/rsl_rl/h1_2_velocity_a1_v2/2026-08-26_10-02-56_a1a_fullmirror_jacc1e-7_standing15_s42/model_10000.pt,td3,"['velocity', 'orientation', 'height']",8,42,0.115003801882267,0.10159660875797272,0.1832350343465805,0.11112406104803085,0.10206468403339386,0.48,9.11458337213844e-05,584.8858032226562,1.0844342708587646,0.8092726469039917,42.02861404418945,49.12419128417969,37.555721282958984,83.0185546875,50.058780670166016,22448.478515625,53388.96875,15666.03125,36860.1796875,0.20231816172599792,0.041333653032779694,0.01486507710069418,0.007590370252728462,0.4454163610935211,271.98406982421875,0.7771614789962769,0.6104965535350689,4462.83984375,10.0173078960251,0.3129582703113556,0.007927252911031246,0.5606862566161709,0.65,0,0.5,1,1200
/home/iams/ramlab_ws/src/unitree_rl_mjlab/logs/rsl_rl/h1_2_velocity_a1_v2/2026-08-26_10-02-56_a1a_fullmirror_jacc1e-7_standing15_s42/model_10000.pt,td3,"['velocity', 'orientation', 'height']",8,42,0.11421338468790054,0.1023215502500534,0.17721961438655853,0.10957813262939453,0.10273581743240356,0.48,1.302083364862483e-05,597.7498168945312,1.07952082157135,0.8062402009963989,41.211570739746094,47.48640441894531,37.44234848022461,83.3959732055664,49.389442443847656,22211.9140625,53162.69140625,14868.73046875,36241.11328125,0.20156005024909973,0.03897896409034729,0.014320969581604004,0.007233100011944771,0.44402968883514404,264.9338684082031,0.7768880128860474,0.5938135648416986,4402.23193359375,9.86701110068049,0.30762171745300293,0.005837847478687763,0.5644983461962514,0.65,0,0.5,2,1200
/home/iams/ramlab_ws/src/unitree_rl_mjlab/logs/rsl_rl/h1_2_velocity_a1_v2/2026-08-26_10-02-56_a1a_fullmirror_jacc1e-7_standing15_s42/model_10000.pt,td3,"['velocity', 'orientation', 'height']",8,42,0.12170702964067459,0.10842309147119522,0.2016143798828125,0.11978302150964737,0.11130541563034058,0.48,0.00016927083197515458,567.2540283203125,1.110700011253357,0.8202962875366211,43.8927116394043,51.37661361694336,39.185062408447266,84.71417999267578,50.42274475097656,22957.431640625,52869.09375,16575.064453125,35934.1796875,0.20507407188415527,0.04305500164628029,0.016054535284638405,0.008259085938334465,0.45868775248527527,286.55291748046875,0.7669791579246521,0.6358938695797458,4574.2900390625,10.150874580904663,0.3302682638168335,0.01291891373693943,0.5421814331097776,0.65,0,0.5,3,1200
/home/iams/ramlab_ws/src/unitree_rl_mjlab/logs/rsl_rl/h1_2_velocity_a1_v2/2026-08-26_10-02-56_a1a_fullmirror_jacc1e-7_standing15_s42/model_10000.pt,td3,"['velocity', 'orientation', 'height']",8,42,0.1219225600361824,0.10261458158493042,0.17944692075252533,0.11811522394418716,0.10462691634893417,0.48,9.11458337213844e-05,580.1008911132812,1.094407558441162,0.814176619052887,42.02429962158203,48.54375457763672,38.051483154296875,84.02640533447266,50.27558898925781,22411.404296875,53155.17578125,15162.662109375,35916.19140625,0.20354415476322174,0.041719332337379456,0.014987315982580185,0.007904505357146263,0.4515095055103302,272.0531921386719,0.7731835842132568,0.6007614177591444,4456.9375,9.842031747442956,0.3166833519935608,0.007918786257505417,0.5601750547045952,0.65,0,0.5,4,1200
/home/iams/ramlab_ws/src/unitree_rl_mjlab/logs/rsl_rl/h1_2_velocity_a1_v2/2026-08-26_10-02-56_a1a_fullmirror_jacc1e-7_standing15_s42/model_10000.pt,td3,"['velocity', 'orientation', 'height']",8,42,0.12125151604413986,0.11086204648017883,0.21389569342136383,0.11980856209993362,0.11498570442199707,0.48,0.00023437499476131052,565.3511962890625,1.1212801933288574,0.8263307213783264,45.01319122314453,53.28934097290039,39.69050216674805,87.78766632080078,50.94157791137695,23538.421875,54545.3046875,17614.587890625,38014.609375,0.2065826803445816,0.0442114993929863,0.01728270761668682,0.008471484296023846,0.4649696350097656,292.2322998046875,0.7640885710716248,0.650653662799593,4621.14013671875,10.288943812118658,0.3382415473461151,0.015378586947917938,0.5325013000520021,0.65,0,0.5,5,1200
/home/iams/ramlab_ws/src/unitree_rl_mjlab/logs/rsl_rl/h1_2_velocity_a1_v2/2026-08-26_10-02-56_a1a_fullmirror_jacc1e-7_standing15_s42/model_10000.pt,td3,"['velocity', 'orientation', 'height']",8,42,0.12079662084579468,0.10190358012914658,0.18439124524593353,0.11657018959522247,0.10169816762208939,0.48,0.0001822916674427688,574.138427734375,1.0980323553085327,0.815300464630127,41.91402816772461,48.35641860961914,38.016178131103516,82.77708435058594,50.405941009521484,22656.779296875,53578.33984375,15006.3486328125,34943.546875,0.20382511615753174,0.04186035692691803,0.01587366685271263,0.008046531118452549,0.4513993263244629,277.49078369140625,0.7739583253860474,0.6179010900676676,4512.4013671875,10.04796597117756,0.32283666729927063,0.009069330990314484,0.553015301530153,0.65,0,0.5,6,1200
/home/iams/ramlab_ws/src/unitree_rl_mjlab/logs/rsl_rl/h1_2_velocity_a1_v2/2026-08-26_10-02-56_a1a_fullmirror_jacc1e-7_standing15_s42/model_10000.pt,td3,"['velocity', 'orientation', 'height']",8,42,0.11272533237934113,0.109507255256176,0.19929251074790955,0.10961055755615234,0.11393846571445465,0.48,7.812499825377017e-05,587.0498657226562,1.0952770709991455,0.8136442303657532,43.25627136230469,50.78572463989258,38.506778717041016,86.12242126464844,49.69136428833008,22490.69921875,52190.9453125,16513.107421875,36913.35546875,0.2034110575914383,0.04090474918484688,0.01529779750853777,0.007580554578453302,0.45028573274612427,278.76251220703125,0.77225261926651,0.6257395167539971,4521.1435546875,10.14863367786919,0.3130762279033661,0.008269501850008965,0.5520215633423181,0.65,0,0.5,7,1200
/home/iams/ramlab_ws/src/unitree_rl_mjlab/logs/rsl_rl/h1_2_velocity_a1_v2/2026-08-26_10-02-56_a1a_fullmirror_jacc1e-7_standing15_s42/model_10000.pt,td3,"['velocity', 'orientation', 'height']",8,42,0.13431048393249512,0.13171540200710297,0.18609830737113953,0.1291782557964325,0.13139608502388,0.5,0.00011718749738065526,584.1109619140625,1.1307735443115234,0.8161390423774719,44.02035903930664,48.28421401977539,41.9840087890625,75.61166381835938,53.769317626953125,21398.76171875,49883.70703125,14198.2919921875,31372.005859375,0.20403476059436798,0.04801676794886589,0.01889197900891304,0.009596505202353,0.4982766807079315,309.0079040527344,0.7098307013511658,0.6621901430731257,4762.87060546875,10.206618416801007,0.3564760982990265,0.008720902726054192,0.5813777441332324,0.7,0,0.5,0,1200
/home/iams/ramlab_ws/src/unitree_rl_mjlab/logs/rsl_rl/h1_2_velocity_a1_v2/2026-08-26_10-02-56_a1a_fullmirror_jacc1e-7_standing15_s42/model_10000.pt,td3,"['velocity', 'orientation', 'height']",8,42,0.12887316942214966,0.13781556487083435,0.21281974017620087,0.12438716739416122,0.13852249085903168,0.5,0.00015624999650754035,577.1795654296875,1.139635443687439,0.81634122133255,46.73027038574219,53.4164924621582,42.81032180786133,83.11739349365234,53.010704040527344,21734.466796875,47115.76171875,17309.353515625,36486.05078125,0.2040853053331375,0.04778255522251129,0.019822895526885986,0.009608838707208633,0.49973270297050476,318.17156982421875,0.7034310102462769,0.6870112431370708,4836.4521484375,10.443099022024542,0.3575499951839447,0.011117406189441681,0.5662672811059908,0.7,0,0.5,1,1200
/home/iams/ramlab_ws/src/unitree_rl_mjlab/logs/rsl_rl/h1_2_velocity_a1_v2/2026-08-26_10-02-56_a1a_fullmirror_jacc1e-7_standing15_s42/model_10000.pt,td3,"['velocity', 'orientation', 'height']",8,42,0.13103154301643372,0.14185704290866852,0.2287527173757553,0.12511511147022247,0.14079919457435608,0.5,0.00023437499476131052,574.212890625,1.1544318199157715,0.825776219367981,47.656585693359375,54.590065002441406,43.55777359008789,85.14423370361328,54.387813568115234,22213.744140625,48086.2734375,17879.0546875,37902.78125,0.20644405484199524,0.05039040744304657,0.020833225920796394,0.010280064307153225,0.5058382153511047,325.9018859863281,0.7007617354393005,0.7039497808464774,4911.8037109375,10.609523188306333,0.36835813522338867,0.011054948903620243,0.5492580010727696,0.7,0,0.5,2,1200
/home/iams/ramlab_ws/src/unitree_rl_mjlab/logs/rsl_rl/h1_2_velocity_a1_v2/2026-08-26_10-02-56_a1a_fullmirror_jacc1e-7_standing15_s42/model_10000.pt,td3,"['velocity', 'orientation', 'height']",8,42,0.13316242396831512,0.1388116180896759,0.21909008920192719,0.12961287796497345,0.1412937045097351,0.5,0.00020833333837799728,572.0762939453125,1.1600714921951294,0.8339710235595703,47.50753402709961,54.388275146484375,43.437435150146484,82.88543701171875,54.53998947143555,22316.3046875,48614.6171875,17533.67578125,36232.75390625,0.20849275588989258,0.049596574157476425,0.01996227353811264,0.009784238412976265,0.5092058181762695,332.41119384765625,0.6982226371765137,0.7158584849392212,4968.23681640625,10.699261085068107,0.3727477490901947,0.012755616568028927,0.5473984319315752,0.7,0,0.5,3,1200
/home/iams/ramlab_ws/src/unitree_rl_mjlab/logs/rsl_rl/h1_2_velocity_a1_v2/2026-08-26_10-02-56_a1a_fullmirror_jacc1e-7_standing15_s42/model_10000.pt,td3,"['velocity', 'orientation', 'height']",8,42,0.13029290735721588,0.12976914644241333,0.2029058337211609,0.12555168569087982,0.1293720006942749,0.5,6.510417006211355e-05,588.9447631835938,1.1259347200393677,0.8133831024169922,45.36563491821289,51.35429000854492,41.95295715332031,80.56465911865234,52.7789306640625,21459.80859375,48482.33984375,16189.4423828125,35074.69140625,0.20334577560424805,0.047924526035785675,0.018602702766656876,0.009398032911121845,0.4968615770339966,307.4081726074219,0.7064257860183716,0.6617747440936327,4745.69482421875,10.216322393441594,0.3550863564014435,0.006388571113348007,0.571960528765593,0.7,0,0.5,4,1200
/home/iams/ramlab_ws/src/unitree_rl_mjlab/logs/rsl_rl/h1_2_velocity_a1_v2/2026-08-26_10-02-56_a1a_fullmirror_jacc1e-7_standing15_s42/model_10000.pt,td3,"['velocity', 'orientation', 'height']",8,42,0.13058829307556152,0.12995293736457825,0.20618955790996552,0.12463674694299698,0.1285524219274521,0.5,0.0001432291610399261,577.93896484375,1.1399891376495361,0.8203953504562378,45.931095123291016,51.73780822753906,42.70106506347656,79.02665710449219,54.753421783447266,21727.912109375,48397.70703125,16233.14453125,35483.78125,0.20509883761405945,0.04700293391942978,0.01947675831615925,0.009350437670946121,0.5031203031539917,318.7790222167969,0.702929675579071,0.6909763017585805,4851.53564453125,10.51604991526603,0.35892629623413086,0.0074781449511647224,0.5619169562831534,0.7,0,0.5,5,1200
/home/iams/ramlab_ws/src/unitree_rl_mjlab/logs/rsl_rl/h1_2_velocity_a1_v2/2026-08-26_10-02-56_a1a_fullmirror_jacc1e-7_standing15_s42/model_10000.pt,td3,"['velocity', 'orientation', 'height']",8,42,0.12219221889972687,0.13783982396125793,0.22473914921283722,0.11521807312965393,0.13677534461021423,0.5,0.00016927083197515458,574.4765625,1.1357882022857666,0.8152852654457092,47.070194244384766,54.33220672607422,42.70083236694336,83.91490936279297,53.92226028442383,21861.85546875,47196.890625,18094.236328125,37090.921875,0.2038213163614273,0.04658477380871773,0.019474893808364868,0.009266829118132591,0.4956303536891937,315.03533935546875,0.7052799463272095,0.6914462144660474,4825.38720703125,10.590861347699855,0.354085236787796,0.008950275368988514,0.5544125609095831,0.7,0,0.5,6,1200
/home/iams/ramlab_ws/src/unitree_rl_mjlab/logs/rsl_rl/h1_2_velocity_a1_v2/2026-08-26_10-02-56_a1a_fullmirror_jacc1e-7_standing15_s42/model_10000.pt,td3,"['velocity', 'orientation', 'height']",8,42,0.12710043787956238,0.13068409264087677,0.22109197080135345,0.12163949757814407,0.12915611267089844,0.5,0.0002213541738456115,572.4391479492188,1.1431838274002075,0.8217518329620361,46.8509635925293,53.832130432128906,42.6986083984375,82.22483825683594,53.75489044189453,22076.119140625,49349.98046875,17450.994140625,36897.16796875,0.20543795824050903,0.0469149649143219,0.01987871713936329,0.009297138080000877,0.5004683136940002,318.17730712890625,0.7055208086967468,0.6942409502635507,4835.65087890625,10.551057764148108,0.36063340306282043,0.009708696976304054,0.5506363147517477,0.7,0,0.5,7,1200
/home/iams/ramlab_ws/src/unitree_rl_mjlab/logs/rsl_rl/h1_2_velocity_a1_v2/2026-08-26_10-02-56_a1a_fullmirror_jacc1e-7_standing15_s42/model_10000.pt,td3,"['velocity', 'orientation', 'height']",8,42,0.06234448030591011,0.06865714490413666,0.09039058536291122,0.05616730824112892,0.06797483563423157,0.56,0.0,600.5,0.8790940642356873,0.7761621475219727,34.93710708618164,48.4027099609375,24.944700241088867,91.9073715209961,32.286705017089844,22388.3046875,67376.4453125,14267.4462890625,35854.34375,0.19404053688049316,0.024902472272515297,0.008191164582967758,0.003685528412461281,0.2794607877731323,182.7012176513672,0.9738671779632568,0.5362391062887123,3696.86865234375,10.850532256909764,0.24162940680980682,0.0005003102705813944,0.3933418693982074,0.4,4,0.5,0,1200
/home/iams/ramlab_ws/src/unitree_rl_mjlab/logs/rsl_rl/h1_2_velocity_a1_v2/2026-08-26_10-02-56_a1a_fullmirror_jacc1e-7_standing15_s42/model_10000.pt,td3,"['velocity', 'orientation', 'height']",8,42,0.06139841675758362,0.06868832558393478,0.09158989042043686,0.0552896149456501,0.06800568103790283,0.56,0.0,600.5,0.882477879524231,0.7778350710868835,35.92923355102539,50.33650588989258,25.201509475708008,105.10130310058594,32.53689193725586,22394.810546875,65962.7109375,15547.3876953125,35165.96875,0.1944587677717209,0.0268288254737854,0.008149788714945316,0.003901890479028225,0.2800405025482178,183.241455078125,0.9794010519981384,0.5342652644001916,3692.231201171875,10.765200541571526,0.24415059387683868,0.0005545577150769532,0.3932411674347158,0.4,4,0.5,1,1200
/home/iams/ramlab_ws/src/unitree_rl_mjlab/logs/rsl_rl/h1_2_velocity_a1_v2/2026-08-26_10-02-56_a1a_fullmirror_jacc1e-7_standing15_s42/model_10000.pt,td3,"['velocity', 'orientation', 'height']",8,42,0.06384430825710297,0.06957327574491501,0.0941590890288353,0.05754932388663292,0.06891057640314102,0.58,0.0,600.5,0.8743443489074707,0.7690222859382629,36.151123046875,50.6666374206543,25.36113166809082,96.4559326171875,33.28870391845703,22385.775390625,66707.0546875,15687.328125,35595.7265625,0.19225557148456573,0.02287391945719719,0.007917571812868118,0.0035534859634935856,0.28288429975509644,180.23794555664062,0.97216796875,0.5326939282233102,3648.902587890625,10.784344280578962,0.23900513350963593,0.0005161738372407854,0.3932915119702983,0.4,4,0.5,2,1200
/home/iams/ramlab_ws/src/unitree_rl_mjlab/logs/rsl_rl/h1_2_velocity_a1_v2/2026-08-26_10-02-56_a1a_fullmirror_jacc1e-7_standing15_s42/model_10000.pt,td3,"['velocity', 'orientation', 'height']",8,42,0.06192208454012871,0.0700259879231453,0.08595002442598343,0.05578504502773285,0.069381944835186,0.56,0.0,600.5,0.877785325050354,0.774116039276123,34.65232849121094,47.850467681884766,24.88572120666504,90.39713287353516,32.21940994262695,22024.6484375,64289.23828125,13964.3935546875,35298.28515625,0.19352900981903076,0.025604352355003357,0.00794639065861702,0.003693006932735443,0.280696302652359,181.5002899169922,0.9770182371139526,0.5311377399208431,3678.115478515625,10.763540274119212,0.24423100054264069,0.0005250886897556484,0.3938966534171048,0.4,4,0.5,3,1200
/home/iams/ramlab_ws/src/unitree_rl_mjlab/logs/rsl_rl/h1_2_velocity_a1_v2/2026-08-26_10-02-56_a1a_fullmirror_jacc1e-7_standing15_s42/model_10000.pt,td3,"['velocity', 'orientation', 'height']",8,42,0.06460609287023544,0.06938549131155014,0.09350686520338058,0.05842415988445282,0.06863460689783096,0.58,0.0,600.5,0.8782862424850464,0.7717545032501221,35.929935455322266,49.84574508666992,25.6342830657959,99.96583557128906,33.681846618652344,22233.2734375,68483.8828125,15225.1123046875,35252.5,0.19293862581253052,0.023713992908596992,0.008338721469044685,0.0037883413024246693,0.2858174741268158,183.39781188964844,0.975084662437439,0.5426546554457774,3701.285400390625,10.951710271603648,0.2422970086336136,0.000483043200802058,0.39414934565050036,0.4,4,0.5,4,1200
/home/iams/ramlab_ws/src/unitree_rl_mjlab/logs/rsl_rl/h1_2_velocity_a1_v2/2026-08-26_10-02-56_a1a_fullmirror_jacc1e-7_standing15_s42/model_10000.pt,td3,"['velocity', 'orientation', 'height']",8,42,0.06189264357089996,0.0694156289100647,0.08931088447570801,0.055697184056043625,0.06879788637161255,0.56,0.0,600.5,0.8800067901611328,0.77486252784729,35.814064025878906,50.11528778076172,25.165544509887695,100.6194839477539,32.588687896728516,22266.94140625,65063.40625,15337.6982421875,36260.12109375,0.1937156319618225,0.025088759139180183,0.0077695767395198345,0.003789483802393079,0.2805590033531189,181.27052307128906,0.9757226705551147,0.5297596629593024,3664.5791015625,10.70966393711904,0.2408905327320099,0.000555728911422193,0.39359385009609227,0.4,4,0.5,5,1200
/home/iams/ramlab_ws/src/unitree_rl_mjlab/logs/rsl_rl/h1_2_velocity_a1_v2/2026-08-26_10-02-56_a1a_fullmirror_jacc1e-7_standing15_s42/model_10000.pt,td3,"['velocity', 'orientation', 'height']",8,42,0.06146613508462906,0.06948839873075485,0.09037289023399353,0.05540001392364502,0.06883494555950165,0.56,0.0,600.5,0.8805145621299744,0.7750638127326965,35.423377990722656,48.97639846801758,25.406103134155273,95.26943969726562,32.27999496459961,22138.056640625,67257.9453125,14661.49609375,35023.9140625,0.19376595318317413,0.025799067690968513,0.007987728342413902,0.0038611292839050293,0.28063318133354187,182.07862854003906,0.9793750047683716,0.5310616991231849,3686.16796875,10.75130316696858,0.2438063770532608,0.0005689618410542607,0.39374519354011794,0.4,4,0.5,6,1200
/home/iams/ramlab_ws/src/unitree_rl_mjlab/logs/rsl_rl/h1_2_velocity_a1_v2/2026-08-26_10-02-56_a1a_fullmirror_jacc1e-7_standing15_s42/model_10000.pt,td3,"['velocity', 'orientation', 'height']",8,42,0.06261388957500458,0.06970807164907455,0.092022605240345,0.05638875067234039,0.0691019669175148,0.58,0.0,600.5,0.874494731426239,0.7702590823173523,36.79664993286133,52.336116790771484,25.179702758789062,114.76567077636719,32.64911651611328,22278.330078125,67046.6171875,16709.615234375,37065.75390625,0.19256477057933807,0.023380309343338013,0.00763685954734683,0.0035565360449254513,0.2816733717918396,179.91909790039062,0.9746419191360474,0.5291361074347581,3660.188232421875,10.764491193364176,0.2384190559387207,0.0004875714366789907,0.3928891162552756,0.4,4,0.5,7,1200
/home/iams/ramlab_ws/src/unitree_rl_mjlab/logs/rsl_rl/h1_2_velocity_a1_v2/2026-08-26_10-02-56_a1a_fullmirror_jacc1e-7_standing15_s42/model_10000.pt,td3,"['velocity', 'orientation', 'height']",8,42,0.06282519549131393,0.07728931307792664,0.10058370232582092,0.056890759617090225,0.07651617377996445,0.6,0.0,600.5,0.8670288920402527,0.746070921421051,34.38427734375,46.07294845581055,25.93099594116211,96.05107879638672,32.573692321777344,21342.69921875,62278.203125,13683.2822265625,33094.33984375,0.18651773035526276,0.026461508125066757,0.008729714900255203,0.0037739670369774103,0.2831895351409912,185.111328125,0.9607161283493042,0.5235485898359727,3891.607421875,11.006596343403364,0.23734766244888306,0.0009553961572237313,0.4436741767764298,0.45,4,0.5,0,1200
/home/iams/ramlab_ws/src/unitree_rl_mjlab/logs/rsl_rl/h1_2_velocity_a1_v2/2026-08-26_10-02-56_a1a_fullmirror_jacc1e-7_standing15_s42/model_10000.pt,td3,"['velocity', 'orientation', 'height']",8,42,0.06229964643716812,0.07717110961675644,0.10414611548185349,0.05633094161748886,0.07646025717258453,0.6,0.0,600.5,0.8634303212165833,0.7458658814430237,34.567081451416016,47.04951858520508,25.428464889526367,98.42085266113281,32.51620101928711,21351.578125,63628.2890625,14217.2197265625,33978.59765625,0.18646647036075592,0.026849448680877686,0.008538274094462395,0.0038147533778101206,0.2823580503463745,185.28871154785156,0.9589583277702332,0.5223399051197115,3887.371337890625,10.958731241640502,0.23942580819129944,0.0009841728024184704,0.4440589765828274,0.45,4,0.5,1,1200
/home/iams/ramlab_ws/src/unitree_rl_mjlab/logs/rsl_rl/h1_2_velocity_a1_v2/2026-08-26_10-02-56_a1a_fullmirror_jacc1e-7_standing15_s42/model_10000.pt,td3,"['velocity', 'orientation', 'height']",8,42,0.06304407864809036,0.07723879814147949,0.10108530521392822,0.05707583576440811,0.07640134543180466,0.6,0.0,600.5,0.8643330335617065,0.7436724901199341,34.413818359375,46.286705017089844,25.793088912963867,95.96131134033203,32.1652717590332,21300.4453125,61554.20703125,13740.7822265625,33018.67578125,0.18591812252998352,0.02625633217394352,0.008676986210048199,0.0038680180441588163,0.2832438051700592,185.14486694335938,0.9584375023841858,0.523947003619596,3886.296630859375,10.99794530453815,0.2349095195531845,0.0008375360630452633,0.4442516268980477,0.45,4,0.5,2,1200
/home/iams/ramlab_ws/src/unitree_rl_mjlab/logs/rsl_rl/h1_2_velocity_a1_v2/2026-08-26_10-02-56_a1a_fullmirror_jacc1e-7_standing15_s42/model_10000.pt,td3,"['velocity', 'orientation', 'height']",8,42,0.060102444142103195,0.07696574181318283,0.09865433722734451,0.05439712107181549,0.07628830522298813,0.58,0.0,600.5,0.8704800605773926,0.7531989216804504,34.281124114990234,46.160789489746094,25.64156723022461,95.11901092529297,32.97444152832031,21458.025390625,62396.0078125,13647.9853515625,32263.220703125,0.1882997304201126,0.030260877683758736,0.008595547638833523,0.004174080211669207,0.27659285068511963,186.72425842285156,0.9557682275772095,0.5183776330610119,3887.237548828125,10.79161709853908,0.24421465396881104,0.0008648295770399272,0.44380236925744004,0.45,4,0.5,3,1200
/home/iams/ramlab_ws/src/unitree_rl_mjlab/logs/rsl_rl/h1_2_velocity_a1_v2/2026-08-26_10-02-56_a1a_fullmirror_jacc1e-7_standing15_s42/model_10000.pt,td3,"['velocity', 'orientation', 'height']",8,42,0.061950135976076126,0.07798811048269272,0.0975114181637764,0.05606390908360481,0.07720215618610382,0.6,0.0,600.5,0.8640417456626892,0.7449769973754883,34.05685043334961,45.789100646972656,25.530488967895508,94.21018981933594,32.077293395996094,21264.544921875,62195.5859375,13462.09375,32302.146484375,0.18624424934387207,0.026879841461777687,0.008311359211802483,0.003748171264305711,0.28247857093811035,184.60446166992188,0.9600065350532532,0.5186159274342974,3860.442138671875,10.84527745179861,0.23855066299438477,0.0008549974882043898,0.44380236925744004,0.45,4,0.5,4,1200
/home/iams/ramlab_ws/src/unitree_rl_mjlab/logs/rsl_rl/h1_2_velocity_a1_v2/2026-08-26_10-02-56_a1a_fullmirror_jacc1e-7_standing15_s42/model_10000.pt,td3,"['velocity', 'orientation', 'height']",8,42,0.06199358031153679,0.0760546401143074,0.0981227234005928,0.05599357560276985,0.07534153014421463,0.6,0.0,600.5,0.8642290830612183,0.747808575630188,34.08372497558594,46.07258605957031,25.364755630493164,94.90162658691406,31.531808853149414,21317.044921875,62741.1015625,13756.267578125,32943.14453125,0.186952143907547,0.025672566145658493,0.009263291954994202,0.003843102138489485,0.2811736464500427,185.32870483398438,0.9574413895606995,0.5253319353587331,3919.532470703125,11.110290727279608,0.23284800350666046,0.0008464613347314298,0.4438664932813177,0.45,4,0.5,5,1200
/home/iams/ramlab_ws/src/unitree_rl_mjlab/logs/rsl_rl/h1_2_velocity_a1_v2/2026-08-26_10-02-56_a1a_fullmirror_jacc1e-7_standing15_s42/model_10000.pt,td3,"['velocity', 'orientation', 'height']",8,42,0.061910901218652725,0.07739830017089844,0.10177905112504959,0.05597361922264099,0.07663929462432861,0.6,0.0,600.5,0.8649400472640991,0.7452384233474731,34.861907958984375,47.42332077026367,25.6717586517334,101.38990783691406,32.567588806152344,21504.38671875,63594.57421875,14471.783203125,34837.79296875,0.1863096058368683,0.02739555388689041,0.008402521722018719,0.0038698390126228333,0.2805408835411072,185.00003051757812,0.9595637917518616,0.5211205649137168,3865.181640625,10.887704619711592,0.23940765857696533,0.0008340158383361995,0.4437382637584862,0.45,4,0.5,6,1200
/home/iams/ramlab_ws/src/unitree_rl_mjlab/logs/rsl_rl/h1_2_velocity_a1_v2/2026-08-26_10-02-56_a1a_fullmirror_jacc1e-7_standing15_s42/model_10000.pt,td3,"['velocity', 'orientation', 'height']",8,42,0.060776494443416595,0.0772893950343132,0.09621433168649673,0.054898157715797424,0.07655352354049683,0.6,0.0,600.5,0.8589179515838623,0.7428041100502014,33.59465026855469,45.10081481933594,25.23012351989746,93.93910217285156,32.27518844604492,21196.45703125,62213.65234375,13219.810546875,30964.52734375,0.18570102751255035,0.02749941498041153,0.008554217405617237,0.00369269005022943,0.2781355679035187,182.87599182128906,0.958971381187439,0.5156318845746993,3858.314697265625,10.878793701919925,0.24360539019107819,0.0006922285538166761,0.4441873915558126,0.45,4,0.5,7,1200
/home/iams/ramlab_ws/src/unitree_rl_mjlab/logs/rsl_rl/h1_2_velocity_a1_v2/2026-08-26_10-02-56_a1a_fullmirror_jacc1e-7_standing15_s42/model_10000.pt,td3,"['velocity', 'orientation', 'height']",8,42,0.06415118277072906,0.08109588921070099,0.09604659676551819,0.05850892886519432,0.08007503300905228,0.62,0.0,600.5,0.8788928985595703,0.7392736673355103,32.715965270996094,41.830318450927734,26.359249114990234,85.6355209350586,33.59052658081055,20718.341796875,65369.66796875,11891.59765625,30097.8671875,0.18481841683387756,0.02773493528366089,0.009363916702568531,0.0038018827326595783,0.29297593235969543,188.84857177734375,0.9342057108879089,0.508327840921274,4016.4853515625,10.811262161940034,0.23849612474441528,0.0013073253212496638,0.48777389647507147,0.5,4,0.5,0,1200
/home/iams/ramlab_ws/src/unitree_rl_mjlab/logs/rsl_rl/h1_2_velocity_a1_v2/2026-08-26_10-02-56_a1a_fullmirror_jacc1e-7_standing15_s42/model_10000.pt,td3,"['velocity', 'orientation', 'height']",8,42,0.06682943552732468,0.08130049705505371,0.09687092900276184,0.06122535094618797,0.08026241511106491,0.64,0.0,600.5,0.8799161314964294,0.7381929755210876,33.36897659301758,42.99532699584961,26.634037017822266,88.6444091796875,33.7989616394043,20881.1640625,63455.0859375,12601.0,30674.453125,0.1845482438802719,0.026577964425086975,0.009761747904121876,0.0038207031320780516,0.29794690012931824,189.88803100585938,0.9341927170753479,0.5125487465437368,4030.82666015625,10.880071981601839,0.23147344589233398,0.0018238179618492723,0.48831664282308057,0.5,4,0.5,1,1200
/home/iams/ramlab_ws/src/unitree_rl_mjlab/logs/rsl_rl/h1_2_velocity_a1_v2/2026-08-26_10-02-56_a1a_fullmirror_jacc1e-7_standing15_s42/model_10000.pt,td3,"['velocity', 'orientation', 'height']",8,42,0.06581062823534012,0.08199597895145416,0.09510888904333115,0.06027854606509209,0.08103805780410767,0.46,0.0,600.5,0.890647828578949,0.7477381229400635,33.92868423461914,43.818626403808594,26.96074676513672,89.32875061035156,34.47202682495117,21298.56640625,65836.3828125,12928.5537109375,31694.228515625,0.18693453073501587,0.03007662482559681,0.009595400653779507,0.004146580584347248,0.2959541380405426,192.6510772705078,0.9352994561195374,0.513339649715665,3998.855712890625,10.65538590054727,0.23886911571025848,0.0014146609464660287,0.48530805687203793,0.5,4,0.5,2,1200
/home/iams/ramlab_ws/src/unitree_rl_mjlab/logs/rsl_rl/h1_2_velocity_a1_v2/2026-08-26_10-02-56_a1a_fullmirror_jacc1e-7_standing15_s42/model_10000.pt,td3,"['velocity', 'orientation', 'height']",8,42,0.06427190452814102,0.0818542018532753,0.09136290848255157,0.05862434208393097,0.08083546906709671,0.64,0.0,600.5,0.8814929127693176,0.7402700781822205,33.06867218017578,42.52317810058594,26.461652755737305,87.29119110107422,33.218875885009766,20729.0234375,62803.59765625,12244.71484375,31616.76171875,0.18506751954555511,0.027852738276124,0.01007686834782362,0.0039902436546981335,0.2953633666038513,191.07054138183594,0.9334830641746521,0.5166949081245196,4062.22412109375,10.985107537137655,0.2313350886106491,0.0013905804371461272,0.4884719351248211,0.5,4,0.5,3,1200
/home/iams/ramlab_ws/src/unitree_rl_mjlab/logs/rsl_rl/h1_2_velocity_a1_v2/2026-08-26_10-02-56_a1a_fullmirror_jacc1e-7_standing15_s42/model_10000.pt,td3,"['velocity', 'orientation', 'height']",8,42,0.06485885381698608,0.08251481503248215,0.10106927156448364,0.05920858308672905,0.08153016120195389,0.64,0.0,600.5,0.8793378472328186,0.7356280088424683,33.726383209228516,43.638797760009766,26.7791690826416,91.27622985839844,33.5133171081543,20814.23046875,61483.0078125,12847.37109375,33720.64453125,0.18390700221061707,0.02709355019032955,0.009711050428450108,0.0037530676927417517,0.29831162095069885,190.59963989257812,0.9327994585037231,0.5167986546236109,4043.972900390625,10.9649719592007,0.22971034049987793,0.0014942485140636563,0.4860759493670886,0.5,4,0.5,4,1200
/home/iams/ramlab_ws/src/unitree_rl_mjlab/logs/rsl_rl/h1_2_velocity_a1_v2/2026-08-26_10-02-56_a1a_fullmirror_jacc1e-7_standing15_s42/model_10000.pt,td3,"['velocity', 'orientation', 'height']",8,42,0.06538636982440948,0.08204224705696106,0.09100170433521271,0.05992651358246803,0.08101961016654968,0.46,0.0,600.5,0.8924019932746887,0.7490506172180176,33.57493209838867,43.008487701416016,26.9760799407959,87.55845642089844,34.55064392089844,21100.984375,64288.203125,12439.787109375,31173.12890625,0.1872626543045044,0.029788440093398094,0.009418371133506298,0.0041781142354011536,0.2969943881034851,193.45944213867188,0.9341731667518616,0.5132257006135028,4036.90576171875,10.709446804538292,0.24079498648643494,0.0016167244175449014,0.48676913325938836,0.5,4,0.5,5,1200
/home/iams/ramlab_ws/src/unitree_rl_mjlab/logs/rsl_rl/h1_2_velocity_a1_v2/2026-08-26_10-02-56_a1a_fullmirror_jacc1e-7_standing15_s42/model_10000.pt,td3,"['velocity', 'orientation', 'height']",8,42,0.06333113461732864,0.08277668803930283,0.09298118203878403,0.05777034908533096,0.08177062124013901,0.46,0.0,600.5,0.8829200863838196,0.7395755052566528,33.050636291503906,41.96894836425781,26.9023380279541,84.5247802734375,33.93901062011719,20708.626953125,62255.421875,11842.412109375,29397.064453125,0.1848938763141632,0.02775457315146923,0.009947527199983597,0.0038949609734117985,0.29599735140800476,190.73468017578125,0.9355403780937195,0.5134478604489594,4044.2294921875,10.886856509401598,0.2309877723455429,0.0012426456669345498,0.4882390336935791,0.5,4,0.5,6,1200
/home/iams/ramlab_ws/src/unitree_rl_mjlab/logs/rsl_rl/h1_2_velocity_a1_v2/2026-08-26_10-02-56_a1a_fullmirror_jacc1e-7_standing15_s42/model_10000.pt,td3,"['velocity', 'orientation', 'height']",8,42,0.06373041123151779,0.082264743745327,0.09723526984453201,0.05821375548839569,0.08123626559972763,0.46,0.0,600.5,0.8845806121826172,0.7394323348999023,33.73893356323242,43.418914794921875,26.97212791442871,90.0861587524414,33.476871490478516,20969.96484375,64111.59765625,12686.3388671875,32587.806640625,0.18485808372497559,0.028319664299488068,0.009500914253294468,0.003954029642045498,0.29668092727661133,191.70120239257812,0.9327669143676758,0.5142681443341934,4039.072998046875,10.835439479788029,0.2337203472852707,0.0013098306953907013,0.48676913325938836,0.5,4,0.5,7,1200
/home/iams/ramlab_ws/src/unitree_rl_mjlab/logs/rsl_rl/h1_2_velocity_a1_v2/2026-08-26_10-02-56_a1a_fullmirror_jacc1e-7_standing15_s42/model_10000.pt,td3,"['velocity', 'orientation', 'height']",8,42,0.07554955035448074,0.08544351160526276,0.10487110167741776,0.07119426131248474,0.08393818140029907,0.48,0.0,600.5,0.9417639970779419,0.7605581879615784,34.1325798034668,41.360469818115234,29.36740493774414,79.92033386230469,38.050987243652344,21770.595703125,60459.64453125,11779.505859375,30337.294921875,0.1901395469903946,0.02956627495586872,0.01142609678208828,0.004398015793412924,0.33615902066230774,206.4325408935547,0.8785807490348816,0.5209815996062964,4194.4072265625,10.585585083628116,0.23896346986293793,0.0025186892598867416,0.5301121656600518,0.55,4,0.5,0,1200
/home/iams/ramlab_ws/src/unitree_rl_mjlab/logs/rsl_rl/h1_2_velocity_a1_v2/2026-08-26_10-02-56_a1a_fullmirror_jacc1e-7_standing15_s42/model_10000.pt,td3,"['velocity', 'orientation', 'height']",8,42,0.08204613626003265,0.08348698168992996,0.11185366660356522,0.07806582748889923,0.0819789469242096,0.46,0.0,600.5,0.9530386924743652,0.7710952162742615,35.000144958496094,43.072608947753906,29.489276885986328,84.09828186035156,38.995906829833984,22300.55078125,61610.72265625,12720.94921875,33130.72265625,0.19277380406856537,0.03211396560072899,0.010885967873036861,0.004939982667565346,0.3378148674964905,209.6724853515625,0.8783398270606995,0.518028620793718,4176.75341796875,10.319320597257459,0.25239622592926025,0.0029614735394716263,0.5245901639344263,0.55,4,0.5,1,1200
/home/iams/ramlab_ws/src/unitree_rl_mjlab/logs/rsl_rl/h1_2_velocity_a1_v2/2026-08-26_10-02-56_a1a_fullmirror_jacc1e-7_standing15_s42/model_10000.pt,td3,"['velocity', 'orientation', 'height']",8,42,0.07700926810503006,0.08463432639837265,0.1064341589808464,0.07274750620126724,0.08320309966802597,0.48,0.0,600.5,0.9424533843994141,0.7621105909347534,34.210880279541016,41.500022888183594,29.383424758911133,77.75447845458984,38.32748031616211,21902.6484375,59997.0078125,11815.3798828125,30309.09375,0.19052764773368835,0.030174249783158302,0.011167095974087715,0.004434117581695318,0.3353317379951477,205.9408721923828,0.8778385519981384,0.5182284526328403,4168.04345703125,10.48844020684921,0.24272727966308594,0.0026546167209744453,0.5294725956566702,0.55,4,0.5,2,1200
/home/iams/ramlab_ws/src/unitree_rl_mjlab/logs/rsl_rl/h1_2_velocity_a1_v2/2026-08-26_10-02-56_a1a_fullmirror_jacc1e-7_standing15_s42/model_10000.pt,td3,"['velocity', 'orientation', 'height']",8,42,0.07706453651189804,0.08477438241243362,0.10377181321382523,0.07268448173999786,0.08325138688087463,0.48,0.0,600.5,0.9401586651802063,0.759319007396698,34.1765251159668,41.55367660522461,29.30238914489746,81.36869049072266,37.81099319458008,21695.966796875,61163.58203125,11913.583984375,31349.6484375,0.1898297518491745,0.029297351837158203,0.01119736023247242,0.004332325886934996,0.3350459337234497,206.42657470703125,0.8769987225532532,0.520906777228598,4200.69873046875,10.600246232627113,0.2381611168384552,0.0027472369838505983,0.5292901447277739,0.55,4,0.5,3,1200
/home/iams/ramlab_ws/src/unitree_rl_mjlab/logs/rsl_rl/h1_2_velocity_a1_v2/2026-08-26_10-02-56_a1a_fullmirror_jacc1e-7_standing15_s42/model_10000.pt,td3,"['velocity', 'orientation', 'height']",8,42,0.07967369258403778,0.08334500342607498,0.10226089507341385,0.07554754614830017,0.08187872916460037,0.48,0.0,600.5,0.947401225566864,0.7656649351119995,34.3299674987793,41.69038391113281,29.428028106689453,78.40184783935547,38.64328384399414,21973.41015625,60639.25390625,11901.41796875,30167.734375,0.19141623377799988,0.029681462794542313,0.010895460844039917,0.004660181701183319,0.33717411756515503,207.3328094482422,0.8783984184265137,0.5196776502037018,4193.2998046875,10.510463637237258,0.2452378123998642,0.00300167640671134,0.5290167039779576,0.55,4,0.5,4,1200
/home/iams/ramlab_ws/src/unitree_rl_mjlab/logs/rsl_rl/h1_2_velocity_a1_v2/2026-08-26_10-02-56_a1a_fullmirror_jacc1e-7_standing15_s42/model_10000.pt,td3,"['velocity', 'orientation', 'height']",8,42,0.07644360512495041,0.08563584089279175,0.10130303353071213,0.07206566631793976,0.08414452522993088,0.48,0.0,600.5,0.9395556449890137,0.7582705616950989,33.70954895019531,40.35053634643555,29.431791305541992,76.14671325683594,37.67316436767578,21597.25390625,60004.55078125,11179.9169921875,29428.9609375,0.18956764042377472,0.029926728457212448,0.011115269735455513,0.004433886148035526,0.33246690034866333,204.78871154785156,0.87869793176651,0.5181679716547901,4187.11767578125,10.594481961360005,0.2379860132932663,0.0026904260739684105,0.5288345670511275,0.55,4,0.5,5,1200
/home/iams/ramlab_ws/src/unitree_rl_mjlab/logs/rsl_rl/h1_2_velocity_a1_v2/2026-08-26_10-02-56_a1a_fullmirror_jacc1e-7_standing15_s42/model_10000.pt,td3,"['velocity', 'orientation', 'height']",8,42,0.07923176139593124,0.085844486951828,0.10875658690929413,0.0750173032283783,0.08436979353427887,0.48,0.0,600.5,0.9461773633956909,0.7644340395927429,34.524444580078125,42.112571716308594,29.440279006958008,81.4692611694336,38.5362434387207,22058.943359375,60255.0625,12265.1806640625,32520.009765625,0.19110850989818573,0.031194692477583885,0.010787639766931534,0.004644371569156647,0.33533990383148193,206.86795043945312,0.8792642951011658,0.5163612342298544,4169.0478515625,10.406323021080805,0.2451743334531784,0.00283961184322834,0.5282889079965606,0.55,4,0.5,6,1200
/home/iams/ramlab_ws/src/unitree_rl_mjlab/logs/rsl_rl/h1_2_velocity_a1_v2/2026-08-26_10-02-56_a1a_fullmirror_jacc1e-7_standing15_s42/model_10000.pt,td3,"['velocity', 'orientation', 'height']",8,42,0.07236604392528534,0.08400613069534302,0.10105305910110474,0.06794934719800949,0.08251417428255081,0.48,0.0,600.5,0.9367228746414185,0.758972704410553,33.58490753173828,40.66936111450195,28.912025451660156,78.15391540527344,38.22743225097656,21751.240234375,60761.61328125,11538.689453125,30557.95703125,0.18974317610263824,0.02941359579563141,0.011158507317304611,0.004236715845763683,0.3306492567062378,203.40390014648438,0.8801302313804626,0.5162671306566642,4169.2158203125,10.58204643730329,0.24000930786132812,0.00177905079908669,0.5313040470425459,0.55,4,0.5,7,1200
/home/iams/ramlab_ws/src/unitree_rl_mjlab/logs/rsl_rl/h1_2_velocity_a1_v2/2026-08-26_10-02-56_a1a_fullmirror_jacc1e-7_standing15_s42/model_10000.pt,td3,"['velocity', 'orientation', 'height']",8,42,0.10279722511768341,0.08589184284210205,0.13314656913280487,0.09963180869817734,0.08468560874462128,0.48,0.0,600.5,1.0239410400390625,0.7957684993743896,36.80976486206055,42.75735092163086,33.06618881225586,74.45056915283203,44.83370590209961,22299.291015625,57247.95703125,12541.662109375,33578.50390625,0.1989421248435974,0.035907238721847534,0.013327343389391899,0.006219576112926006,0.38798826932907104,232.27679443359375,0.8170052170753479,0.5407931388821066,4378.828125,10.194907122068946,0.26743972301483154,0.004043510649353266,0.557936796222303,0.6,4,0.5,0,1200
/home/iams/ramlab_ws/src/unitree_rl_mjlab/logs/rsl_rl/h1_2_velocity_a1_v2/2026-08-26_10-02-56_a1a_fullmirror_jacc1e-7_standing15_s42/model_10000.pt,td3,"['velocity', 'orientation', 'height']",8,42,0.10077236592769623,0.08836597204208374,0.13511402904987335,0.09733996540307999,0.0871657058596611,0.48,0.0,600.5,1.0184996128082275,0.7901121377944946,37.09504699707031,43.347835540771484,33.16440963745117,77.89395141601562,44.69978332519531,22103.951171875,55090.2578125,12853.8095703125,33753.4140625,0.19752803444862366,0.03443577140569687,0.01355660893023014,0.006016324739903212,0.38813477754592896,233.27871704101562,0.8168359398841858,0.5475124473194403,4433.69921875,10.40603053777396,0.26365113258361816,0.004919828847050667,0.5491598140865213,0.6,4,0.5,1,1200
/home/iams/ramlab_ws/src/unitree_rl_mjlab/logs/rsl_rl/h1_2_velocity_a1_v2/2026-08-26_10-02-56_a1a_fullmirror_jacc1e-7_standing15_s42/model_10000.pt,td3,"['velocity', 'orientation', 'height']",8,42,0.08811835199594498,0.087943896651268,0.13069270551204681,0.08448392152786255,0.08694670349359512,0.48,1.302083364862483e-05,595.8070678710938,1.0004780292510986,0.7763324975967407,36.88246154785156,43.63908386230469,32.52970886230469,77.99108123779297,44.954246520996094,21953.099609375,54562.69921875,13391.9736328125,32483.169921875,0.19408312439918518,0.033099282532930374,0.013430172577500343,0.0053330580703914165,0.37861862778663635,223.9473419189453,0.8262369632720947,0.5406961494559908,4330.982421875,10.456678943911362,0.24898895621299744,0.004606227390468121,0.5517241379310345,0.6,4,0.5,2,1200
/home/iams/ramlab_ws/src/unitree_rl_mjlab/logs/rsl_rl/h1_2_velocity_a1_v2/2026-08-26_10-02-56_a1a_fullmirror_jacc1e-7_standing15_s42/model_10000.pt,td3,"['velocity', 'orientation', 'height']",8,42,0.09463874250650406,0.09036742150783539,0.1428578644990921,0.09116992354393005,0.09005441516637802,0.48,7.812499825377017e-05,588.6316528320312,1.012351632118225,0.7825416922569275,37.44602966308594,44.236576080322266,33.07501220703125,79.38185119628906,44.3559455871582,22058.171875,55688.98828125,13501.5224609375,33832.625,0.19563542306423187,0.034690141677856445,0.01393380668014288,0.005826514679938555,0.3841896653175354,233.92916870117188,0.8221419453620911,0.5556481939895641,4390.2880859375,10.428180217350729,0.26182234287261963,0.005660210270434618,0.5503403797921892,0.6,4,0.5,3,1200
/home/iams/ramlab_ws/src/unitree_rl_mjlab/logs/rsl_rl/h1_2_velocity_a1_v2/2026-08-26_10-02-56_a1a_fullmirror_jacc1e-7_standing15_s42/model_10000.pt,td3,"['velocity', 'orientation', 'height']",8,42,0.09612009674310684,0.0878625363111496,0.14131572842597961,0.09241490066051483,0.08665531873703003,0.48,0.0,600.5,1.012386679649353,0.7842152118682861,37.862693786621094,45.19156265258789,33.03292465209961,83.29611206054688,45.217708587646484,22228.91015625,54308.046875,14181.873046875,35414.5234375,0.19605380296707153,0.03448199853301048,0.013292483985424042,0.005908452905714512,0.38706180453300476,230.4292755126953,0.8221158981323242,0.543616805244602,4365.931640625,10.299880330461882,0.26187705993652344,0.003836260177195072,0.5454545454545454,0.6,4,0.5,4,1200
/home/iams/ramlab_ws/src/unitree_rl_mjlab/logs/rsl_rl/h1_2_velocity_a1_v2/2026-08-26_10-02-56_a1a_fullmirror_jacc1e-7_standing15_s42/model_10000.pt,td3,"['velocity', 'orientation', 'height']",8,42,0.09449061006307602,0.08901464939117432,0.14170700311660767,0.09104906022548676,0.08821915835142136,0.48,6.510417006211355e-05,593.1831665039062,1.0177059173583984,0.7872347831726074,38.073585510253906,45.5788688659668,33.12828063964844,80.96348571777344,44.80416488647461,22334.787109375,54292.65234375,14226.4140625,34768.81640625,0.19680869579315186,0.0341949425637722,0.014167645946145058,0.005730172619223595,0.38665711879730225,233.006591796875,0.8202343583106995,0.5535536785061823,4398.76171875,10.450135801737689,0.25797486305236816,0.005011830944567919,0.5445842935649707,0.6,4,0.5,5,1200
/home/iams/ramlab_ws/src/unitree_rl_mjlab/logs/rsl_rl/h1_2_velocity_a1_v2/2026-08-26_10-02-56_a1a_fullmirror_jacc1e-7_standing15_s42/model_10000.pt,td3,"['velocity', 'orientation', 'height']",8,42,0.1096193715929985,0.08904082328081131,0.1454237550497055,0.10715974867343903,0.08863203972578049,0.48,2.604166729724966e-05,596.2418823242188,1.0348799228668213,0.8017430305480957,37.82846450805664,44.22181701660156,33.76002502441406,77.3603286743164,45.01455307006836,22348.201171875,57406.08984375,12984.1533203125,31199.048828125,0.20043575763702393,0.03772398456931114,0.013923528604209423,0.006810131948441267,0.39580395817756653,244.0874786376953,0.813183605670929,0.5607365151808229,4484.59228515625,10.3023506278599,0.2725875973701477,0.0063429055735468864,0.5487674169346195,0.6,4,0.5,6,1200
/home/iams/ramlab_ws/src/unitree_rl_mjlab/logs/rsl_rl/h1_2_velocity_a1_v2/2026-08-26_10-02-56_a1a_fullmirror_jacc1e-7_standing15_s42/model_10000.pt,td3,"['velocity', 'orientation', 'height']",8,42,0.09435658156871796,0.08940194547176361,0.14153450727462769,0.09094229340553284,0.08849720656871796,0.5,3.9062499126885086e-05,593.2125854492188,1.021459698677063,0.7885593771934509,38.95161056518555,47.0516242980957,33.547821044921875,82.49867248535156,45.34101486206055,22577.97265625,57877.75390625,15070.7587890625,33981.26171875,0.19713984429836273,0.03364678844809532,0.01398632861673832,0.0056473868899047375,0.3917740285396576,236.59825134277344,0.8180468678474426,0.565135319914469,4436.6845703125,10.597401952433241,0.2592323124408722,0.00530629325658083,0.5445842935649707,0.6,4,0.5,7,1200
/home/iams/ramlab_ws/src/unitree_rl_mjlab/logs/rsl_rl/h1_2_velocity_a1_v2/2026-08-26_10-02-56_a1a_fullmirror_jacc1e-7_standing15_s42/model_10000.pt,td3,"['velocity', 'orientation', 'height']",8,42,0.13107188045978546,0.11097156256437302,0.20274561643600464,0.1289464831352234,0.11387071758508682,0.5,0.00019531250291038305,565.3707275390625,1.1247080564498901,0.8247742056846619,44.571434020996094,51.6107177734375,40.26478576660156,83.1541748046875,52.45501708984375,22873.1328125,50917.7421875,16635.30078125,35948.84375,0.20619355142116547,0.04467121139168739,0.019193289801478386,0.009168942458927631,0.476102352142334,302.3231201171875,0.7577929496765137,0.6609118466014618,4999.318359375,10.929065098823587,0.3352023959159851,0.014418932609260082,0.5375328083989501,0.65,4,0.5,0,1200
/home/iams/ramlab_ws/src/unitree_rl_mjlab/logs/rsl_rl/h1_2_velocity_a1_v2/2026-08-26_10-02-56_a1a_fullmirror_jacc1e-7_standing15_s42/model_10000.pt,td3,"['velocity', 'orientation', 'height']",8,42,0.12360142916440964,0.10687766969203949,0.19702568650245667,0.12099537998437881,0.11026306450366974,0.5,0.0001822916674427688,567.5147094726562,1.1053979396820068,0.8117337822914124,42.795021057128906,48.6207160949707,39.445220947265625,81.29911041259766,51.9183349609375,22515.712890625,51502.3828125,15338.642578125,36184.41015625,0.2029334455728531,0.042396966367959976,0.01912865974009037,0.008855275809764862,0.46543753147125244,287.5384826660156,0.7680078148841858,0.6402344959965608,4875.6181640625,10.856073875148958,0.31951451301574707,0.01309620775282383,0.5573294629898403,0.65,4,0.5,1,1200
/home/iams/ramlab_ws/src/unitree_rl_mjlab/logs/rsl_rl/h1_2_velocity_a1_v2/2026-08-26_10-02-56_a1a_fullmirror_jacc1e-7_standing15_s42/model_10000.pt,td3,"['velocity', 'orientation', 'height']",8,42,0.11416468024253845,0.10194598138332367,0.1801704615354538,0.11129368096590042,0.10204098373651505,0.5,0.00011718749738065526,582.788330078125,1.0897161960601807,0.8048766255378723,41.67589569091797,47.32925796508789,38.43944549560547,77.71052551269531,51.03190612792969,22038.4921875,51291.56640625,14688.2099609375,33495.15625,0.20121915638446808,0.039255909621715546,0.017994536086916924,0.007615108508616686,0.45633602142333984,280.3677673339844,0.7711523175239563,0.632911946753231,4821.90771484375,10.88514230024337,0.3030509054660797,0.010364050976932049,0.5584439192874023,0.65,4,0.5,2,1200
/home/iams/ramlab_ws/src/unitree_rl_mjlab/logs/rsl_rl/h1_2_velocity_a1_v2/2026-08-26_10-02-56_a1a_fullmirror_jacc1e-7_standing15_s42/model_10000.pt,td3,"['velocity', 'orientation', 'height']",8,42,0.11685572564601898,0.10309931635856628,0.1797630786895752,0.11336249113082886,0.1046813428401947,0.48,3.9062499126885086e-05,593.4122924804688,1.080244779586792,0.800889253616333,41.290199279785156,46.99883270263672,37.9850959777832,77.41988372802734,49.740055084228516,21710.205078125,50251.1875,14606.28515625,34131.4609375,0.20022231340408325,0.040236521512269974,0.01738438569009304,0.007732968311756849,0.4496814012527466,277.27972412109375,0.7701888084411621,0.6198434247701515,4804.7275390625,10.740701486853121,0.30468377470970154,0.00777925131842494,0.5595628415300546,0.65,4,0.5,3,1200
/home/iams/ramlab_ws/src/unitree_rl_mjlab/logs/rsl_rl/h1_2_velocity_a1_v2/2026-08-26_10-02-56_a1a_fullmirror_jacc1e-7_standing15_s42/model_10000.pt,td3,"['velocity', 'orientation', 'height']",8,42,0.11307957768440247,0.10163786262273788,0.18934006989002228,0.10969970375299454,0.10247939825057983,0.5,7.812499825377017e-05,584.238037109375,1.0874438285827637,0.8012945652008057,42.522010803222656,48.96858215332031,38.642459869384766,80.19207000732422,51.082374572753906,22104.36328125,50482.5859375,15708.73046875,34339.03125,0.20032364130020142,0.038880012929439545,0.018089046701788902,0.007549867499619722,0.458558052778244,277.490234375,0.7709570527076721,0.6268978427700558,4807.08154296875,10.860018899249788,0.30257487297058105,0.007125252857804298,0.5587486358675882,0.65,4,0.5,4,1200
/home/iams/ramlab_ws/src/unitree_rl_mjlab/logs/rsl_rl/h1_2_velocity_a1_v2/2026-08-26_10-02-56_a1a_fullmirror_jacc1e-7_standing15_s42/model_10000.pt,td3,"['velocity', 'orientation', 'height']",8,42,0.12497301399707794,0.10557787120342255,0.19026336073875427,0.12240741401910782,0.10742664337158203,0.5,0.0001432291610399261,572.157958984375,1.106788992881775,0.8118128776550293,43.31126022338867,49.51803207397461,39.655338287353516,79.54363250732422,51.48895263671875,22442.1875,50078.375,15767.1259765625,34325.234375,0.20295321941375732,0.04222977161407471,0.019967244938015938,0.008803175762295723,0.47054407000541687,289.9699401855469,0.761914074420929,0.6434095500463194,4942.22265625,10.966216988339822,0.3239084482192993,0.010417424142360687,0.5501432664756447,0.65,4,0.5,5,1200
/home/iams/ramlab_ws/src/unitree_rl_mjlab/logs/rsl_rl/h1_2_velocity_a1_v2/2026-08-26_10-02-56_a1a_fullmirror_jacc1e-7_standing15_s42/model_10000.pt,td3,"['velocity', 'orientation', 'height']",8,42,0.12554799020290375,0.10875315219163895,0.2120054066181183,0.12342453002929688,0.11055269092321396,0.5,0.0002734375011641532,567.5198974609375,1.1327049732208252,0.8264932632446289,45.51462936401367,53.2569580078125,40.66358947753906,82.59497833251953,52.08719253540039,23330.744140625,51830.33984375,17568.205078125,35273.8671875,0.20662331581115723,0.043670885264873505,0.01979350484907627,0.008912739343941212,0.4777149558067322,311.1957702636719,0.7556705474853516,0.6900730892544411,5031.830078125,11.15802461671986,0.33517149090766907,0.01579897291958332,0.5385694249649369,0.65,4,0.5,6,1200
/home/iams/ramlab_ws/src/unitree_rl_mjlab/logs/rsl_rl/h1_2_velocity_a1_v2/2026-08-26_10-02-56_a1a_fullmirror_jacc1e-7_standing15_s42/model_10000.pt,td3,"['velocity', 'orientation', 'height']",8,42,0.12637796998023987,0.10282246768474579,0.16505470871925354,0.12382136285305023,0.10483945161104202,0.5,1.302083364862483e-05,596.0130004882812,1.1048474311828613,0.8193748593330383,41.327762603759766,45.84664535522461,39.00464630126953,73.63684844970703,50.833717346191406,22251.8671875,52337.4765625,13465.9755859375,31169.859375,0.20484371483325958,0.039973728358745575,0.01761838048696518,0.008121872320771217,0.46686461567878723,283.619140625,0.7650846242904663,0.624317701471176,4881.486328125,10.74539024343681,0.31458377838134766,0.008219483308494091,0.5647058823529412,0.65,4,0.5,7,1200
/home/iams/ramlab_ws/src/unitree_rl_mjlab/logs/rsl_rl/h1_2_velocity_a1_v2/2026-08-26_10-02-56_a1a_fullmirror_jacc1e-7_standing15_s42/model_10000.pt,td3,"['velocity', 'orientation', 'height']",8,42,0.1292702555656433,0.1328042894601822,0.2059047818183899,0.12510749697685242,0.13220910727977753,0.52,0.00020833333837799728,570.8321533203125,1.1373276710510254,0.8098924160003662,45.5764045715332,50.438377380371094,43.148094177246094,77.71734619140625,55.17228698730469,21484.630859375,47853.1796875,15955.7666015625,33987.55859375,0.20247310400009155,0.045684222131967545,0.022669130936264992,0.009598810225725174,0.5105538964271545,325.6092834472656,0.7051367163658142,0.7090378462900419,5198.70654296875,11.320561487460147,0.3564856946468353,0.011881573125720024,0.5692051139521956,0.7,4,0.5,0,1200
/home/iams/ramlab_ws/src/unitree_rl_mjlab/logs/rsl_rl/h1_2_velocity_a1_v2/2026-08-26_10-02-56_a1a_fullmirror_jacc1e-7_standing15_s42/model_10000.pt,td3,"['velocity', 'orientation', 'height']",8,42,0.13098861277103424,0.12576593458652496,0.18159323930740356,0.12604491412639618,0.1257871389389038,0.5,1.302083364862483e-05,599.224609375,1.1025075912475586,0.7907249331474304,42.321678161621094,45.151676177978516,41.42399597167969,72.21879577636719,53.84982681274414,20299.681640625,47846.01171875,13087.8984375,33659.47265625,0.1976812332868576,0.04332626983523369,0.020970935001969337,0.009406411089003086,0.49971094727516174,302.4354553222656,0.7132877707481384,0.6512240495977554,5014.89306640625,10.798398773518464,0.3373149633407593,0.004514543805271387,0.6017629774730656,0.7,4,0.5,1,1200
/home/iams/ramlab_ws/src/unitree_rl_mjlab/logs/rsl_rl/h1_2_velocity_a1_v2/2026-08-26_10-02-56_a1a_fullmirror_jacc1e-7_standing15_s42/model_10000.pt,td3,"['velocity', 'orientation', 'height']",8,42,0.12884476780891418,0.1305384486913681,0.2114521712064743,0.12415139377117157,0.13061963021755219,0.52,0.0001432291610399261,571.9021606445312,1.1300874948501587,0.803310751914978,45.843284606933594,51.232913970947266,42.9831657409668,79.64419555664062,54.320438385009766,21064.11328125,46906.31640625,16603.400390625,36809.4921875,0.2008276879787445,0.04594307765364647,0.02244153991341591,0.0098217548802495,0.5087730884552002,319.9784240722656,0.7043229341506958,0.6985821234148456,5177.755859375,11.304160597192155,0.35297492146492004,0.009493539109826088,0.5642909625275533,0.7,4,0.5,2,1200
/home/iams/ramlab_ws/src/unitree_rl_mjlab/logs/rsl_rl/h1_2_velocity_a1_v2/2026-08-26_10-02-56_a1a_fullmirror_jacc1e-7_standing15_s42/model_10000.pt,td3,"['velocity', 'orientation', 'height']",8,42,0.12592564523220062,0.13095499575138092,0.22807881236076355,0.12170339375734329,0.13060717284679413,0.52,0.0001432291610399261,579.8770751953125,1.1281236410140991,0.7994980216026306,47.425071716308594,54.34866714477539,43.349876403808594,82.79100036621094,54.14826583862305,21405.486328125,46310.09375,18312.568359375,36474.40625,0.19987450540065765,0.04640550911426544,0.0228488277643919,0.009526626206934452,0.5086213946342468,327.5937805175781,0.7009896039962769,0.7202695477143205,5199.56396484375,11.432110236093997,0.3589765131473541,0.011127901263535023,0.5490616621983915,0.7,4,0.5,3,1200
/home/iams/ramlab_ws/src/unitree_rl_mjlab/logs/rsl_rl/h1_2_velocity_a1_v2/2026-08-26_10-02-56_a1a_fullmirror_jacc1e-7_standing15_s42/model_10000.pt,td3,"['velocity', 'orientation', 'height']",8,42,0.13645274937152863,0.13814032077789307,0.24213676154613495,0.13336201012134552,0.13898776471614838,0.5,0.0002213541738456115,567.688720703125,1.1691256761550903,0.8278113603591919,49.3752555847168,56.740623474121094,44.993106842041016,85.8777847290039,55.476837158203125,22352.828125,47845.703125,19291.533203125,38791.9765625,0.20695284008979797,0.0501156747341156,0.023562176153063774,0.010699979960918427,0.5246273875236511,351.3211975097656,0.6945833563804626,0.7569016736144439,5391.9873046875,11.616732358477671,0.38378942012786865,0.015771541744470596,0.5433321542270959,0.7,4,0.5,4,1200
/home/iams/ramlab_ws/src/unitree_rl_mjlab/logs/rsl_rl/h1_2_velocity_a1_v2/2026-08-26_10-02-56_a1a_fullmirror_jacc1e-7_standing15_s42/model_10000.pt,td3,"['velocity', 'orientation', 'height']",8,42,0.12799571454524994,0.13092383742332458,0.19885429739952087,0.12346818298101425,0.13192243874073029,0.5,3.9062499126885086e-05,590.173095703125,1.1125353574752808,0.7934951186180115,44.812591552734375,49.5687141418457,42.45649719238281,79.92446899414062,52.76234817504883,20517.427734375,45772.484375,15740.125,35689.66015625,0.19837377965450287,0.04536353424191475,0.021437959745526314,0.009643676690757275,0.5006541609764099,310.4996337890625,0.7076106667518616,0.6758134070651876,5080.58447265625,11.05807245106619,0.34710443019866943,0.00847022794187069,0.5778781038374717,0.7,4,0.5,5,1200
/home/iams/ramlab_ws/src/unitree_rl_mjlab/logs/rsl_rl/h1_2_velocity_a1_v2/2026-08-26_10-02-56_a1a_fullmirror_jacc1e-7_standing15_s42/model_10000.pt,td3,"['velocity', 'orientation', 'height']",8,42,0.1261727213859558,0.1253468543291092,0.18465247750282288,0.12095482647418976,0.12539511919021606,0.5,1.302083364862483e-05,596.2150268554688,1.0993572473526,0.7856093645095825,43.10475540161133,46.7877197265625,41.55354690551758,76.2920150756836,52.72348403930664,20078.361328125,46448.765625,14206.162109375,34409.95703125,0.19640234112739563,0.04279284179210663,0.021377811208367348,0.009227625094354153,0.49922502040863037,302.8924865722656,0.7091146111488342,0.6586175038119197,5029.5810546875,10.936455490287898,0.33501604199409485,0.0047292024828493595,0.5988304093567252,0.7,4,0.5,6,1200
/home/iams/ramlab_ws/src/unitree_rl_mjlab/logs/rsl_rl/h1_2_velocity_a1_v2/2026-08-26_10-02-56_a1a_fullmirror_jacc1e-7_standing15_s42/model_10000.pt,td3,"['velocity', 'orientation', 'height']",8,42,0.13531796634197235,0.13921484351158142,0.2175142467021942,0.1314651370048523,0.14055286347866058,0.5,0.00011718749738065526,582.5646362304688,1.1404305696487427,0.8100824356079102,46.76911163330078,52.43092727661133,43.69169998168945,79.91236114501953,53.99309158325195,21358.48046875,47276.3203125,16891.90234375,35865.29296875,0.20252060890197754,0.04894376918673515,0.02251891978085041,0.01043381355702877,0.5139579176902771,328.93206787109375,0.6981640458106995,0.7042862178001994,5227.21728515625,11.19215186163997,0.36590245366096497,0.00963503122329712,0.5661629192775526,0.7,4,0.5,7,1200
/home/iams/ramlab_ws/src/unitree_rl_mjlab/logs/rsl_rl/h1_2_velocity_a1_v2/2026-08-26_10-02-56_a1a_fullmirror_jacc1e-7_standing15_s42/model_10000.pt,td3,"['velocity', 'orientation', 'height']",8,42,0.06493981182575226,0.06707102060317993,0.08826050162315369,0.05868147313594818,0.06637576222419739,0.58,0.0,600.5,0.8808227181434631,0.7792865037918091,34.06645202636719,47.3712158203125,24.232006072998047,94.19766235351562,29.23637580871582,22032.271484375,67262.4921875,14485.59765625,31456.8046875,0.19482162594795227,0.02773347496986389,0.010203334502875805,0.004174135625362396,0.27990663051605225,182.33309936523438,0.9844791889190674,0.5376760857978621,4027.67822265625,11.877088345924738,0.23946182429790497,0.0007298730779439211,0.3936442849820605,0.4,8,0.5,0,1200
/home/iams/ramlab_ws/src/unitree_rl_mjlab/logs/rsl_rl/h1_2_velocity_a1_v2/2026-08-26_10-02-56_a1a_fullmirror_jacc1e-7_standing15_s42/model_10000.pt,td3,"['velocity', 'orientation', 'height']",8,42,0.06872911751270294,0.06730823963880539,0.09573263674974442,0.06215345859527588,0.0666632279753685,0.58,0.0,600.5,0.8751447796821594,0.7762883901596069,33.58074951171875,46.903656005859375,23.716169357299805,87.00094604492188,30.173648834228516,21874.84765625,64822.3203125,14340.8291015625,31641.75390625,0.19407209753990173,0.02483961172401905,0.010384082794189453,0.003987738396972418,0.28521183133125305,181.16510009765625,0.979993462562561,0.5438228326911999,4082.68115234375,12.255423882256784,0.23854640126228333,0.0007971423328854144,0.39374519354011794,0.4,8,0.5,1,1200
/home/iams/ramlab_ws/src/unitree_rl_mjlab/logs/rsl_rl/h1_2_velocity_a1_v2/2026-08-26_10-02-56_a1a_fullmirror_jacc1e-7_standing15_s42/model_10000.pt,td3,"['velocity', 'orientation', 'height']",8,42,0.06647663563489914,0.06597953289747238,0.09613905847072601,0.060016192495822906,0.06523491442203522,0.58,0.0,600.5,0.8802431225776672,0.7790369391441345,34.9826774597168,49.365821838378906,24.295812606811523,101.2040786743164,29.233867645263672,22295.666015625,67544.046875,15568.0615234375,32146.162109375,0.19475923478603363,0.025790469720959663,0.010342828929424286,0.0041006035171449184,0.2834867238998413,183.05758666992188,0.9810742139816284,0.5448661626434097,4047.27001953125,12.046592558245244,0.2347804754972458,0.0006792194908484817,0.3938966534171048,0.4,8,0.5,2,1200
/home/iams/ramlab_ws/src/unitree_rl_mjlab/logs/rsl_rl/h1_2_velocity_a1_v2/2026-08-26_10-02-56_a1a_fullmirror_jacc1e-7_standing15_s42/model_10000.pt,td3,"['velocity', 'orientation', 'height']",8,42,0.066402368247509,0.06634426862001419,0.09146159887313843,0.05999873951077461,0.06563781946897507,0.58,0.0,600.5,0.8790283203125,0.7801668643951416,34.4385986328125,48.48200607299805,24.02996253967285,103.2713623046875,29.596033096313477,22092.076171875,66304.453125,15213.896484375,31549.384765625,0.1950417160987854,0.0257975235581398,0.010736662894487381,0.003984414506703615,0.28211626410484314,183.79629516601562,0.9837304949760437,0.5481961119173895,4104.93994140625,12.243513717139528,0.23888598382472992,0.0006966732325963676,0.39344262295081966,0.4,8,0.5,3,1200
/home/iams/ramlab_ws/src/unitree_rl_mjlab/logs/rsl_rl/h1_2_velocity_a1_v2/2026-08-26_10-02-56_a1a_fullmirror_jacc1e-7_standing15_s42/model_10000.pt,td3,"['velocity', 'orientation', 'height']",8,42,0.06720365583896637,0.06590697914361954,0.09426508843898773,0.06065285578370094,0.06519654393196106,0.58,0.0,600.5,0.875479519367218,0.7775653004646301,33.95344924926758,47.791255950927734,23.635208129882812,95.31549835205078,30.060155868530273,21982.072265625,66748.7421875,14710.0654296875,30961.89453125,0.19439132511615753,0.02581551857292652,0.010295405052602291,0.004033028148114681,0.2832699418067932,181.5634765625,0.980455756187439,0.5408134014900738,4040.27587890625,12.034554326203125,0.23421917855739594,0.0007653975626453757,0.3927886459532029,0.4,8,0.5,4,1200
/home/iams/ramlab_ws/src/unitree_rl_mjlab/logs/rsl_rl/h1_2_velocity_a1_v2/2026-08-26_10-02-56_a1a_fullmirror_jacc1e-7_standing15_s42/model_10000.pt,td3,"['velocity', 'orientation', 'height']",8,42,0.0649179071187973,0.06714490801095963,0.08939048647880554,0.058575354516506195,0.06645092368125916,0.58,0.0,600.5,0.8821839094161987,0.7813112735748291,34.438697814941406,48.35679244995117,24.101337432861328,100.7037124633789,29.82122230529785,22100.8828125,65407.59765625,15038.4150390625,30816.845703125,0.19532781839370728,0.028077781200408936,0.010503127239644527,0.004287415649741888,0.2795623540878296,182.03790283203125,0.9820442795753479,0.5377223456595897,4054.618408203125,11.976949146799907,0.23765161633491516,0.0007636730442754924,0.39359385009609227,0.4,8,0.5,5,1200
/home/iams/ramlab_ws/src/unitree_rl_mjlab/logs/rsl_rl/h1_2_velocity_a1_v2/2026-08-26_10-02-56_a1a_fullmirror_jacc1e-7_standing15_s42/model_10000.pt,td3,"['velocity', 'orientation', 'height']",8,42,0.06416739523410797,0.06733235716819763,0.09060632437467575,0.05779929459095001,0.0666968822479248,0.58,0.0,600.5,0.875591516494751,0.7787294387817383,33.38399887084961,46.6474609375,23.503524780273438,86.30303192138672,29.234445571899414,22022.328125,62116.3984375,13961.3974609375,32231.92578125,0.19468235969543457,0.026438985019922256,0.010134739801287651,0.0038960829842835665,0.27738767862319946,180.0192413330078,0.9823437333106995,0.5324614818792506,4041.361572265625,11.953553029025619,0.23537902534008026,0.0006141160847619176,0.39344262295081966,0.4,8,0.5,6,1200
/home/iams/ramlab_ws/src/unitree_rl_mjlab/logs/rsl_rl/h1_2_velocity_a1_v2/2026-08-26_10-02-56_a1a_fullmirror_jacc1e-7_standing15_s42/model_10000.pt,td3,"['velocity', 'orientation', 'height']",8,42,0.06596028804779053,0.06662581115961075,0.0916481465101242,0.059618204832077026,0.06590986251831055,0.58,0.0,600.5,0.8808466196060181,0.7801972031593323,34.21297073364258,47.53010940551758,24.379865646362305,92.83555603027344,28.994163513183594,22064.51171875,65805.3984375,14448.7490234375,32278.373046875,0.19504930078983307,0.026536356657743454,0.010685121640563011,0.004142452962696552,0.28287774324417114,185.048095703125,0.9842122197151184,0.551037213514553,4092.711181640625,12.187297121484926,0.23736777901649475,0.0005539632984437048,0.3933418693982074,0.4,8,0.5,7,1200
/home/iams/ramlab_ws/src/unitree_rl_mjlab/logs/rsl_rl/h1_2_velocity_a1_v2/2026-08-26_10-02-56_a1a_fullmirror_jacc1e-7_standing15_s42/model_10000.pt,td3,"['velocity', 'orientation', 'height']",8,42,0.0652138963341713,0.07546722143888474,0.09662984311580658,0.05909839645028114,0.07475826144218445,0.6,0.0,600.5,0.8587173223495483,0.7468091249465942,32.62895202636719,44.02703094482422,24.329875946044922,87.95928192138672,31.258909225463867,20987.5390625,63802.5546875,13116.87890625,31177.716796875,0.18670228123664856,0.027998119592666626,0.010782599449157715,0.004197900649160147,0.2813369631767273,183.49664306640625,0.9541731476783752,0.5229780443853965,4237.16357421875,12.076207145386604,0.23070892691612244,0.0012881651055067778,0.4437382637584862,0.45,8,0.5,0,1200
/home/iams/ramlab_ws/src/unitree_rl_mjlab/logs/rsl_rl/h1_2_velocity_a1_v2/2026-08-26_10-02-56_a1a_fullmirror_jacc1e-7_standing15_s42/model_10000.pt,td3,"['velocity', 'orientation', 'height']",8,42,0.06367464363574982,0.0754440501332283,0.0966164618730545,0.05771121010184288,0.07464053481817245,0.6,0.0,600.5,0.8662142157554626,0.7527848482131958,32.23644256591797,42.931331634521484,24.52694320678711,81.3258056640625,30.763002395629883,21090.98046875,63566.97265625,12392.4833984375,28273.962890625,0.18819621205329895,0.030266743153333664,0.01143600419163704,0.004288780502974987,0.2822149693965912,186.29556274414062,0.9513411521911621,0.5267223389467889,4259.5537109375,12.043240700137098,0.2328997552394867,0.0011672335676848888,0.4436741767764298,0.45,8,0.5,1,1200
/home/iams/ramlab_ws/src/unitree_rl_mjlab/logs/rsl_rl/h1_2_velocity_a1_v2/2026-08-26_10-02-56_a1a_fullmirror_jacc1e-7_standing15_s42/model_10000.pt,td3,"['velocity', 'orientation', 'height']",8,42,0.06402114778757095,0.07622400671243668,0.0917297899723053,0.05793282017111778,0.07550770044326782,0.6,0.0,600.5,0.862548291683197,0.7492169141769409,32.662410736083984,43.7787971496582,24.628522872924805,87.05557250976562,31.197872161865234,21060.0390625,63469.17578125,12899.7802734375,30323.556640625,0.18730422854423523,0.028400560840964317,0.011171473190188408,0.0041583385318517685,0.2815120816230774,184.60389709472656,0.9527474045753479,0.5255550071436392,4272.3095703125,12.162982055980606,0.23000964522361755,0.0012161297490820289,0.4438664932813177,0.45,8,0.5,2,1200
/home/iams/ramlab_ws/src/unitree_rl_mjlab/logs/rsl_rl/h1_2_velocity_a1_v2/2026-08-26_10-02-56_a1a_fullmirror_jacc1e-7_standing15_s42/model_10000.pt,td3,"['velocity', 'orientation', 'height']",8,42,0.06321083754301071,0.07606738060712814,0.09195516258478165,0.05721865966916084,0.0753537192940712,0.6,0.0,600.5,0.8636898994445801,0.7516229152679443,32.044212341308594,42.6392822265625,24.41006088256836,83.4277114868164,31.424379348754883,21059.642578125,64227.21875,12290.2705078125,30186.55859375,0.18790572881698608,0.030832672491669655,0.01132525410503149,0.004406501539051533,0.2802684009075165,185.28256225585938,0.9520247578620911,0.524382737781283,4261.49755859375,12.060799144389456,0.23621846735477448,0.0011718419846147299,0.4438664932813177,0.45,8,0.5,3,1200
/home/iams/ramlab_ws/src/unitree_rl_mjlab/logs/rsl_rl/h1_2_velocity_a1_v2/2026-08-26_10-02-56_a1a_fullmirror_jacc1e-7_standing15_s42/model_10000.pt,td3,"['velocity', 'orientation', 'height']",8,42,0.06477040797472,0.0752992108464241,0.09983403235673904,0.05865471065044403,0.07448451966047287,0.6,0.0,600.5,0.8627547025680542,0.7482796311378479,33.29340744018555,45.14046096801758,24.67504119873047,87.88567352294922,30.75494384765625,21288.3984375,62815.48046875,13721.3505859375,30416.953125,0.18706990778446198,0.028414595872163773,0.011325780302286148,0.00429493747651577,0.28388985991477966,185.96241760253906,0.9513607025146484,0.530362903312662,4264.5400390625,12.162421803160496,0.2274015098810196,0.0011890727328136563,0.44297043979812545,0.45,8,0.5,4,1200
/home/iams/ramlab_ws/src/unitree_rl_mjlab/logs/rsl_rl/h1_2_velocity_a1_v2/2026-08-26_10-02-56_a1a_fullmirror_jacc1e-7_standing15_s42/model_10000.pt,td3,"['velocity', 'orientation', 'height']",8,42,0.0649607703089714,0.07556299865245819,0.09928339719772339,0.05876171588897705,0.07485177367925644,0.6,0.0,600.5,0.8573018312454224,0.7460688948631287,32.6413459777832,44.373844146728516,24.077842712402344,88.19493865966797,30.85317039489746,21029.626953125,62712.9296875,13308.443359375,30510.384765625,0.18651722371578217,0.028053058311343193,0.011110839433968067,0.004073383752256632,0.2828128933906555,183.9446258544922,0.9530534148216248,0.5276599913608291,4278.294921875,12.27263482352206,0.2304605096578598,0.0010758921271190047,0.4440589765828274,0.45,8,0.5,5,1200
/home/iams/ramlab_ws/src/unitree_rl_mjlab/logs/rsl_rl/h1_2_velocity_a1_v2/2026-08-26_10-02-56_a1a_fullmirror_jacc1e-7_standing15_s42/model_10000.pt,td3,"['velocity', 'orientation', 'height']",8,42,0.06399065256118774,0.075419120490551,0.09528127312660217,0.05783599242568016,0.07467520982027054,0.6,0.0,600.5,0.8583836555480957,0.7450947761535645,33.12382888793945,44.9763069152832,24.483806610107422,92.00025939941406,31.12889862060547,21128.099609375,61798.203125,13619.0810546875,31766.06640625,0.1862736940383911,0.02762310951948166,0.010887614451348782,0.004033902660012245,0.2824576795101166,184.12562561035156,0.9517317414283752,0.5252195953390445,4248.443359375,12.118711731157024,0.22843828797340393,0.0011287794914096594,0.44297043979812545,0.45,8,0.5,6,1200
/home/iams/ramlab_ws/src/unitree_rl_mjlab/logs/rsl_rl/h1_2_velocity_a1_v2/2026-08-26_10-02-56_a1a_fullmirror_jacc1e-7_standing15_s42/model_10000.pt,td3,"['velocity', 'orientation', 'height']",8,42,0.06501426547765732,0.0755867287516594,0.09579722583293915,0.058897100389003754,0.07475823909044266,0.6,0.0,600.5,0.8612264394760132,0.7466325759887695,33.415462493896484,45.39841079711914,24.685041427612305,91.9700927734375,30.99124526977539,21304.208984375,63180.54296875,13900.826171875,32253.81640625,0.18665814399719238,0.028699401766061783,0.011045838706195354,0.004119529854506254,0.2820512354373932,185.24267578125,0.9522721171379089,0.5292726523497526,4247.39208984375,12.135586670801338,0.22941680252552032,0.0010674254735931754,0.4437382637584862,0.45,8,0.5,7,1200
/home/iams/ramlab_ws/src/unitree_rl_mjlab/logs/rsl_rl/h1_2_velocity_a1_v2/2026-08-26_10-02-56_a1a_fullmirror_jacc1e-7_standing15_s42/model_10000.pt,td3,"['velocity', 'orientation', 'height']",8,42,0.06598667055368423,0.07971752434968948,0.09626152366399765,0.060138918459415436,0.07864905148744583,0.64,0.0,600.5,0.8761746883392334,0.7390421628952026,31.853710174560547,40.727176666259766,25.699485778808594,79.14910125732422,32.32431411743164,20545.447265625,57831.0703125,11727.65625,28843.779296875,0.18476054072380066,0.02871735207736492,0.012361863628029823,0.004179785959422588,0.29930776357650757,190.9052276611328,0.9242578148841858,0.5209960956378821,4437.7158203125,12.11089251316652,0.22141726315021515,0.0019430412212386727,0.48854961832061067,0.5,8,0.5,0,1200
/home/iams/ramlab_ws/src/unitree_rl_mjlab/logs/rsl_rl/h1_2_velocity_a1_v2/2026-08-26_10-02-56_a1a_fullmirror_jacc1e-7_standing15_s42/model_10000.pt,td3,"['velocity', 'orientation', 'height']",8,42,0.06663051247596741,0.07999968528747559,0.09152719378471375,0.061077311635017395,0.07883425801992416,0.64,0.0,600.5,0.8877217769622803,0.7470310926437378,32.28810501098633,40.96309280395508,26.304920196533203,83.80819702148438,32.64094161987305,20711.947265625,61798.1953125,11812.275390625,30495.173828125,0.18675777316093445,0.03126890957355499,0.012266548350453377,0.0046040029264986515,0.30257976055145264,193.9941864013672,0.9235416650772095,0.5206241847618219,4412.3115234375,11.841366878282969,0.22797808051109314,0.0019480738556012511,0.48661492159036907,0.5,8,0.5,1,1200
/home/iams/ramlab_ws/src/unitree_rl_mjlab/logs/rsl_rl/h1_2_velocity_a1_v2/2026-08-26_10-02-56_a1a_fullmirror_jacc1e-7_standing15_s42/model_10000.pt,td3,"['velocity', 'orientation', 'height']",8,42,0.06495628505945206,0.07954872399568558,0.09626863151788712,0.05914219468832016,0.07846205681562424,0.64,0.0,600.5,0.8755896687507629,0.7399505972862244,32.93849182128906,43.323001861572266,25.537445068359375,89.87763977050781,32.659706115722656,20777.669921875,57145.85546875,13323.4111328125,34629.64453125,0.1849876493215561,0.02936430275440216,0.012479342520236969,0.004253626335412264,0.2982189357280731,191.62261962890625,0.9223958253860474,0.5213457717977569,4436.87939453125,12.071376194785762,0.2229599952697754,0.001967614283785224,0.48515476942514213,0.5,8,0.5,2,1200
/home/iams/ramlab_ws/src/unitree_rl_mjlab/logs/rsl_rl/h1_2_velocity_a1_v2/2026-08-26_10-02-56_a1a_fullmirror_jacc1e-7_standing15_s42/model_10000.pt,td3,"['velocity', 'orientation', 'height']",8,42,0.06642422080039978,0.08000731468200684,0.09765337407588959,0.060686662793159485,0.07897578179836273,0.64,0.0,600.5,0.8864211440086365,0.7472847104072571,32.423492431640625,41.706974029541016,25.930604934692383,78.41320037841797,32.925079345703125,20767.853515625,56826.5546875,12177.86328125,30127.83203125,0.18682117760181427,0.031192824244499207,0.012560412287712097,0.004696743097156286,0.30239132046699524,194.21290588378906,0.9224218726158142,0.5248083127366321,4444.5673828125,12.01025297234314,0.22732414305210114,0.0020151869393885136,0.4859221765264157,0.5,8,0.5,3,1200
/home/iams/ramlab_ws/src/unitree_rl_mjlab/logs/rsl_rl/h1_2_velocity_a1_v2/2026-08-26_10-02-56_a1a_fullmirror_jacc1e-7_standing15_s42/model_10000.pt,td3,"['velocity', 'orientation', 'height']",8,42,0.06368592381477356,0.08097220957279205,0.09046943485736847,0.05782899260520935,0.0799388512969017,0.64,0.0,600.5,0.8737824559211731,0.7361999750137329,31.91746711730957,40.62242126464844,25.913135528564453,80.62264251708984,33.027976989746094,20264.4921875,56217.7578125,11708.1201171875,29566.166015625,0.18404999375343323,0.0279983077198267,0.012485531158745289,0.004243980161845684,0.3000839352607727,189.56434631347656,0.9250781536102295,0.5177868154700084,4428.2392578125,12.095543664633114,0.2196904569864273,0.0015287044225260615,0.4876190476190476,0.5,8,0.5,4,1200
/home/iams/ramlab_ws/src/unitree_rl_mjlab/logs/rsl_rl/h1_2_velocity_a1_v2/2026-08-26_10-02-56_a1a_fullmirror_jacc1e-7_standing15_s42/model_10000.pt,td3,"['velocity', 'orientation', 'height']",8,42,0.06664898991584778,0.08113092929124832,0.09839289635419846,0.06083015352487564,0.08009904623031616,0.64,0.0,600.5,0.8732563257217407,0.7359086275100708,31.53190803527832,40.048831939697266,25.662052154541016,81.49510192871094,31.928089141845703,20313.810546875,62641.484375,11345.7060546875,28872.109375,0.1839771568775177,0.029670435935258865,0.012239664793014526,0.004237443674355745,0.29855287075042725,190.111572265625,0.9246549606323242,0.5194917016117321,4396.220703125,12.012947236206648,0.22255940735340118,0.0019429889507591724,0.4882390336935791,0.5,8,0.5,5,1200
/home/iams/ramlab_ws/src/unitree_rl_mjlab/logs/rsl_rl/h1_2_velocity_a1_v2/2026-08-26_10-02-56_a1a_fullmirror_jacc1e-7_standing15_s42/model_10000.pt,td3,"['velocity', 'orientation', 'height']",8,42,0.06518008559942245,0.07932151854038239,0.09495925158262253,0.05937894806265831,0.07825960963964462,0.64,0.0,600.5,0.8808329105377197,0.7423253059387207,32.404850006103516,41.78099822998047,25.8413028717041,84.18694305419922,32.9135627746582,20718.509765625,56585.66796875,12331.2080078125,31365.4609375,0.18558132648468018,0.029770594090223312,0.012449034489691257,0.0042723375372588634,0.30113089084625244,192.02769470214844,0.9235091209411621,0.5203814430254777,4433.125,12.013455304070062,0.22278134524822235,0.0018359002424404025,0.48769645975551673,0.5,8,0.5,6,1200
/home/iams/ramlab_ws/src/unitree_rl_mjlab/logs/rsl_rl/h1_2_velocity_a1_v2/2026-08-26_10-02-56_a1a_fullmirror_jacc1e-7_standing15_s42/model_10000.pt,td3,"['velocity', 'orientation', 'height']",8,42,0.06462366878986359,0.08052952587604523,0.0949542373418808,0.059007707983255386,0.07953000068664551,0.62,0.0,600.5,0.890316903591156,0.7508979439735413,32.2469596862793,41.056400299072266,26.14708709716797,80.26274108886719,33.47285461425781,20625.71484375,56383.3984375,11793.29296875,28550.98046875,0.18772448599338531,0.032773010432720184,0.012913755141198635,0.0047241393476724625,0.3009251654148102,194.1103515625,0.9216601848602295,0.520309349058668,4426.58544921875,11.865383314679647,0.22618675231933594,0.001602127798832953,0.4889384052204361,0.5,8,0.5,7,1200
/home/iams/ramlab_ws/src/unitree_rl_mjlab/logs/rsl_rl/h1_2_velocity_a1_v2/2026-08-26_10-02-56_a1a_fullmirror_jacc1e-7_standing15_s42/model_10000.pt,td3,"['velocity', 'orientation', 'height']",8,42,0.07708903402090073,0.08383918553590775,0.10655520111322403,0.07266152650117874,0.08236895501613617,0.48,0.0,600.5,0.9457390904426575,0.7618120312690735,33.82051086425781,40.68128204345703,29.326148986816406,77.04719543457031,38.821292877197266,21523.8125,59753.43359375,11731.5048828125,29711.990234375,0.19045300781726837,0.032390110194683075,0.01395637821406126,0.0050484477542340755,0.34493228793144226,210.96710205078125,0.8675195574760437,0.5308282037059598,4554.0322265625,11.458699679811069,0.23497739434242249,0.0028270920738577843,0.5205897305541434,0.55,8,0.5,0,1200
/home/iams/ramlab_ws/src/unitree_rl_mjlab/logs/rsl_rl/h1_2_velocity_a1_v2/2026-08-26_10-02-56_a1a_fullmirror_jacc1e-7_standing15_s42/model_10000.pt,td3,"['velocity', 'orientation', 'height']",8,42,0.0727602168917656,0.08480944484472275,0.10825414210557938,0.06783949583768845,0.08333685249090195,0.5,0.0,600.5,0.9273828268051147,0.7473528385162354,33.585411071777344,40.89175033569336,28.78054428100586,78.62187194824219,37.11164093017578,20954.67578125,59366.36328125,12017.8720703125,30467.408203125,0.18683820962905884,0.03076833114027977,0.014439535327255726,0.004599464125931263,0.3393526077270508,206.3304901123047,0.8671159148216248,0.5352214023676867,4579.85498046875,11.880146453907496,0.22203117609024048,0.0029436713084578514,0.5272914521112255,0.55,8,0.5,1,1200
/home/iams/ramlab_ws/src/unitree_rl_mjlab/logs/rsl_rl/h1_2_velocity_a1_v2/2026-08-26_10-02-56_a1a_fullmirror_jacc1e-7_standing15_s42/model_10000.pt,td3,"['velocity', 'orientation', 'height']",8,42,0.07944729924201965,0.08313976973295212,0.11221268028020859,0.07505650818347931,0.08173051476478577,0.5,0.0,600.5,0.9444817304611206,0.7611783146858215,34.21735382080078,41.70464324951172,29.203763961791992,79.03376007080078,38.07147979736328,21700.080078125,60471.69921875,12342.52734375,31085.177734375,0.19029457867145538,0.03163183107972145,0.014147159643471241,0.005096321925520897,0.34442442655563354,212.347900390625,0.8663541674613953,0.536587898243332,4564.4423828125,11.534017337018692,0.23310910165309906,0.0036014202050864697,0.5240532241555783,0.55,8,0.5,2,1200
/home/iams/ramlab_ws/src/unitree_rl_mjlab/logs/rsl_rl/h1_2_velocity_a1_v2/2026-08-26_10-02-56_a1a_fullmirror_jacc1e-7_standing15_s42/model_10000.pt,td3,"['velocity', 'orientation', 'height']",8,42,0.08087823539972305,0.0828825980424881,0.10598050802946091,0.07670849561691284,0.08153514564037323,0.48,0.0,600.5,0.9441697001457214,0.7618294954299927,32.72355270385742,38.417205810546875,29.17694091796875,68.80458068847656,38.331321716308594,21210.375,59167.16796875,10352.3818359375,27810.974609375,0.19045737385749817,0.03090536780655384,0.014172312803566456,0.005095407832413912,0.34394511580467224,211.69595336914062,0.8637630343437195,0.5347289075970348,4599.4736328125,11.61794360083507,0.2340429127216339,0.004004899878054857,0.5287435456110154,0.55,8,0.5,3,1200
/home/iams/ramlab_ws/src/unitree_rl_mjlab/logs/rsl_rl/h1_2_velocity_a1_v2/2026-08-26_10-02-56_a1a_fullmirror_jacc1e-7_standing15_s42/model_10000.pt,td3,"['velocity', 'orientation', 'height']",8,42,0.07968249917030334,0.08361062407493591,0.11166210472583771,0.07547608017921448,0.08217737078666687,0.48,0.0,600.5,0.9493144750595093,0.7647089958190918,34.649227142333984,42.49477767944336,29.357500076293945,83.87562561035156,38.85918045043945,21796.03125,60365.921875,12777.7333984375,32317.904296875,0.19117724895477295,0.03349641337990761,0.014393771067261696,0.005278075113892555,0.34676504135131836,213.616455078125,0.8647004961967468,0.5369431830019984,4580.2626953125,11.512879714820942,0.23378977179527283,0.0035680329892784357,0.5213849287169042,0.55,8,0.5,4,1200
/home/iams/ramlab_ws/src/unitree_rl_mjlab/logs/rsl_rl/h1_2_velocity_a1_v2/2026-08-26_10-02-56_a1a_fullmirror_jacc1e-7_standing15_s42/model_10000.pt,td3,"['velocity', 'orientation', 'height']",8,42,0.07585471123456955,0.08410035818815231,0.1202319860458374,0.0711708813905716,0.08269237726926804,0.5,0.0,600.5,0.9338774681091309,0.7513262629508972,34.81723403930664,43.058963775634766,29.26108741760254,83.82896423339844,37.890907287597656,21273.5546875,60207.88671875,13199.7216796875,33271.484375,0.1878315657377243,0.03087479993700981,0.014200572855770588,0.004817071836441755,0.34459197521209717,209.7181396484375,0.8670117259025574,0.5379201467073061,4589.1845703125,11.771108135037581,0.22476649284362793,0.0034068108070641756,0.5233390119250426,0.55,8,0.5,5,1200
/home/iams/ramlab_ws/src/unitree_rl_mjlab/logs/rsl_rl/h1_2_velocity_a1_v2/2026-08-26_10-02-56_a1a_fullmirror_jacc1e-7_standing15_s42/model_10000.pt,td3,"['velocity', 'orientation', 'height']",8,42,0.0785897821187973,0.08335467427968979,0.10963162779808044,0.0742134302854538,0.08193013072013855,0.48,0.0,600.5,0.945542573928833,0.7636598348617554,33.398101806640625,39.935611724853516,29.179244995117188,74.94552612304688,38.51858139038086,21285.845703125,59263.7421875,11241.3310546875,29949.66796875,0.19091495871543884,0.03140155225992203,0.01417557243257761,0.0050993370823562145,0.3435344994068146,212.5265350341797,0.8641406297683716,0.5356553828010878,4609.62060546875,11.618164130970351,0.232807457447052,0.0034057816956192255,0.5239638410370118,0.55,8,0.5,6,1200
/home/iams/ramlab_ws/src/unitree_rl_mjlab/logs/rsl_rl/h1_2_velocity_a1_v2/2026-08-26_10-02-56_a1a_fullmirror_jacc1e-7_standing15_s42/model_10000.pt,td3,"['velocity', 'orientation', 'height']",8,42,0.0792602002620697,0.08401817828416824,0.11164887994527817,0.07486695796251297,0.08246826380491257,0.48,0.0,600.5,0.9407938718795776,0.7579521536827087,34.271812438964844,41.91929244995117,29.118610382080078,79.91477966308594,38.04500961303711,21500.3359375,61117.8125,12526.6396484375,31873.099609375,0.18948803842067719,0.03184081241488457,0.013566575013101101,0.005124819464981556,0.34257447719573975,210.49134826660156,0.8690755367279053,0.5284426587412206,4535.419921875,11.386261294666209,0.23727752268314362,0.0032128053717315197,0.5263879369431117,0.55,8,0.5,7,1200
/home/iams/ramlab_ws/src/unitree_rl_mjlab/logs/rsl_rl/h1_2_velocity_a1_v2/2026-08-26_10-02-56_a1a_fullmirror_jacc1e-7_standing15_s42/model_10000.pt,td3,"['velocity', 'orientation', 'height']",8,42,0.0968063473701477,0.09148324280977249,0.14643369615077972,0.0932527706027031,0.09015611559152603,0.5,7.812499825377017e-05,587.3761596679688,1.013886570930481,0.7768465876579285,37.191898345947266,42.901187896728516,33.742767333984375,73.5130844116211,45.178466796875,21541.484375,54550.125,12879.4111328125,30892.1328125,0.19421164691448212,0.03580349683761597,0.0171231497079134,0.006315728183835745,0.39724716544151306,238.7587432861328,0.81124347448349,0.5686668099796822,4783.447265625,11.39303838680443,0.2589561343193054,0.006761931348592043,0.5433321542270959,0.6,8,0.5,0,1200
/home/iams/ramlab_ws/src/unitree_rl_mjlab/logs/rsl_rl/h1_2_velocity_a1_v2/2026-08-26_10-02-56_a1a_fullmirror_jacc1e-7_standing15_s42/model_10000.pt,td3,"['velocity', 'orientation', 'height']",8,42,0.10425698012113571,0.08947725594043732,0.1452992558479309,0.10088524222373962,0.0881408154964447,0.5,1.302083364862483e-05,596.3385620117188,1.012817621231079,0.7775396108627319,38.30418395996094,44.88827133178711,34.143585205078125,76.38874816894531,46.120723724365234,21519.908203125,54849.97265625,13861.9287109375,32794.30078125,0.19438490271568298,0.036492884159088135,0.016896404325962067,0.00676540844142437,0.402635782957077,242.50416564941406,0.80684894323349,0.5708398532172059,4837.87841796875,11.388068281191142,0.25974804162979126,0.006670232862234116,0.5368752184550857,0.6,8,0.5,1,1200
/home/iams/ramlab_ws/src/unitree_rl_mjlab/logs/rsl_rl/h1_2_velocity_a1_v2/2026-08-26_10-02-56_a1a_fullmirror_jacc1e-7_standing15_s42/model_10000.pt,td3,"['velocity', 'orientation', 'height']",8,42,0.09387847781181335,0.09018895775079727,0.1463802009820938,0.09056196361780167,0.08989249169826508,0.5,2.604166729724966e-05,595.4819946289062,1.0061886310577393,0.7722502946853638,37.642032623291016,44.2513427734375,33.434879302978516,77.23961639404297,45.10011672973633,21395.93359375,54624.4765625,13621.2158203125,31036.900390625,0.19306257367134094,0.03460628166794777,0.017096860334277153,0.006168657448142767,0.3954775333404541,238.54629516601562,0.8115299344062805,0.5717329983624171,4815.48876953125,11.541464983967614,0.254047691822052,0.005632923450320959,0.5487674169346195,0.6,8,0.5,2,1200
/home/iams/ramlab_ws/src/unitree_rl_mjlab/logs/rsl_rl/h1_2_velocity_a1_v2/2026-08-26_10-02-56_a1a_fullmirror_jacc1e-7_standing15_s42/model_10000.pt,td3,"['velocity', 'orientation', 'height']",8,42,0.09657666832208633,0.08974944800138474,0.14248645305633545,0.09355045109987259,0.089124895632267,0.5,3.9062499126885086e-05,593.7515869140625,1.0100071430206299,0.7758992910385132,37.27357482910156,43.2929573059082,33.573055267333984,73.28565216064453,45.04398727416992,21313.634765625,53664.18359375,13122.904296875,30217.830078125,0.1939748227596283,0.034697212278842926,0.01745876856148243,0.006476990412920713,0.3961164355278015,240.9566650390625,0.8081770539283752,0.5743764568990174,4846.41552734375,11.552560822821402,0.25182968378067017,0.006522691808640957,0.5445842935649707,0.6,8,0.5,3,1200
/home/iams/ramlab_ws/src/unitree_rl_mjlab/logs/rsl_rl/h1_2_velocity_a1_v2/2026-08-26_10-02-56_a1a_fullmirror_jacc1e-7_standing15_s42/model_10000.pt,td3,"['velocity', 'orientation', 'height']",8,42,0.09762947261333466,0.08856882899999619,0.13317492604255676,0.09437000006437302,0.08756548911333084,0.5,0.0,600.5,1.0179599523544312,0.7839046716690063,37.6143684387207,43.90637969970703,33.64780807495117,75.2742691040039,46.16259765625,21711.30078125,54788.25,13332.501953125,31326.43359375,0.1959761679172516,0.035000596195459366,0.016817184165120125,0.006348957773298025,0.40054944157600403,238.7105712890625,0.8106119632720947,0.5626140762572198,4799.4443359375,11.31175192204798,0.2514415681362152,0.0042117503471672535,0.5500447627573859,0.6,8,0.5,4,1200
/home/iams/ramlab_ws/src/unitree_rl_mjlab/logs/rsl_rl/h1_2_velocity_a1_v2/2026-08-26_10-02-56_a1a_fullmirror_jacc1e-7_standing15_s42/model_10000.pt,td3,"['velocity', 'orientation', 'height']",8,42,0.1012706458568573,0.09019849449396133,0.1502046436071396,0.09760703891515732,0.0892895981669426,0.5,2.604166729724966e-05,591.9356079101562,1.0072609186172485,0.7747951149940491,37.48100280761719,43.76198196411133,33.54426574707031,75.60791015625,44.761104583740234,21366.021484375,54732.5546875,13325.0654296875,32453.697265625,0.19369877874851227,0.036273084580898285,0.016829626634716988,0.006577828899025917,0.39769425988197327,240.93231201171875,0.8095703125,0.5700085632553823,4817.59033203125,11.39767386939148,0.25830376148223877,0.006436426658183336,0.5444877702942219,0.6,8,0.5,5,1200
/home/iams/ramlab_ws/src/unitree_rl_mjlab/logs/rsl_rl/h1_2_velocity_a1_v2/2026-08-26_10-02-56_a1a_fullmirror_jacc1e-7_standing15_s42/model_10000.pt,td3,"['velocity', 'orientation', 'height']",8,42,0.09611070156097412,0.08957226574420929,0.13743381202220917,0.09254197776317596,0.08852942287921906,0.5,2.604166729724966e-05,595.8212890625,1.0026990175247192,0.7733458876609802,36.0975456237793,41.293582916259766,33.012840270996094,75.38301849365234,44.950172424316406,21084.3203125,54314.6875,11974.974609375,31673.955078125,0.19333647191524506,0.03526294231414795,0.016471775248646736,0.0062779919244349,0.3884945809841156,234.67434692382812,0.8142903447151184,0.5575643805324584,4763.6337890625,11.317950407734791,0.25265997648239136,0.005288582295179367,0.5420857596611964,0.6,8,0.5,6,1200
/home/iams/ramlab_ws/src/unitree_rl_mjlab/logs/rsl_rl/h1_2_velocity_a1_v2/2026-08-26_10-02-56_a1a_fullmirror_jacc1e-7_standing15_s42/model_10000.pt,td3,"['velocity', 'orientation', 'height']",8,42,0.10263144969940186,0.08991508185863495,0.15329302847385406,0.09975439310073853,0.08960992097854614,0.5,3.9062499126885086e-05,593.5870971679688,1.0213818550109863,0.7858409285545349,37.73492431640625,44.348106384277344,33.481590270996094,75.71415710449219,44.755165100097656,21900.439453125,55420.6875,13560.2431640625,30984.69921875,0.19646023213863373,0.03718814253807068,0.01654544286429882,0.006846246775239706,0.3990956246852875,242.96307373046875,0.8083463311195374,0.5681295692739194,4806.205078125,11.238527271979397,0.2673773169517517,0.00648119580000639,0.5459392216100942,0.6,8,0.5,7,1200
/home/iams/ramlab_ws/src/unitree_rl_mjlab/logs/rsl_rl/h1_2_velocity_a1_v2/2026-08-26_10-02-56_a1a_fullmirror_jacc1e-7_standing15_s42/model_10000.pt,td3,"['velocity', 'orientation', 'height']",8,42,0.12327291816473007,0.1030968502163887,0.1835416704416275,0.12094395607709885,0.10432811081409454,0.52,7.812499825377017e-05,583.4406127929688,1.084717869758606,0.7948973178863525,41.49352264404297,46.231754302978516,39.0026969909668,74.397705078125,50.66990280151367,21526.236328125,48987.94921875,14157.048828125,31602.689453125,0.19872432947158813,0.04075397923588753,0.021020852029323578,0.008389858528971672,0.4660792648792267,286.28070068359375,0.7637825608253479,0.6393842156769999,5187.8857421875,11.586713596589943,0.31006860733032227,0.011849593371152878,0.5692051139521956,0.65,8,0.5,0,1200
/home/iams/ramlab_ws/src/unitree_rl_mjlab/logs/rsl_rl/h1_2_velocity_a1_v2/2026-08-26_10-02-56_a1a_fullmirror_jacc1e-7_standing15_s42/model_10000.pt,td3,"['velocity', 'orientation', 'height']",8,42,0.12885615229606628,0.10707283020019531,0.19746725261211395,0.12471916526556015,0.10730119794607162,0.5,0.0001432291610399261,578.1912231445312,1.101912260055542,0.8025158643722534,43.13543701171875,48.58995056152344,40.08781051635742,77.48368835449219,51.814903259277344,21756.154296875,49208.99609375,15119.728515625,34313.05859375,0.20062896609306335,0.04261848330497742,0.022151006385684013,0.00916033610701561,0.4796048402786255,299.4706115722656,0.7573046684265137,0.6582099557347386,5299.74169921875,11.64836479356157,0.32524698972702026,0.009795254096388817,0.5489635453895639,0.65,8,0.5,1,1200
/home/iams/ramlab_ws/src/unitree_rl_mjlab/logs/rsl_rl/h1_2_velocity_a1_v2/2026-08-26_10-02-56_a1a_fullmirror_jacc1e-7_standing15_s42/model_10000.pt,td3,"['velocity', 'orientation', 'height']",8,42,0.13154546916484833,0.10735931247472763,0.20508697628974915,0.12875673174858093,0.10684999823570251,0.5,0.00024739583022892475,574.9133911132812,1.123433232307434,0.8155927062034607,44.47611999511719,50.68925857543945,40.83243942260742,78.41992950439453,52.63410186767578,22563.126953125,49097.76171875,16250.1953125,34331.0390625,0.20389817655086517,0.04441247135400772,0.022321343421936035,0.009275904856622219,0.48681268095970154,309.54058837890625,0.7506119608879089,0.6795040875960651,5341.08984375,11.724770761237613,0.33534157276153564,0.011738043278455734,0.543044016263037,0.65,8,0.5,2,1200
/home/iams/ramlab_ws/src/unitree_rl_mjlab/logs/rsl_rl/h1_2_velocity_a1_v2/2026-08-26_10-02-56_a1a_fullmirror_jacc1e-7_standing15_s42/model_10000.pt,td3,"['velocity', 'orientation', 'height']",8,42,0.13004836440086365,0.10704675316810608,0.1978321075439453,0.12932567298412323,0.10918866842985153,0.5,9.11458337213844e-05,583.4551391601562,1.0930134057998657,0.7997788190841675,42.36499786376953,47.59299087524414,39.472843170166016,76.4880599975586,50.702659606933594,21513.3515625,48233.33203125,14780.5458984375,33652.33984375,0.19994470477104187,0.04337389022111893,0.021536288782954216,0.00914066657423973,0.4742140769958496,295.891357421875,0.7571744918823242,0.6477442474098566,5271.52294921875,11.540043324301674,0.32338762283325195,0.013518547639250755,0.5602772204997264,0.65,8,0.5,3,1200
/home/iams/ramlab_ws/src/unitree_rl_mjlab/logs/rsl_rl/h1_2_velocity_a1_v2/2026-08-26_10-02-56_a1a_fullmirror_jacc1e-7_standing15_s42/model_10000.pt,td3,"['velocity', 'orientation', 'height']",8,42,0.1216374933719635,0.10403427481651306,0.1867932826280594,0.11977413296699524,0.10545974969863892,0.5,6.510417006211355e-05,587.0626831054688,1.0884819030761719,0.7960723042488098,42.82625198364258,48.84950637817383,39.299503326416016,77.87998962402344,51.145565032958984,21590.833984375,48243.67578125,15538.3017578125,34084.11328125,0.19901807606220245,0.04058532416820526,0.021288271993398666,0.008543833158910275,0.4691789746284485,291.0208740234375,0.7598698139190674,0.6489026766668496,5252.6123046875,11.71199115442038,0.3098301589488983,0.011213282123208046,0.5598687807545106,0.65,8,0.5,4,1200
/home/iams/ramlab_ws/src/unitree_rl_mjlab/logs/rsl_rl/h1_2_velocity_a1_v2/2026-08-26_10-02-56_a1a_fullmirror_jacc1e-7_standing15_s42/model_10000.pt,td3,"['velocity', 'orientation', 'height']",8,42,0.13301633298397064,0.10614284127950668,0.19544969499111176,0.1318909227848053,0.10716003179550171,0.5,9.11458337213844e-05,582.9283447265625,1.105797290802002,0.8062874674797058,43.71662139892578,49.617271423339844,40.31364440917969,78.83172607421875,51.57511520385742,21995.998046875,49740.8671875,15616.271484375,34251.51953125,0.20157186686992645,0.04345482215285301,0.02192414365708828,0.009119692258536816,0.48327967524528503,302.0097351074219,0.7527018189430237,0.658468295654525,5324.77685546875,11.60955006687589,0.3327518403530121,0.01007666252553463,0.5492580010727696,0.65,8,0.5,5,1200
/home/iams/ramlab_ws/src/unitree_rl_mjlab/logs/rsl_rl/h1_2_velocity_a1_v2/2026-08-26_10-02-56_a1a_fullmirror_jacc1e-7_standing15_s42/model_10000.pt,td3,"['velocity', 'orientation', 'height']",8,42,0.12580984830856323,0.10248459875583649,0.1780615746974945,0.12449288368225098,0.10359039157629013,0.5,7.812499825377017e-05,583.3558349609375,1.095871925354004,0.8011054396629333,42.13578796386719,47.005096435546875,39.55521011352539,77.6482162475586,51.98078918457031,21672.16015625,49088.9453125,14501.671875,33958.8984375,0.20027635991573334,0.03980233520269394,0.021726097911596298,0.008541977033019066,0.47330591082572937,292.3713684082031,0.7601106762886047,0.6480493348590597,5255.759765625,11.649540299992594,0.31398800015449524,0.011566421948373318,0.5643946353114091,0.65,8,0.5,6,1200
/home/iams/ramlab_ws/src/unitree_rl_mjlab/logs/rsl_rl/h1_2_velocity_a1_v2/2026-08-26_10-02-56_a1a_fullmirror_jacc1e-7_standing15_s42/model_10000.pt,td3,"['velocity', 'orientation', 'height']",8,42,0.13314619660377502,0.10430407524108887,0.18882037699222565,0.1309698522090912,0.10442061722278595,0.5,3.9062499126885086e-05,591.4999389648438,1.0938584804534912,0.801281750202179,42.379425048828125,47.387474060058594,39.67763137817383,76.50859069824219,51.247982025146484,21529.740234375,49588.27734375,14533.0478515625,32886.3671875,0.20032043755054474,0.04261991009116173,0.020786723122000694,0.009101037867367268,0.4750087559223175,294.2149963378906,0.7576106786727905,0.6393197664792488,5250.10205078125,11.408303401574933,0.3200540542602539,0.009337060153484344,0.5540126239855726,0.65,8,0.5,7,1200
/home/iams/ramlab_ws/src/unitree_rl_mjlab/logs/rsl_rl/h1_2_velocity_a1_v2/2026-08-26_10-02-56_a1a_fullmirror_jacc1e-7_standing15_s42/model_10000.pt,td3,"['velocity', 'orientation', 'height']",8,42,0.14262372255325317,0.13599011301994324,0.21457207202911377,0.13983140885829926,0.13742953538894653,0.52,0.0001302083401242271,579.4815673828125,1.1237868070602417,0.7885199785232544,46.09619903564453,50.54999542236328,43.992740631103516,78.25821685791016,55.04384231567383,20721.5390625,46292.51953125,16017.0947265625,35132.40625,0.1971299946308136,0.048519566655159,0.025904906913638115,0.011035408824682236,0.5257195830345154,333.8169860839844,0.6947526335716248,0.7078796649544453,5543.66259765625,11.755680943766128,0.3749391734600067,0.011465894989669323,0.5809379727685325,0.7,8,0.5,0,1200
/home/iams/ramlab_ws/src/unitree_rl_mjlab/logs/rsl_rl/h1_2_velocity_a1_v2/2026-08-26_10-02-56_a1a_fullmirror_jacc1e-7_standing15_s42/model_10000.pt,td3,"['velocity', 'orientation', 'height']",8,42,0.1394161432981491,0.12931382656097412,0.20337651669979095,0.13504302501678467,0.1298447847366333,0.52,5.208333459449932e-05,593.1588134765625,1.1183018684387207,0.7892813086509705,45.4023551940918,49.7083854675293,43.421077728271484,75.87657928466797,53.343719482421875,20483.21875,45855.65234375,15680.2001953125,33595.94921875,0.19732032716274261,0.04691815376281738,0.0249741580337286,0.01021359208971262,0.5175527930259705,328.6840515136719,0.6975130438804626,0.7029828693596413,5544.02392578125,11.85744767727286,0.3685196042060852,0.008047959767282009,0.5841414717626925,0.7,8,0.5,1,1200
/home/iams/ramlab_ws/src/unitree_rl_mjlab/logs/rsl_rl/h1_2_velocity_a1_v2/2026-08-26_10-02-56_a1a_fullmirror_jacc1e-7_standing15_s42/model_10000.pt,td3,"['velocity', 'orientation', 'height']",8,42,0.12708596885204315,0.13418956100940704,0.20552507042884827,0.12266379594802856,0.1358855962753296,0.52,5.208333459449932e-05,590.2011108398438,1.1062595844268799,0.7805771231651306,45.21659469604492,49.6391716003418,43.14703369140625,78.52104949951172,52.96607208251953,20046.1484375,45048.9453125,15866.1181640625,35019.78515625,0.19514428079128265,0.043290890753269196,0.02502255141735077,0.009657039307057858,0.5101445317268372,322.9379577636719,0.7005403637886047,0.7039439764719392,5526.2080078125,12.04609201540357,0.3492174744606018,0.008678624406456947,0.579294738827079,0.7,8,0.5,2,1200
/home/iams/ramlab_ws/src/unitree_rl_mjlab/logs/rsl_rl/h1_2_velocity_a1_v2/2026-08-26_10-02-56_a1a_fullmirror_jacc1e-7_standing15_s42/model_10000.pt,td3,"['velocity', 'orientation', 'height']",8,42,0.13291893899440765,0.12404691427946091,0.18170252442359924,0.1284523457288742,0.124366894364357,0.52,2.604166729724966e-05,594.5439453125,1.091409683227539,0.7729748487472534,42.24110412597656,44.43906784057617,41.89313888549805,69.79280853271484,52.89968490600586,19873.779296875,45653.38671875,12968.9208984375,31562.158203125,0.19324371218681335,0.043182361871004105,0.024238981306552887,0.009939172305166721,0.5063441395759583,308.4447326660156,0.7074999809265137,0.6660606128038407,5382.02001953125,11.622022634475009,0.34340208768844604,0.006212186999619007,0.5977816695855225,0.7,8,0.5,3,1200
/home/iams/ramlab_ws/src/unitree_rl_mjlab/logs/rsl_rl/h1_2_velocity_a1_v2/2026-08-26_10-02-56_a1a_fullmirror_jacc1e-7_standing15_s42/model_10000.pt,td3,"['velocity', 'orientation', 'height']",8,42,0.13023681938648224,0.12888050079345703,0.20592491328716278,0.12686289846897125,0.13033388555049896,0.52,0.00019531250291038305,574.3778076171875,1.1137635707855225,0.7836324572563171,44.58607864379883,48.156803131103516,43.204872131347656,75.51106262207031,54.631526947021484,20577.5234375,46114.453125,14979.98828125,34453.80078125,0.19590811431407928,0.04545912891626358,0.02575867250561714,0.009901629760861397,0.5113502740859985,326.4278259277344,0.704602837562561,0.7139222751132462,5519.8310546875,12.072286256226215,0.3609183728694916,0.012301027774810791,0.5767930904994367,0.7,8,0.5,4,1200
/home/iams/ramlab_ws/src/unitree_rl_mjlab/logs/rsl_rl/h1_2_velocity_a1_v2/2026-08-26_10-02-56_a1a_fullmirror_jacc1e-7_standing15_s42/model_10000.pt,td3,"['velocity', 'orientation', 'height']",8,42,0.14475376904010773,0.13097645342350006,0.1858731061220169,0.14031080901622772,0.13225869834423065,0.5,1.302083364862483e-05,597.2183227539062,1.115168571472168,0.786332368850708,43.5159912109375,45.407100677490234,43.48392868041992,73.32432556152344,53.78537368774414,20024.78125,46067.44921875,13078.994140625,32831.75390625,0.196583092212677,0.04643205180764198,0.024914143607020378,0.010663684457540512,0.5208348035812378,322.74102783203125,0.6981119513511658,0.680095333132928,5503.576171875,11.597399645674583,0.36665916442871094,0.0061134458519518375,0.6054394954670871,0.7,8,0.5,5,1200
/home/iams/ramlab_ws/src/unitree_rl_mjlab/logs/rsl_rl/h1_2_velocity_a1_v2/2026-08-26_10-02-56_a1a_fullmirror_jacc1e-7_standing15_s42/model_10000.pt,td3,"['velocity', 'orientation', 'height']",8,42,0.13294510543346405,0.1340479999780655,0.1973472237586975,0.12850052118301392,0.13478437066078186,0.52,3.9062499126885086e-05,590.7664794921875,1.1087315082550049,0.7823740839958191,44.4471549987793,47.63685989379883,43.35281753540039,75.77960205078125,53.686546325683594,20050.09765625,45078.421875,14692.38671875,34638.91015625,0.19559352099895477,0.04527198150753975,0.024616017937660217,0.01031558308750391,0.5173569917678833,321.896728515625,0.7008658647537231,0.6911356161428253,5476.22998046875,11.757862885426949,0.3532654643058777,0.006333627738058567,0.5972006220839814,0.7,8,0.5,6,1200
/home/iams/ramlab_ws/src/unitree_rl_mjlab/logs/rsl_rl/h1_2_velocity_a1_v2/2026-08-26_10-02-56_a1a_fullmirror_jacc1e-7_standing15_s42/model_10000.pt,td3,"['velocity', 'orientation', 'height']",8,42,0.13815225660800934,0.13307823240756989,0.20223656296730042,0.1339145302772522,0.13389664888381958,0.5,9.11458337213844e-05,590.0029907226562,1.1109238862991333,0.781757652759552,44.76963806152344,48.64414596557617,43.117462158203125,77.79766845703125,53.60920715332031,20171.109375,45489.96875,15109.4892578125,35586.3828125,0.195439413189888,0.04715791717171669,0.024501843377947807,0.010473200120031834,0.5145167112350464,324.7300720214844,0.7021549344062805,0.6925832520794569,5475.3623046875,11.677835814566519,0.36514124274253845,0.008712954819202423,0.588618509292968,0.7,8,0.5,7,1200
/home/iams/ramlab_ws/src/unitree_rl_mjlab/logs/rsl_rl/h1_2_velocity_a1_v2/2026-08-26_10-02-56_a1a_fullmirror_jacc1e-7_standing15_s42/model_10000.pt,td3,"['velocity', 'orientation', 'height']",8,42,0.07111512869596481,0.0646262839436531,0.09724865108728409,0.06445392221212387,0.06395487487316132,0.58,0.0,600.5,0.887194812297821,0.7909261584281921,32.591121673583984,45.64291000366211,22.920164108276367,86.55095672607422,27.685365676879883,22109.4921875,65647.8125,14145.0078125,30683.0859375,0.19773153960704803,0.02927241288125515,0.013416352681815624,0.004609276074916124,0.2815684676170349,186.94471740722656,0.9853580594062805,0.5609298368574994,4525.1533203125,13.57777639173733,0.24165374040603638,0.0012672939337790012,0.3933922397233961,0.4,12,0.5,0,1200
/home/iams/ramlab_ws/src/unitree_rl_mjlab/logs/rsl_rl/h1_2_velocity_a1_v2/2026-08-26_10-02-56_a1a_fullmirror_jacc1e-7_standing15_s42/model_10000.pt,td3,"['velocity', 'orientation', 'height']",8,42,0.06989780068397522,0.06508684903383255,0.08990815281867981,0.06334932148456573,0.06436740607023239,0.58,0.0,600.5,0.8881653547286987,0.7915650010108948,32.396812438964844,44.80364227294922,23.269184112548828,84.4576416015625,28.321178436279297,22066.482421875,64099.28515625,13599.3623046875,29545.3828125,0.1978912502527237,0.029607025906443596,0.013440454378724098,0.004494284745305777,0.2845022976398468,188.07098388671875,0.9872135519981384,0.5640794436614591,4532.08740234375,13.593044951515562,0.24533091485500336,0.0010939278872683644,0.39293937068303914,0.4,12,0.5,1,1200
/home/iams/ramlab_ws/src/unitree_rl_mjlab/logs/rsl_rl/h1_2_velocity_a1_v2/2026-08-26_10-02-56_a1a_fullmirror_jacc1e-7_standing15_s42/model_10000.pt,td3,"['velocity', 'orientation', 'height']",8,42,0.0668448880314827,0.06555011868476868,0.09008845686912537,0.06035473197698593,0.06483948975801468,0.58,0.0,600.5,0.890217125415802,0.7920118570327759,33.31898498535156,46.837738037109375,23.2813777923584,89.45179748535156,27.711673736572266,22194.830078125,63596.59375,14706.2919921875,30838.220703125,0.19800296425819397,0.030899448320269585,0.012909775599837303,0.004634559154510498,0.28306853771209717,188.6879425048828,0.9833788871765137,0.5581295060583222,4496.11279296875,13.299277166528324,0.24534279108047485,0.0011278315214440227,0.3918867202449292,0.4,12,0.5,2,1200
/home/iams/ramlab_ws/src/unitree_rl_mjlab/logs/rsl_rl/h1_2_velocity_a1_v2/2026-08-26_10-02-56_a1a_fullmirror_jacc1e-7_standing15_s42/model_10000.pt,td3,"['velocity', 'orientation', 'height']",8,42,0.06800659745931625,0.06454730033874512,0.0930003896355629,0.061561137437820435,0.06381937861442566,0.58,0.0,600.5,0.8919679522514343,0.7932155132293701,32.82283401489258,45.42485809326172,23.572044372558594,91.39629364013672,28.537416458129883,22104.005859375,60650.8359375,13952.494140625,29772.642578125,0.19830387830734253,0.030953627079725266,0.013508778065443039,0.004679084289819002,0.28254473209381104,189.40390014648438,0.9874544143676758,0.5625545453556375,4511.666015625,13.400241444335022,0.2494799792766571,0.00119742751121521,0.39309021113243764,0.4,12,0.5,3,1200
/home/iams/ramlab_ws/src/unitree_rl_mjlab/logs/rsl_rl/h1_2_velocity_a1_v2/2026-08-26_10-02-56_a1a_fullmirror_jacc1e-7_standing15_s42/model_10000.pt,td3,"['velocity', 'orientation', 'height']",8,42,0.07295794039964676,0.06406369060277939,0.09605678915977478,0.06627168506383896,0.06326407939195633,0.58,0.0,600.5,0.8879437446594238,0.7880184650421143,33.53996658325195,46.733787536621094,23.813016891479492,91.46469116210938,27.888147354125977,22195.84375,62733.30078125,14701.6845703125,29846.708984375,0.19700461626052856,0.02821165695786476,0.013552211225032806,0.0043390654027462006,0.2913492023944855,189.79148864746094,0.9860612154006958,0.5760600013677479,4545.0634765625,13.795292359595733,0.24378737807273865,0.0010206399019807577,0.39258785942492014,0.4,12,0.5,4,1200
/home/iams/ramlab_ws/src/unitree_rl_mjlab/logs/rsl_rl/h1_2_velocity_a1_v2/2026-08-26_10-02-56_a1a_fullmirror_jacc1e-7_standing15_s42/model_10000.pt,td3,"['velocity', 'orientation', 'height']",8,42,0.07110359519720078,0.06415847688913345,0.09053763002157211,0.06444878876209259,0.0634586438536644,0.58,0.0,600.5,0.8879901766777039,0.7922160625457764,32.85493469238281,46.073177337646484,23.05910301208496,89.78794860839844,28.1778507232666,22031.451171875,63639.0078125,14317.6064453125,30812.666015625,0.1980540156364441,0.028774725273251534,0.013561218976974487,0.004569063428789377,0.2874816656112671,188.1729278564453,0.9836392998695374,0.5666206299775006,4556.43896484375,13.72021051030404,0.24165837466716766,0.0012469325447455049,0.3932915119702983,0.4,12,0.5,5,1200
/home/iams/ramlab_ws/src/unitree_rl_mjlab/logs/rsl_rl/h1_2_velocity_a1_v2/2026-08-26_10-02-56_a1a_fullmirror_jacc1e-7_standing15_s42/model_10000.pt,td3,"['velocity', 'orientation', 'height']",8,42,0.06568209081888199,0.06545960158109665,0.09456954896450043,0.05923117324709892,0.0648069828748703,0.58,0.0,600.5,0.8898071646690369,0.7927377223968506,32.32052230834961,44.69449996948242,23.198165893554688,81.864501953125,28.302885055541992,22013.056640625,63584.95703125,13463.7724609375,30735.765625,0.19818443059921265,0.03173765912652016,0.013168576173484325,0.004695887677371502,0.27894991636276245,187.71107482910156,0.9867122173309326,0.5531077089495082,4484.42919921875,13.213778821725906,0.24832555651664734,0.001064560143277049,0.3921368394179219,0.4,12,0.5,6,1200
/home/iams/ramlab_ws/src/unitree_rl_mjlab/logs/rsl_rl/h1_2_velocity_a1_v2/2026-08-26_10-02-56_a1a_fullmirror_jacc1e-7_standing15_s42/model_10000.pt,td3,"['velocity', 'orientation', 'height']",8,42,0.067490354180336,0.06581604480743408,0.09709934890270233,0.06104597449302673,0.06507847458124161,0.58,0.0,600.5,0.8945063948631287,0.7945021986961365,32.524818420410156,44.58772659301758,23.70244598388672,86.68492126464844,28.559309005737305,22114.796875,61678.1875,13366.189453125,29502.255859375,0.19862554967403412,0.0321606770157814,0.013370565138757229,0.004740798380225897,0.2812849283218384,189.68438720703125,0.9860677123069763,0.561140216841235,4513.30419921875,13.351632224971402,0.25075486302375793,0.0012312807375565171,0.3932411674347158,0.4,12,0.5,7,1200
/home/iams/ramlab_ws/src/unitree_rl_mjlab/logs/rsl_rl/h1_2_velocity_a1_v2/2026-08-26_10-02-56_a1a_fullmirror_jacc1e-7_standing15_s42/model_10000.pt,td3,"['velocity', 'orientation', 'height']",8,42,0.0655481368303299,0.07242577522993088,0.1029386892914772,0.059269122779369354,0.07162562012672424,0.6,0.0,600.5,0.8666296601295471,0.7567119598388672,32.28990173339844,44.020076751708984,23.75924301147461,86.78829193115234,29.752347946166992,21319.80859375,66825.4375,13742.111328125,31253.3359375,0.1891779899597168,0.03190988302230835,0.014431875199079514,0.004623913671821356,0.28743448853492737,190.27854919433594,0.9397265911102295,0.5459235774588723,4727.35107421875,13.563129432923054,0.23624862730503082,0.0013798096915706992,0.4437382637584862,0.45,12,0.5,0,1200
/home/iams/ramlab_ws/src/unitree_rl_mjlab/logs/rsl_rl/h1_2_velocity_a1_v2/2026-08-26_10-02-56_a1a_fullmirror_jacc1e-7_standing15_s42/model_10000.pt,td3,"['velocity', 'orientation', 'height']",8,42,0.06684855371713638,0.07288973778486252,0.09470736980438232,0.06054903566837311,0.07210630178451538,0.6,0.0,600.5,0.8665110468864441,0.7561835050582886,31.225488662719727,41.58032989501953,23.78108787536621,77.91314697265625,29.6117000579834,21037.19921875,65185.51171875,12259.1748046875,28386.708984375,0.18904587626457214,0.031094547361135483,0.014260177500545979,0.0045175268314778805,0.286635160446167,189.75332641601562,0.942786455154419,0.546866939262183,4723.8369140625,13.614043712376816,0.234964981675148,0.0014890080783516169,0.4427788988181032,0.45,12,0.5,1,1200
/home/iams/ramlab_ws/src/unitree_rl_mjlab/logs/rsl_rl/h1_2_velocity_a1_v2/2026-08-26_10-02-56_a1a_fullmirror_jacc1e-7_standing15_s42/model_10000.pt,td3,"['velocity', 'orientation', 'height']",8,42,0.06697140634059906,0.07388833165168762,0.09429995715618134,0.06075749546289444,0.0730118602514267,0.6,0.0,600.5,0.8702623844146729,0.7577122449874878,31.892030715942383,42.6539192199707,24.147920608520508,79.31834411621094,30.067903518676758,21113.443359375,66211.046875,12851.953125,29248.02734375,0.18942806124687195,0.03170120343565941,0.014425025321543217,0.004861038643866777,0.289023756980896,191.2124481201172,0.9418424367904663,0.5493983387860303,4745.5234375,13.63500485432252,0.2359737604856491,0.0015236159088090062,0.4437382637584862,0.45,12,0.5,2,1200
/home/iams/ramlab_ws/src/unitree_rl_mjlab/logs/rsl_rl/h1_2_velocity_a1_v2/2026-08-26_10-02-56_a1a_fullmirror_jacc1e-7_standing15_s42/model_10000.pt,td3,"['velocity', 'orientation', 'height']",8,42,0.06792319566011429,0.07321063429117203,0.09948998689651489,0.06164543330669403,0.07237456738948822,0.6,0.0,600.5,0.8680018782615662,0.7576533555984497,31.957298278808594,43.034664154052734,23.943784713745117,82.16197204589844,30.124311447143555,21225.171875,66576.453125,13107.796875,28435.5,0.18941333889961243,0.031156715005636215,0.014335217885673046,0.004660770297050476,0.2888643145561218,191.3185577392578,0.9422395825386047,0.5509633140570227,4738.5693359375,13.646233799516896,0.2375318855047226,0.0016913297586143017,0.4435460583309269,0.45,12,0.5,3,1200
/home/iams/ramlab_ws/src/unitree_rl_mjlab/logs/rsl_rl/h1_2_velocity_a1_v2/2026-08-26_10-02-56_a1a_fullmirror_jacc1e-7_standing15_s42/model_10000.pt,td3,"['velocity', 'orientation', 'height']",8,42,0.06543369591236115,0.07247208058834076,0.09699250012636185,0.059108659625053406,0.07163187861442566,0.6,0.0,600.5,0.8654928803443909,0.7548950910568237,31.38010025024414,41.9449462890625,23.792076110839844,78.66167449951172,29.46782684326172,21104.029296875,65185.56640625,12533.8388671875,28576.759765625,0.18872377276420593,0.029611604288220406,0.014645026065409184,0.0044561042450368404,0.2873121500015259,188.48873901367188,0.9409700632095337,0.5459181145927078,4745.7880859375,13.745178895049555,0.23178920149803162,0.0011471508769318461,0.4439947969359734,0.45,12,0.5,4,1200
/home/iams/ramlab_ws/src/unitree_rl_mjlab/logs/rsl_rl/h1_2_velocity_a1_v2/2026-08-26_10-02-56_a1a_fullmirror_jacc1e-7_standing15_s42/model_10000.pt,td3,"['velocity', 'orientation', 'height']",8,42,0.06642521172761917,0.07241743803024292,0.09460119158029556,0.06006329879164696,0.07167484611272812,0.6,0.0,600.5,0.8590587973594666,0.7515400052070618,31.09465217590332,41.79282760620117,23.36857795715332,79.41284942626953,29.296661376953125,20967.517578125,64949.6171875,12517.79296875,29235.94921875,0.18788500130176544,0.02888941392302513,0.014427621848881245,0.0044213104993104935,0.284757524728775,186.56646728515625,0.9418489336967468,0.5418880170455007,4736.3623046875,13.756907726577396,0.23054000735282898,0.0013453656574711204,0.4439306358381503,0.45,12,0.5,5,1200
/home/iams/ramlab_ws/src/unitree_rl_mjlab/logs/rsl_rl/h1_2_velocity_a1_v2/2026-08-26_10-02-56_a1a_fullmirror_jacc1e-7_standing15_s42/model_10000.pt,td3,"['velocity', 'orientation', 'height']",8,42,0.06783425807952881,0.07249851524829865,0.09640169143676758,0.06152318790555,0.0716971755027771,0.6,0.0,600.5,0.8625546097755432,0.7545294761657715,31.137548446655273,41.912349700927734,23.331138610839844,80.42633056640625,29.476099014282227,21025.54296875,64857.0390625,12551.888671875,28804.216796875,0.18863236904144287,0.030322017148137093,0.014058904722332954,0.004590100143104792,0.28621920943260193,187.7169952392578,0.9427083134651184,0.5427364317044765,4706.376953125,13.607305301727607,0.2341092973947525,0.0014998560072854161,0.4436101083032491,0.45,12,0.5,6,1200
/home/iams/ramlab_ws/src/unitree_rl_mjlab/logs/rsl_rl/h1_2_velocity_a1_v2/2026-08-26_10-02-56_a1a_fullmirror_jacc1e-7_standing15_s42/model_10000.pt,td3,"['velocity', 'orientation', 'height']",8,42,0.06548233330249786,0.07402698695659637,0.08969371020793915,0.059481181204319,0.07322154194116592,0.6,0.0,600.5,0.8716779351234436,0.7599128484725952,31.193456649780273,41.21681594848633,24.028892517089844,77.33267974853516,30.682538986206055,21077.064453125,67480.2109375,12015.0712890625,28437.009765625,0.1899782121181488,0.03435354307293892,0.014155810698866844,0.004900203552097082,0.2832649052143097,190.4254608154297,0.9418554902076721,0.540218776099906,4688.72314453125,13.301456173710907,0.24137616157531738,0.0014042677357792854,0.4435460583309269,0.45,12,0.5,7,1200
/home/iams/ramlab_ws/src/unitree_rl_mjlab/logs/rsl_rl/h1_2_velocity_a1_v2/2026-08-26_10-02-56_a1a_fullmirror_jacc1e-7_standing15_s42/model_10000.pt,td3,"['velocity', 'orientation', 'height']",8,42,0.06841188669204712,0.07837929576635361,0.10137389600276947,0.062304671853780746,0.07724333554506302,0.66,0.0,600.5,0.8817439079284668,0.7408118844032288,32.02945327758789,41.23590087890625,25.627731323242188,78.8504409790039,31.83282470703125,20491.533203125,61333.68359375,12548.814453125,29969.962890625,0.1852029711008072,0.030671847984194756,0.01582464948296547,0.004716424271464348,0.31256163120269775,195.9007568359375,0.912194013595581,0.5396112607949666,4893.9892578125,13.4805590292643,0.2259187549352646,0.002565183909609914,0.48515476942514213,0.5,12,0.5,0,1200
/home/iams/ramlab_ws/src/unitree_rl_mjlab/logs/rsl_rl/h1_2_velocity_a1_v2/2026-08-26_10-02-56_a1a_fullmirror_jacc1e-7_standing15_s42/model_10000.pt,td3,"['velocity', 'orientation', 'height']",8,42,0.06966279447078705,0.07828160375356674,0.09928631782531738,0.06377958506345749,0.07713780552148819,0.64,0.0,600.5,0.8931810259819031,0.7525972723960876,32.2562141418457,41.58991241455078,25.7191219329834,79.55136108398438,32.10281753540039,20747.68359375,61459.11328125,12491.1728515625,28783.84765625,0.1881493180990219,0.03355363383889198,0.016114726662635803,0.005176045466214418,0.3121810853481293,200.67742919921875,0.90799480676651,0.5454116650617938,4907.529296875,13.33794060469169,0.22975601255893707,0.002944229869171977,0.4878513577894235,0.5,12,0.5,1,1200
/home/iams/ramlab_ws/src/unitree_rl_mjlab/logs/rsl_rl/h1_2_velocity_a1_v2/2026-08-26_10-02-56_a1a_fullmirror_jacc1e-7_standing15_s42/model_10000.pt,td3,"['velocity', 'orientation', 'height']",8,42,0.07147463411092758,0.07892279326915741,0.0998130813241005,0.06565502285957336,0.07773043215274811,0.64,0.0,600.5,0.8902100324630737,0.7516124844551086,31.900781631469727,40.91154479980469,25.587963104248047,76.65992736816406,31.955503463745117,20901.623046875,60929.59765625,12164.81640625,29639.35546875,0.18790312111377716,0.03291518986225128,0.015287240035831928,0.005126282572746277,0.309982568025589,199.04576110839844,0.9139843583106995,0.5361904306304711,4855.2890625,13.079200088997872,0.23385462164878845,0.0034122553188353777,0.48738695859114706,0.5,12,0.5,2,1200
/home/iams/ramlab_ws/src/unitree_rl_mjlab/logs/rsl_rl/h1_2_velocity_a1_v2/2026-08-26_10-02-56_a1a_fullmirror_jacc1e-7_standing15_s42/model_10000.pt,td3,"['velocity', 'orientation', 'height']",8,42,0.06837832182645798,0.07834918797016144,0.09900965541601181,0.06262768059968948,0.07727564126253128,0.64,0.0,600.5,0.8991149663925171,0.75550776720047,32.30099868774414,41.1138801574707,26.204862594604492,78.5661392211914,31.976469039916992,20718.69921875,62510.203125,12298.990234375,30710.490234375,0.1888769418001175,0.03480194881558418,0.016091899946331978,0.005196510814130306,0.31357428431510925,201.59544372558594,0.9088411331176758,0.5433990142425207,4878.958984375,13.151197431919002,0.23519763350486755,0.0026502495165914297,0.487000634115409,0.5,12,0.5,3,1200
/home/iams/ramlab_ws/src/unitree_rl_mjlab/logs/rsl_rl/h1_2_velocity_a1_v2/2026-08-26_10-02-56_a1a_fullmirror_jacc1e-7_standing15_s42/model_10000.pt,td3,"['velocity', 'orientation', 'height']",8,42,0.06741533428430557,0.07811490446329117,0.09665916115045547,0.06132888421416283,0.07702841609716415,0.64,0.0,600.5,0.8800001740455627,0.7431808710098267,31.77751350402832,41.01063537597656,25.324867248535156,78.56824493408203,31.48678970336914,20496.365234375,60379.546875,12476.033203125,30044.544921875,0.18579521775245667,0.030582549050450325,0.0158969946205616,0.004657337442040443,0.3077769875526428,195.37881469726562,0.9110677242279053,0.5390210229743293,4867.462890625,13.428606341042592,0.22164520621299744,0.0022343762684613466,0.4873096446700508,0.5,12,0.5,4,1200
/home/iams/ramlab_ws/src/unitree_rl_mjlab/logs/rsl_rl/h1_2_velocity_a1_v2/2026-08-26_10-02-56_a1a_fullmirror_jacc1e-7_standing15_s42/model_10000.pt,td3,"['velocity', 'orientation', 'height']",8,42,0.06642454862594604,0.07893163710832596,0.09155107289552689,0.06056419759988785,0.0777968168258667,0.64,0.0,600.5,0.8918711543083191,0.7500872015953064,31.84537696838379,40.312435150146484,26.053199768066406,74.61066436767578,32.34157180786133,20433.080078125,59701.37109375,11835.716796875,28653.599609375,0.1875218003988266,0.03268399089574814,0.016073191538453102,0.004969626199454069,0.3123091459274292,199.08270263671875,0.9082552194595337,0.5399640918447018,4893.5244140625,13.272514486784937,0.2275504767894745,0.0024133152328431606,0.4868462757527734,0.5,12,0.5,5,1200
/home/iams/ramlab_ws/src/unitree_rl_mjlab/logs/rsl_rl/h1_2_velocity_a1_v2/2026-08-26_10-02-56_a1a_fullmirror_jacc1e-7_standing15_s42/model_10000.pt,td3,"['velocity', 'orientation', 'height']",8,42,0.06926023215055466,0.07886780053377151,0.09642159938812256,0.06324736773967743,0.0777381882071495,0.64,0.0,600.5,0.8904888033866882,0.7467930912971497,31.670475006103516,39.85322570800781,26.120616912841797,73.65755462646484,32.09030532836914,20310.83203125,64665.859375,11501.1572265625,27520.3125,0.18669827282428741,0.031804077327251434,0.015881014987826347,0.00485177943482995,0.31366434693336487,199.47207641601562,0.9096289277076721,0.5481384998100415,4914.16455078125,13.503858181481686,0.22712494432926178,0.002695157891139388,0.48792884371029227,0.5,12,0.5,6,1200
/home/iams/ramlab_ws/src/unitree_rl_mjlab/logs/rsl_rl/h1_2_velocity_a1_v2/2026-08-26_10-02-56_a1a_fullmirror_jacc1e-7_standing15_s42/model_10000.pt,td3,"['velocity', 'orientation', 'height']",8,42,0.06899957358837128,0.07839083671569824,0.1037016436457634,0.06291788816452026,0.07732551544904709,0.66,0.0,600.5,0.8880642652511597,0.7452170848846436,31.453290939331055,39.50740432739258,26.001670837402344,71.26605224609375,31.653108596801758,20311.544921875,61991.11328125,11486.755859375,27279.544921875,0.1863042712211609,0.031705908477306366,0.01606230065226555,0.0048423339612782,0.31225505471229553,197.9610137939453,0.90945965051651,0.5457976024886857,4891.365234375,13.4859641694195,0.2275083214044571,0.002463010372593999,0.4880838894184938,0.5,12,0.5,7,1200
