label,hl_algorithm,goal_components,c,seed,err_vx,err_vy,err_yaw,ss_err_vx,ss_err_vy,t90_s,fall_rate,mean_ep_len,action_rate,act_legs,jacc,jacc_legs,jacc_arms,jacc_legs_p95,jacc_arms_p95,ajit_legs,ajit_legs_p95,qjit_legs,qjit_legs_p95,act_legs_rad,orient_dev,height_dev,ub_pose_dev,ub_arm_vel,mech_power_w,gait_match,cot,mech_power_copper_w,cot_copper,omega_xy,ss_vx_var,stride_period_s,T_pinned,payload_kg,vx_pinned
/home/iams/ramlab_ws/src/unitree_rl_mjlab/logs/rsl_rl/h1_2_velocity_a1_v2/2026-08-26_10-02-56_a1a_fullmirror_jacc1e-7_standing15_s42/model_10000.pt,td3,"['velocity', 'orientation', 'height']",8,42,0.06607498228549957,0.06601127237081528,0.09271804988384247,0.053694091737270355,0.06533151865005493,0.68,0.0,300.5,0.9444450736045837,0.8390143513679504,36.35053253173828,51.39277648925781,25.168792724609375,95.98235321044922,35.68678665161133,25278.234375,74999.0546875,16451.240234375,35598.07421875,0.2097535878419876,0.023735323920845985,0.008378997445106506,0.0036463229916989803,0.281076580286026,178.84732055664062,0.9312890768051147,0.5468402609371327,3646.74951171875,11.1502342769141,0.21371394395828247,0.00029396452009677887,0.34239857333927776,0.35,0,0.5
/home/iams/ramlab_ws/src/unitree_rl_mjlab/logs/rsl_rl/h1_2_velocity_a1_v2/2026-08-26_10-02-56_a1a_fullmirror_jacc1e-7_standing15_s42/model_10000.pt,td3,"['velocity', 'orientation', 'height']",8,43,0.06625557690858841,0.06473784148693085,0.09300167858600616,0.05346253514289856,0.06540714204311371,0.74,0.0,300.5,0.9391695261001587,0.8333987593650818,36.3286247253418,51.413116455078125,25.12782859802246,94.98670196533203,34.80838394165039,25038.369140625,75172.1015625,16511.84765625,35753.72265625,0.20834968984127045,0.023266620934009552,0.008292232640087605,0.0036639173049479723,0.2784337103366852,176.6170196533203,0.9318228960037231,0.5412237756208448,3598.191162109375,11.026269458918133,0.21438108384609222,0.00028911459958180785,0.3423222643191442,0.35,0,0.5
/home/iams/ramlab_ws/src/unitree_rl_mjlab/logs/rsl_rl/h1_2_velocity_a1_v2/2026-08-26_10-02-56_a1a_fullmirror_jacc1e-7_standing15_s42/model_10000.pt,td3,"['velocity', 'orientation', 'height']",8,42,0.06422464549541473,0.07160000503063202,0.08901876211166382,0.05203703045845032,0.07026966661214828,0.58,0.0,300.5,0.8580138087272644,0.7609816193580627,33.96967315673828,47.483856201171875,23.9750919342041,92.24259185791016,30.549291610717773,21399.4375,67302.765625,14969.66796875,31154.822265625,0.19024540483951569,0.02301308512687683,0.008571169339120388,0.0035576189402490854,0.27961140871047974,174.99557495117188,0.9741926789283752,0.5264613656053644,3821.755859375,11.497472612400209,0.22061525285243988,0.0002941343991551548,0.3880747852450733,0.4,0,0.5
/home/iams/ramlab_ws/src/unitree_rl_mjlab/logs/rsl_rl/h1_2_velocity_a1_v2/2026-08-26_10-02-56_a1a_fullmirror_jacc1e-7_standing15_s42/model_10000.pt,td3,"['velocity', 'orientation', 'height']",8,43,0.06420575827360153,0.07157973200082779,0.08901482820510864,0.05199107155203819,0.07023107260465622,0.58,0.0,300.5,0.8580924272537231,0.7610861659049988,34.00998306274414,47.56681442260742,23.980939865112305,92.06079864501953,30.49927520751953,21413.28515625,67271.1171875,15005.966796875,30861.39453125,0.1902715414762497,0.023013470694422722,0.008569660596549511,0.0035562447737902403,0.2796036899089813,175.02769470214844,0.9740104079246521,0.5264932161418137,3822.59033203125,11.498567804553401,0.22062374651432037,0.0002958184923045337,0.3879767618085375,0.4,0,0.5
/home/iams/ramlab_ws/src/unitree_rl_mjlab/logs/rsl_rl/h1_2_velocity_a1_v2/2026-08-26_10-02-56_a1a_fullmirror_jacc1e-7_standing15_s42/model_10000.pt,td3,"['velocity', 'orientation', 'height']",8,42,0.06342989951372147,0.07970863580703735,0.09128624200820923,0.051631975919008255,0.07857489585876465,0.6,0.0,300.5,0.8243399262428284,0.7157019376754761,31.475379943847656,41.78847885131836,24.070087432861328,84.1019515991211,31.944459915161133,20164.51171875,62209.1171875,12252.0380859375,31522.615234375,0.17892548441886902,0.02533099800348282,0.009506656788289547,0.0036119548603892326,0.2744086682796478,175.6351318359375,0.956041693687439,0.5125415568002379,3996.288818359375,11.662041931179486,0.2257159948348999,0.0004169550957158208,0.43636363636363634,0.45,0,0.5
/home/iams/ramlab_ws/src/unitree_rl_mjlab/logs/rsl_rl/h1_2_velocity_a1_v2/2026-08-26_10-02-56_a1a_fullmirror_jacc1e-7_standing15_s42/model_10000.pt,td3,"['velocity', 'orientation', 'height']",8,43,0.06349348276853561,0.07760599255561829,0.08780431747436523,0.05187724530696869,0.07696938514709473,0.56,0.0,300.5,0.8240746855735779,0.713632345199585,31.334840774536133,41.33574295043945,24.1884822845459,84.17030334472656,31.310733795166016,20106.916015625,62712.69921875,12147.0205078125,31518.33203125,0.17840808629989624,0.02466031350195408,0.009403899312019348,0.003681775415316224,0.27510732412338257,174.9751434326172,0.9569140672683716,0.5115582602251996,3982.191650390625,11.642356622529684,0.22545412182807922,0.0004163594276178628,0.4435460583309269,0.45,0,0.5
/home/iams/ramlab_ws/src/unitree_rl_mjlab/logs/rsl_rl/h1_2_velocity_a1_v2/2026-08-26_10-02-56_a1a_fullmirror_jacc1e-7_standing15_s42/model_10000.pt,td3,"['velocity', 'orientation', 'height']",8,42,0.06249130889773369,0.08443571627140045,0.09336605668067932,0.05146697908639908,0.08237786591053009,0.46,0.0,300.5,0.8211169838905334,0.6891060471534729,31.039241790771484,39.802703857421875,24.991376876831055,80.76626586914062,33.21235275268555,19077.783203125,58343.76953125,11729.5478515625,29124.90234375,0.17227651178836823,0.02830667421221733,0.010462270118296146,0.003796710167080164,0.2819289267063141,177.6879119873047,0.931653618812561,0.4989619779864503,4121.85009765625,11.574486241431483,0.22273077070713043,0.0006326686125248671,0.4792511700468019,0.5,0,0.5
/home/iams/ramlab_ws/src/unitree_rl_mjlab/logs/rsl_rl/h1_2_velocity_a1_v2/2026-08-26_10-02-56_a1a_fullmirror_jacc1e-7_standing15_s42/model_10000.pt,td3,"['velocity', 'orientation', 'height']",8,43,0.06248488649725914,0.08445732295513153,0.09365179389715195,0.05147361755371094,0.08241533488035202,0.46,0.0,300.5,0.8210892081260681,0.6890885233879089,31.050878524780273,39.83323669433594,24.989452362060547,82.47112274169922,33.055355072021484,19080.501953125,58587.0390625,11753.240234375,29179.298828125,0.17227213084697723,0.028313960880041122,0.01046233531087637,0.0037976368330419064,0.28193897008895874,177.6540985107422,0.9319140911102295,0.498887037500138,4121.3232421875,11.573474095305864,0.22286084294319153,0.00063235720153898,0.479101684341859,0.5,0,0.5
/home/iams/ramlab_ws/src/unitree_rl_mjlab/logs/rsl_rl/h1_2_velocity_a1_v2/2026-08-26_10-02-56_a1a_fullmirror_jacc1e-7_standing15_s42/model_10000.pt,td3,"['velocity', 'orientation', 'height']",8,42,0.06416702270507812,0.08925718814134598,0.09296213090419769,0.05429534986615181,0.087776318192482,0.46,0.0,300.5,0.8564309477806091,0.6894785165786743,31.144433975219727,37.62605285644531,27.046344757080078,75.56539154052734,34.792884826660156,19032.818359375,58682.7265625,10954.75390625,29594.509765625,0.17236962914466858,0.03007430024445057,0.012105554342269897,0.004016197752207518,0.3091298043727875,187.9054412841797,0.8758203387260437,0.5017284433820147,4279.953125,11.427950957274374,0.21846415102481842,0.0009259741636924446,0.5231607629427792,0.55,0,0.5
/home/iams/ramlab_ws/src/unitree_rl_mjlab/logs/rsl_rl/h1_2_velocity_a1_v2/2026-08-26_10-02-56_a1a_fullmirror_jacc1e-7_standing15_s42/model_10000.pt,td3,"['velocity', 'orientation', 'height']",8,43,0.06451105326414108,0.08736179023981094,0.093095563352108,0.05470884218811989,0.08733411878347397,0.54,0.0,300.5,0.8603851795196533,0.6928984522819519,31.01204490661621,37.22750473022461,27.121667861938477,75.11317443847656,34.62959671020508,19458.787109375,59314.22265625,10780.3056640625,28903.375,0.17322461307048798,0.029279407113790512,0.011928210966289043,0.004026856739073992,0.30925342440605164,186.68666076660156,0.8785416483879089,0.49993080060921374,4264.12890625,11.418968227321887,0.21692298352718353,0.0009320233948528767,0.5226267437904049,0.55,0,0.5
/home/iams/ramlab_ws/src/unitree_rl_mjlab/logs/rsl_rl/h1_2_velocity_a1_v2/2026-08-26_10-02-56_a1a_fullmirror_jacc1e-7_standing15_s42/model_10000.pt,td3,"['velocity', 'orientation', 'height']",8,42,0.07516024261713028,0.0926465094089508,0.10896755009889603,0.06565096974372864,0.09029867500066757,0.48,0.0,300.5,0.9113408923149109,0.7043443918228149,32.36327362060547,37.23732376098633,29.599037170410156,72.17478942871094,41.123775482177734,19210.71484375,54273.46484375,10902.4716796875,30143.80859375,0.17608609795570374,0.030271263793110847,0.013407899998128414,0.00444123987108469,0.3470737338066101,202.1692352294922,0.8311458230018616,0.5147089213455815,4427.65625,11.272506731173479,0.22172999382019043,0.0017748343525454402,0.5412262156448203,0.6,0,0.5
/home/iams/ramlab_ws/src/unitree_rl_mjlab/logs/rsl_rl/h1_2_velocity_a1_v2/2026-08-26_10-02-56_a1a_fullmirror_jacc1e-7_standing15_s42/model_10000.pt,td3,"['velocity', 'orientation', 'height']",8,43,0.0751378983259201,0.09254522621631622,0.10794664919376373,0.06560661643743515,0.09017350524663925,0.48,0.0,300.5,0.9110126495361328,0.704189121723175,32.31703567504883,37.18174743652344,29.55925750732422,70.17217254638672,40.98443603515625,19187.5703125,54267.83203125,10844.23828125,30010.51171875,0.17604728043079376,0.030268637463450432,0.013382461853325367,0.004438421223312616,0.3465605676174164,201.8740692138672,0.8307812213897705,0.5140334035062292,4426.4453125,11.271088933717104,0.22140812873840332,0.0017360872589051723,0.5412262156448203,0.6,0,0.5
/home/iams/ramlab_ws/src/unitree_rl_mjlab/logs/rsl_rl/h1_2_velocity_a1_v2/2026-08-26_10-02-56_a1a_fullmirror_jacc1e-7_standing15_s42/model_10000.pt,td3,"['velocity', 'orientation', 'height']",8,42,0.11461475491523743,0.11735597252845764,0.17389197647571564,0.10683898627758026,0.11819468438625336,0.5,0.0,300.5,1.0304112434387207,0.7337247133255005,39.362205505371094,42.409236907958984,38.283241271972656,68.82111358642578,51.34682846069336,19077.3125,46893.44921875,12858.185546875,31581.439453125,0.18343117833137512,0.03969532251358032,0.022102851420640945,0.008195886388421059,0.4788271486759186,280.1180114746094,0.7115234136581421,0.6363177335336448,5165.8154296875,11.7346974614698,0.293856680393219,0.003476005280390382,0.5722801788375559,0.7,0,0.5
/home/iams/ramlab_ws/src/unitree_rl_mjlab/logs/rsl_rl/h1_2_velocity_a1_v2/2026-08-26_10-02-56_a1a_fullmirror_jacc1e-7_standing15_s42/model_10000.pt,td3,"['velocity', 'orientation', 'height']",8,43,0.11322785913944244,0.11393189430236816,0.1766090989112854,0.10813484340906143,0.1147049143910408,0.44,2.604166729724966e-05,298.1695861816406,1.0204675197601318,0.7232455611228943,38.93111801147461,41.96060562133789,37.85909652709961,67.91849517822266,51.32912063598633,18740.857421875,46404.140625,12838.6552734375,31846.666015625,0.18081139028072357,0.039518777281045914,0.021592700853943825,0.008076698519289494,0.4743621349334717,275.0498046875,0.7226302027702332,0.6266695060413358,5108.1845703125,11.638416094780958,0.29223236441612244,0.004132209345698357,0.593279258400927,0.7,0,0.5
/home/iams/ramlab_ws/src/unitree_rl_mjlab/logs/rsl_rl/h1_2_velocity_a1_v2/2026-08-26_10-02-56_a1a_fullmirror_jacc1e-7_standing15_s42/model_10000.pt,td3,"['velocity', 'orientation', 'height']",8,42,0.14475546777248383,0.15175774693489075,0.23563407361507416,0.1366492062807083,0.15749876201152802,0.52,0.0001302083401242271,293.73223876953125,1.1441062688827515,0.8147227168083191,48.282264709472656,54.585262298583984,44.873477935791016,84.58702087402344,60.09840393066406,21042.041015625,40648.29296875,18064.2734375,36312.1328125,0.20368067920207977,0.05152318254113197,0.033562373369932175,0.01042583305388689,0.5286117792129517,384.9084777832031,0.53243488073349,0.8264571487045504,6097.48095703125,13.092221604355068,0.45088547468185425,0.015722716227173805,0.4771668219944082,0.8,0,0.5
/home/iams/ramlab_ws/src/unitree_rl_mjlab/logs/rsl_rl/h1_2_velocity_a1_v2/2026-08-26_10-02-56_a1a_fullmirror_jacc1e-7_standing15_s42/model_10000.pt,td3,"['velocity', 'orientation', 'height']",8,43,0.14619652926921844,0.15233829617500305,0.2330988347530365,0.1376122236251831,0.15816475450992584,0.52,0.0001302083401242271,294.024658203125,1.1457048654556274,0.8182182312011719,48.40541076660156,54.92332077026367,44.83218002319336,85.22601318359375,60.84429931640625,21147.359375,41379.34375,18350.392578125,37315.04296875,0.20455455780029297,0.051805898547172546,0.033170413225889206,0.010337166488170624,0.5275211930274963,385.9013366699219,0.5337499976158142,0.8241708455503381,6092.97265625,13.01278278199436,0.4520139992237091,0.013928179629147053,0.47701863354037266,0.8,0,0.5
/home/iams/ramlab_ws/src/unitree_rl_mjlab/logs/rsl_rl/h1_2_velocity_a1_v2/2026-08-26_10-02-56_a1a_fullmirror_jacc1e-7_standing15_s42/model_10000.pt,td3,"['velocity', 'orientation', 'height']",8,42,0.1614800989627838,0.14947611093521118,0.3024793863296509,0.1580866575241089,0.14861702919006348,0.52,0.0003645833348855376,282.1617736816406,1.2489001750946045,0.8983234763145447,54.48311233520508,63.4361457824707,49.08292770385742,84.68859100341797,61.496055603027344,24203.26953125,44226.73046875,22742.703125,34053.89453125,0.22458086907863617,0.05917743220925331,0.03469886630773544,0.011694359593093395,0.5459412932395935,426.6455078125,0.536536455154419,0.8961344772392519,6338.68994140625,13.313907667152474,0.5013366341590881,0.028882931917905807,0.4413793103448276,0.9,0,0.5
/home/iams/ramlab_ws/src/unitree_rl_mjlab/logs/rsl_rl/h1_2_velocity_a1_v2/2026-08-26_10-02-56_a1a_fullmirror_jacc1e-7_standing15_s42/model_10000.pt,td3,"['velocity', 'orientation', 'height']",8,43,0.15693795680999756,0.13602961599826813,0.2771225571632385,0.1506582349538803,0.1398141086101532,0.6,0.00015624999650754035,291.9410400390625,1.2234139442443848,0.8839131593704224,53.08090591430664,61.1702880859375,48.349754333496094,87.99059295654297,62.956790924072266,23812.322265625,44552.44140625,21867.28515625,36265.94921875,0.2209782898426056,0.055522046983242035,0.032854415476322174,0.011228246614336967,0.5409906506538391,410.4435119628906,0.5397526025772095,0.8733992217874933,6139.10107421875,13.06363895285707,0.4787129759788513,0.02337142638862133,0.4497803806734993,0.9,0,0.5
/home/iams/ramlab_ws/src/unitree_rl_mjlab/logs/rsl_rl/h1_2_velocity_a1_v2/2026-08-26_10-02-56_a1a_fullmirror_jacc1e-7_standing15_s42/model_10000.pt,td3,"['velocity', 'orientation', 'height']",8,42,0.06640760600566864,0.06228390336036682,0.0934794470667839,0.053691424429416656,0.06147994101047516,0.68,0.0,300.5,0.9570096731185913,0.850172758102417,34.2410888671875,47.53603744506836,24.42571258544922,86.71895599365234,35.384334564208984,25716.40234375,76584.1640625,14949.1181640625,34018.67578125,0.21254318952560425,0.02743937261402607,0.010782992467284203,0.004158524330705404,0.27687200903892517,183.00929260253906,0.9402604103088379,0.5584582305789005,4010.748779296875,12.238918362893234,0.2259165644645691,0.0004460100899450481,0.34262770466205666,0.35,4,0.5
/home/iams/ramlab_ws/src/unitree_rl_mjlab/logs/rsl_rl/h1_2_velocity_a1_v2/2026-08-26_10-02-56_a1a_fullmirror_jacc1e-7_standing15_s42/model_10000.pt,td3,"['velocity', 'orientation', 'height']",8,43,0.06655339896678925,0.06089705228805542,0.09293358027935028,0.0536247193813324,0.061471570283174515,0.74,0.0,300.5,0.9519798755645752,0.8447480797767639,34.2483024597168,47.62956237792969,24.377819061279297,88.73062896728516,34.07892608642578,25456.005859375,78017.625,15054.7900390625,33597.96484375,0.21118701994419098,0.026993729174137115,0.010695789940655231,0.0041690305806696415,0.2742749750614166,180.78045654296875,0.9416406154632568,0.5527120702580713,3958.91748046875,12.103861373433638,0.2265288084745407,0.00044483496458269656,0.34216974827355756,0.35,4,0.5
/home/iams/ramlab_ws/src/unitree_rl_mjlab/logs/rsl_rl/h1_2_velocity_a1_v2/2026-08-26_10-02-56_a1a_fullmirror_jacc1e-7_standing15_s42/model_10000.pt,td3,"['velocity', 'orientation', 'height']",8,42,0.06995832175016403,0.06830114126205444,0.08628498017787933,0.05762412026524544,0.06678462773561478,0.58,0.0,300.5,0.8630523085594177,0.7684313654899597,31.60319709777832,43.190818786621094,23.140974044799805,79.43073272705078,29.578903198242188,21215.857421875,64667.86328125,12903.9873046875,29457.05859375,0.19210784137248993,0.02519313432276249,0.011715364642441273,0.0038195422384887934,0.2838570475578308,180.2364959716797,0.9829297065734863,0.5521661388453264,4265.13525390625,13.066516053637317,0.2294546216726303,0.00035711616510525346,0.3855421686746988,0.4,4,0.5
/home/iams/ramlab_ws/src/unitree_rl_mjlab/logs/rsl_rl/h1_2_velocity_a1_v2/2026-08-26_10-02-56_a1a_fullmirror_jacc1e-7_standing15_s42/model_10000.pt,td3,"['velocity', 'orientation', 'height']",8,43,0.06994757056236267,0.06831331551074982,0.08627111464738846,0.05762498453259468,0.06680094450712204,0.58,0.0,300.5,0.8630837798118591,0.7685020565986633,31.625194549560547,43.23958206176758,23.141569137573242,79.48684692382812,29.60009765625,21210.4296875,64748.0703125,12944.265625,29294.359375,0.19212551414966583,0.02519093081355095,0.011719757691025734,0.0038186656311154366,0.28390100598335266,180.2535400390625,0.9829297065734863,0.552220004807112,4266.017578125,13.06925694509802,0.22932159900665283,0.00035684951581060886,0.3857358111501758,0.4,4,0.5
/home/iams/ramlab_ws/src/unitree_rl_mjlab/logs/rsl_rl/h1_2_velocity_a1_v2/2026-08-26_10-02-56_a1a_fullmirror_jacc1e-7_standing15_s42/model_10000.pt,td3,"['velocity', 'orientation', 'height']",8,42,0.06433263421058655,0.07680277526378632,0.08993355184793472,0.05224239453673363,0.07562563568353653,0.6,0.0,300.5,0.822961151599884,0.719794750213623,30.596832275390625,41.239227294921875,22.886892318725586,80.54329681396484,30.159753799438477,20343.509765625,65695.2109375,12509.7861328125,28873.951171875,0.17994868755340576,0.02910836786031723,0.01205743383616209,0.003974306397140026,0.27549269795417786,177.256591796875,0.9470442533493042,0.5217740004145437,4384.826171875,12.907211473958077,0.22705870866775513,0.0005098397959955037,0.4354975900198469,0.45,4,0.5
/home/iams/ramlab_ws/src/unitree_rl_mjlab/logs/rsl_rl/h1_2_velocity_a1_v2/2026-08-26_10-02-56_a1a_fullmirror_jacc1e-7_standing15_s42/model_10000.pt,td3,"['velocity', 'orientation', 'height']",8,43,0.06425397843122482,0.07496844232082367,0.0865892544388771,0.05245733633637428,0.07429883629083633,0.56,0.0,300.5,0.8221957087516785,0.717322826385498,30.426420211791992,40.72735595703125,22.9981689453125,81.23360443115234,29.77581024169922,20283.19140625,65650.8046875,12367.759765625,28457.564453125,0.1793307065963745,0.02840038388967514,0.011949807405471802,0.004040146712213755,0.27609801292419434,176.5808868408203,0.947838544845581,0.5203443543449273,4366.03076171875,12.865716779667403,0.22597219049930573,0.000510536483488977,0.4427788988181032,0.45,4,0.5
/home/iams/ramlab_ws/src/unitree_rl_mjlab/logs/rsl_rl/h1_2_velocity_a1_v2/2026-08-26_10-02-56_a1a_fullmirror_jacc1e-7_standing15_s42/model_10000.pt,td3,"['velocity', 'orientation', 'height']",8,42,0.06345538794994354,0.08147504180669785,0.09349311143159866,0.052092552185058594,0.07923759520053864,0.46,0.0,300.5,0.8314660787582397,0.701474130153656,30.3251953125,39.025230407714844,24.32801628112793,78.01445770263672,31.175642013549805,19327.431640625,59172.2578125,11805.9951171875,28729.552734375,0.175368532538414,0.030788615345954895,0.013965899124741554,0.004380040802061558,0.2907816171646118,184.3877410888672,0.9168750047683716,0.5191557323716997,4588.6962890625,12.91977265802542,0.22108341753482819,0.0009561875485815108,0.47746347528753497,0.5,4,0.5
/home/iams/ramlab_ws/src/unitree_rl_mjlab/logs/rsl_rl/h1_2_velocity_a1_v2/2026-08-26_10-02-56_a1a_fullmirror_jacc1e-7_standing15_s42/model_10000.pt,td3,"['velocity', 'orientation', 'height']",8,43,0.06346995383501053,0.08149188756942749,0.09367502480745316,0.05214398726820946,0.07925758510828018,0.46,0.0,300.5,0.8315459489822388,0.7015699744224548,30.344133377075195,39.06349563598633,24.329572677612305,79.34426879882812,31.53284454345703,19324.9140625,59670.76953125,11830.9697265625,28297.931640625,0.1753924936056137,0.03079340048134327,0.013970213010907173,0.0043798889964818954,0.2908932566642761,184.4659423828125,0.9169140458106995,0.5193611761055992,4590.033203125,12.923170699263746,0.22120584547519684,0.0009617896284908056,0.47761194029850745,0.5,4,0.5
/home/iams/ramlab_ws/src/unitree_rl_mjlab/logs/rsl_rl/h1_2_velocity_a1_v2/2026-08-26_10-02-56_a1a_fullmirror_jacc1e-7_standing15_s42/model_10000.pt,td3,"['velocity', 'orientation', 'height']",8,42,0.06689885258674622,0.08775240182876587,0.09381413459777832,0.05670860409736633,0.08597981184720993,0.48,0.0,300.5,0.8674060702323914,0.6962376832962036,30.7188663482666,36.80439376831055,26.934045791625977,71.71210479736328,35.1624641418457,18867.69140625,58226.2265625,10815.9912109375,28323.322265625,0.1740594208240509,0.03220323845744133,0.015444658696651459,0.004517725668847561,0.32227352261543274,195.35565185546875,0.8607291579246521,0.5233662885898104,4736.6826171875,12.689779136941402,0.21812868118286133,0.0016687698662281036,0.5208545269582909,0.55,4,0.5
/home/iams/ramlab_ws/src/unitree_rl_mjlab/logs/rsl_rl/h1_2_velocity_a1_v2/2026-08-26_10-02-56_a1a_fullmirror_jacc1e-7_standing15_s42/model_10000.pt,td3,"['velocity', 'orientation', 'height']",8,43,0.06702455878257751,0.08566601574420929,0.09346886724233627,0.05709763988852501,0.08537238091230392,0.56,0.0,300.5,0.8706977963447571,0.6989850997924805,30.612571716308594,36.48081970214844,26.993345260620117,70.84725189208984,34.93971633911133,19335.548828125,59420.10546875,10706.384765625,28090.958984375,0.17474627494812012,0.03150685131549835,0.015270134434103966,0.004530709236860275,0.32197216153144836,193.84645080566406,0.8631380200386047,0.5211106753430544,4713.36376953125,12.670770795009512,0.21607838571071625,0.0016792454989627004,0.5197969543147208,0.55,4,0.5
/home/iams/ramlab_ws/src/unitree_rl_mjlab/logs/rsl_rl/h1_2_velocity_a1_v2/2026-08-26_10-02-56_a1a_fullmirror_jacc1e-7_standing15_s42/model_10000.pt,td3,"['velocity', 'orientation', 'height']",8,42,0.0802474394440651,0.09218257665634155,0.11980949342250824,0.07145681977272034,0.09008309990167618,0.48,0.0,300.5,0.9315385222434998,0.716034471988678,32.88483810424805,37.59133529663086,30.23243522644043,70.34078216552734,41.78523254394531,19092.27734375,51955.69921875,11238.73046875,29753.634765625,0.1790086179971695,0.033915139734745026,0.017659228295087814,0.005539171863347292,0.3659689128398895,216.01495361328125,0.8120442628860474,0.5417529151050017,4936.67822265625,12.380903352698674,0.22575868666172028,0.0022818404249846935,0.5406546990496304,0.6,4,0.5
/home/iams/ramlab_ws/src/unitree_rl_mjlab/logs/rsl_rl/h1_2_velocity_a1_v2/2026-08-26_10-02-56_a1a_fullmirror_jacc1e-7_standing15_s42/model_10000.pt,td3,"['velocity', 'orientation', 'height']",8,43,0.08034000545740128,0.09215426445007324,0.12054479867219925,0.07153536379337311,0.09008926153182983,0.48,0.0,300.5,0.9317561984062195,0.716120719909668,32.90175247192383,37.6118278503418,30.24606704711914,72.22586822509766,41.74903869628906,19100.806640625,51813.41015625,11252.75390625,29551.720703125,0.179030179977417,0.03392820805311203,0.01766209490597248,0.005545421969145536,0.36639299988746643,216.2154541015625,0.8110156059265137,0.5421859754391765,4936.9462890625,12.37998048002943,0.22598443925380707,0.0022959979251027107,0.540084388185654,0.6,4,0.5
/home/iams/ramlab_ws/src/unitree_rl_mjlab/logs/rsl_rl/h1_2_velocity_a1_v2/2026-08-26_10-02-56_a1a_fullmirror_jacc1e-7_standing15_s42/model_10000.pt,td3,"['velocity', 'orientation', 'height']",8,42,0.1194133386015892,0.12254470586776733,0.19475413858890533,0.11201634258031845,0.12356565147638321,0.5,0.0,300.5,1.0212818384170532,0.7169727683067322,39.539207458496094,41.508235931396484,39.37592315673828,68.41162109375,50.459495544433594,18302.32421875,45108.73828125,12425.181640625,33439.4921875,0.17924319207668304,0.04202596843242645,0.025394704192876816,0.008913402445614338,0.4845614731311798,290.0944519042969,0.7069531083106995,0.653326021089,5571.302734375,12.547212964745071,0.30940064787864685,0.004220772068947554,0.582701062215478,0.7,4,0.5
/home/iams/ramlab_ws/src/unitree_rl_mjlab/logs/rsl_rl/h1_2_velocity_a1_v2/2026-08-26_10-02-56_a1a_fullmirror_jacc1e-7_standing15_s42/model_10000.pt,td3,"['velocity', 'orientation', 'height']",8,43,0.1178211197257042,0.11951475590467453,0.19774946570396423,0.11263453215360641,0.12059657275676727,0.44,0.0,300.5,1.0113424062728882,0.7076593041419983,38.96598815917969,40.787208557128906,38.91877365112305,67.57588958740234,50.97026824951172,17947.603515625,44038.32421875,12160.76953125,31325.384765625,0.17691482603549957,0.04152994975447655,0.02458919584751129,0.00870929379016161,0.4800361692905426,284.4474182128906,0.7196875214576721,0.6433055442386929,5512.37646484375,12.466777845999713,0.30687737464904785,0.00428527919575572,0.6021168169345354,0.7,4,0.5
/home/iams/ramlab_ws/src/unitree_rl_mjlab/logs/rsl_rl/h1_2_velocity_a1_v2/2026-08-26_10-02-56_a1a_fullmirror_jacc1e-7_standing15_s42/model_10000.pt,td3,"['velocity', 'orientation', 'height']",8,42,0.14955627918243408,0.16031254827976227,0.24805760383605957,0.14295510947704315,0.16670657694339752,0.52,0.00015624999650754035,292.5066223144531,1.147762417793274,0.8078355193138123,50.16983413696289,57.35145950317383,46.094974517822266,86.20806121826172,60.92314147949219,20810.177734375,39645.546875,20244.033203125,37646.640625,0.20195887982845306,0.05367489531636238,0.03586750477552414,0.011015966534614563,0.5330901145935059,400.3426818847656,0.531822919845581,0.852824986846195,6570.28125,13.996259565788732,0.4662769138813019,0.017924098297953606,0.47030006123698714,0.8,4,0.5
/home/iams/ramlab_ws/src/unitree_rl_mjlab/logs/rsl_rl/h1_2_velocity_a1_v2/2026-08-26_10-02-56_a1a_fullmirror_jacc1e-7_standing15_s42/model_10000.pt,td3,"['velocity', 'orientation', 'height']",8,43,0.15021856129169464,0.16245533525943756,0.24333220720291138,0.14355984330177307,0.16827039420604706,0.52,0.0001822916674427688,290.6717834472656,1.1592388153076172,0.8170356154441833,50.71858215332031,58.14710998535156,46.465763092041016,88.81055450439453,61.82518005371094,21041.986328125,38498.4296875,20407.154296875,38830.16015625,0.20425890386104584,0.05365963652729988,0.03577132895588875,0.011236230842769146,0.5351976156234741,405.5513916015625,0.5319140553474426,0.8588058936244467,6590.73046875,13.956696939956526,0.46646493673324585,0.015796437859535217,0.46531354135110575,0.8,4,0.5
/home/iams/ramlab_ws/src/unitree_rl_mjlab/logs/rsl_rl/h1_2_velocity_a1_v2/2026-08-26_10-02-56_a1a_fullmirror_jacc1e-7_standing15_s42/model_10000.pt,td3,"['velocity', 'orientation', 'height']",8,42,0.1732463538646698,0.15094536542892456,0.3065549433231354,0.16850095987319946,0.1481523960828781,0.52,0.00023437499476131052,283.93896484375,1.2600257396697998,0.9046221375465393,55.049434661865234,63.49801254272461,50.103546142578125,85.86258697509766,63.22828674316406,24089.736328125,43564.24609375,23088.203125,35409.76171875,0.22615553438663483,0.060665443539619446,0.03758615627884865,0.012218472547829151,0.5581486225128174,451.87921142578125,0.5342708230018616,0.9346335438395054,6927.00439453125,14.327302753412846,0.5177654027938843,0.03401710093021393,0.43611584327086883,0.9,4,0.5
/home/iams/ramlab_ws/src/unitree_rl_mjlab/logs/rsl_rl/h1_2_velocity_a1_v2/2026-08-26_10-02-56_a1a_fullmirror_jacc1e-7_standing15_s42/model_10000.pt,td3,"['velocity', 'orientation', 'height']",8,43,0.1736258864402771,0.14740346372127533,0.30476823449134827,0.1708814948797226,0.15160521864891052,0.6,0.0003906250058207661,278.3323974609375,1.262485146522522,0.8986523747444153,54.63296127319336,62.078956604003906,50.464500427246094,86.59428405761719,63.37840270996094,24188.291015625,43693.5,22242.65625,34229.22265625,0.22466309368610382,0.060336075723171234,0.037702202796936035,0.012658653780817986,0.5618993043899536,452.3934326171875,0.5389453172683716,0.938174266024257,6833.2841796875,14.170876284619625,0.5084445476531982,0.03362000361084938,0.44226893175928594,0.9,4,0.5
/home/iams/ramlab_ws/src/unitree_rl_mjlab/logs/rsl_rl/h1_2_velocity_a1_v2/2026-08-26_10-02-56_a1a_fullmirror_jacc1e-7_standing15_s42/model_10000.pt,td3,"['velocity', 'orientation', 'height']",8,42,0.0703287348151207,0.05936824902892113,0.09919840097427368,0.05709604173898697,0.05821580812335014,0.68,0.0,300.5,0.9786272048950195,0.8656123876571655,33.45784378051758,45.87314987182617,24.422718048095703,99.80193328857422,33.568115234375,25855.9296875,80618.3515625,14632.470703125,34960.43359375,0.21640309691429138,0.030088277533650398,0.013772975653409958,0.004665345419198275,0.2818848788738251,189.45538330078125,0.9478254914283752,0.5813056275032783,4501.39892578125,13.811632951946594,0.2393607795238495,0.0008900604443624616,0.3420173680694723,0.35,8,0.5
/home/iams/ramlab_ws/src/unitree_rl_mjlab/logs/rsl_rl/h1_2_velocity_a1_v2/2026-08-26_10-02-56_a1a_fullmirror_jacc1e-7_standing15_s42/model_10000.pt,td3,"['velocity', 'orientation', 'height']",8,43,0.0704452320933342,0.05791081115603447,0.09853959828615189,0.0571044385433197,0.058125659823417664,0.76,0.0,300.5,0.9735170602798462,0.8602451682090759,33.41685485839844,45.89417266845703,24.342090606689453,105.6024398803711,33.352691650390625,25610.72265625,80135.8046875,14712.8544921875,34952.41015625,0.21506129205226898,0.02958887815475464,0.01367197185754776,0.0046711028553545475,0.2791514992713928,186.98545837402344,0.9489583373069763,0.5747560434241333,4441.4560546875,13.652152803242448,0.23984959721565247,0.0008912338525988162,0.3422459893048128,0.35,8,0.5
/home/iams/ramlab_ws/src/unitree_rl_mjlab/logs/rsl_rl/h1_2_velocity_a1_v2/2026-08-26_10-02-56_a1a_fullmirror_jacc1e-7_standing15_s42/model_10000.pt,td3,"['velocity', 'orientation', 'height']",8,42,0.06881021708250046,0.06592811644077301,0.0908367782831192,0.05626317858695984,0.06429129093885422,0.58,0.0,300.5,0.880744457244873,0.7829140424728394,30.45490264892578,40.844207763671875,22.94911003112793,74.11843872070312,28.921045303344727,21267.875,58336.8046875,12122.830078125,28227.51953125,0.19572851061820984,0.031212838366627693,0.014907005243003368,0.004686627071350813,0.2876872420310974,189.44374084472656,0.9861848950386047,0.5756463957714747,4728.37646484375,14.367709047528335,0.2474503517150879,0.0006209856364876032,0.38680433140266934,0.4,8,0.5
/home/iams/ramlab_ws/src/unitree_rl_mjlab/logs/rsl_rl/h1_2_velocity_a1_v2/2026-08-26_10-02-56_a1a_fullmirror_jacc1e-7_standing15_s42/model_10000.pt,td3,"['velocity', 'orientation', 'height']",8,43,0.06881993263959885,0.06594593822956085,0.09068319946527481,0.05626695603132248,0.06431082636117935,0.58,0.0,300.5,0.8806791305541992,0.7828883528709412,30.4787654876709,40.904441833496094,22.9440860748291,74.15848541259766,28.84828758239746,21254.669921875,58233.73046875,12165.1923828125,28606.43359375,0.1957220882177353,0.031215133145451546,0.014905423857271671,0.004687568172812462,0.28771546483039856,189.44351196289062,0.9861719012260437,0.5756614335139006,4728.7998046875,14.36938822135999,0.24744509160518646,0.0006193428998813033,0.38690176322418135,0.4,8,0.5
/home/iams/ramlab_ws/src/unitree_rl_mjlab/logs/rsl_rl/h1_2_velocity_a1_v2/2026-08-26_10-02-56_a1a_fullmirror_jacc1e-7_standing15_s42/model_10000.pt,td3,"['velocity', 'orientation', 'height']",8,42,0.06686313450336456,0.07336042076349258,0.0932251513004303,0.05449331924319267,0.07200568914413452,0.6,0.0,300.5,0.8410969376564026,0.7334305047988892,29.350679397583008,38.439842224121094,22.9344539642334,74.70178985595703,30.3098201751709,20417.37109375,66959.3984375,11396.833984375,28071.951171875,0.1833576261997223,0.03190644085407257,0.015481701120734215,0.004620273131877184,0.2875218689441681,186.9569091796875,0.9379687309265137,0.5519685385097102,4908.2412109375,14.491011401647626,0.24570658802986145,0.0009573237039148808,0.4357446808510638,0.45,8,0.5
/home/iams/ramlab_ws/src/unitree_rl_mjlab/logs/rsl_rl/h1_2_velocity_a1_v2/2026-08-26_10-02-56_a1a_fullmirror_jacc1e-7_standing15_s42/model_10000.pt,td3,"['velocity', 'orientation', 'height']",8,43,0.06687317043542862,0.07160338759422302,0.08910909295082092,0.054750021547079086,0.0708608403801918,0.56,0.0,300.5,0.8396148681640625,0.730570912361145,29.021516799926758,37.622520446777344,23.00926399230957,74.42448425292969,30.02703285217285,20309.830078125,63526.8359375,11034.720703125,27260.25,0.18264272809028625,0.031148631125688553,0.015394408255815506,0.0046770344488322735,0.28818440437316895,186.2444610595703,0.9394010305404663,0.5505457698507127,4886.83642578125,14.44567555738539,0.24414587020874023,0.0009542112238705158,0.4435460583309269,0.45,8,0.5
/home/iams/ramlab_ws/src/unitree_rl_mjlab/logs/rsl_rl/h1_2_velocity_a1_v2/2026-08-26_10-02-56_a1a_fullmirror_jacc1e-7_standing15_s42/model_10000.pt,td3,"['velocity', 'orientation', 'height']",8,42,0.06635885685682297,0.07899866998195648,0.09452132135629654,0.05437295883893967,0.07676706463098526,0.64,0.0,300.5,0.8381772041320801,0.7036985158920288,29.922731399536133,37.96181106567383,24.504981994628906,73.68680572509766,31.242860794067383,19282.6796875,61537.390625,11739.8046875,26676.154296875,0.1759246289730072,0.03168681636452675,0.017627092078328133,0.004570797085762024,0.30568426847457886,191.70779418945312,0.9067578315734863,0.5513430712293352,5112.0751953125,14.702100468777635,0.23822100460529327,0.001237679971382022,0.47613143211407316,0.5,8,0.5
/home/iams/ramlab_ws/src/unitree_rl_mjlab/logs/rsl_rl/h1_2_velocity_a1_v2/2026-08-26_10-02-56_a1a_fullmirror_jacc1e-7_standing15_s42/model_10000.pt,td3,"['velocity', 'orientation', 'height']",8,43,0.06635270267724991,0.07900594174861908,0.09461066871881485,0.054352108389139175,0.07677719742059708,0.64,0.0,300.5,0.8381624817848206,0.7037382125854492,29.902873992919922,37.91751480102539,24.504535675048828,73.13298034667969,31.463077545166016,19277.646484375,61991.0234375,11706.9443359375,26878.029296875,0.1759345531463623,0.03168289363384247,0.017632827162742615,0.004569842014461756,0.30564185976982117,191.65248107910156,0.9071744680404663,0.5511971288490771,5111.98681640625,14.702196941471856,0.23810943961143494,0.001235481700859964,0.47687053710027943,0.5,8,0.5
/home/iams/ramlab_ws/src/unitree_rl_mjlab/logs/rsl_rl/h1_2_velocity_a1_v2/2026-08-26_10-02-56_a1a_fullmirror_jacc1e-7_standing15_s42/model_10000.pt,td3,"['velocity', 'orientation', 'height']",8,42,0.07012921571731567,0.08586140722036362,0.10057328641414642,0.059198856353759766,0.08410458266735077,0.5,0.0,300.5,0.8724510073661804,0.6945048570632935,30.25800132751465,35.253868103027344,27.40045928955078,67.36309051513672,35.71501159667969,18634.51953125,60297.65625,10221.150390625,26796.71484375,0.17362621426582336,0.032373469322919846,0.018947288393974304,0.004987649619579315,0.3358401954174042,203.3442840576172,0.849596381187439,0.5525361548829427,5245.0302734375,14.252030771450459,0.2289498895406723,0.0023289229720830917,0.5229826353421859,0.55,8,0.5
/home/iams/ramlab_ws/src/unitree_rl_mjlab/logs/rsl_rl/h1_2_velocity_a1_v2/2026-08-26_10-02-56_a1a_fullmirror_jacc1e-7_standing15_s42/model_10000.pt,td3,"['velocity', 'orientation', 'height']",8,43,0.07021339237689972,0.08389729261398315,0.10004431754350662,0.05955302342772484,0.08350198715925217,0.56,0.0,300.5,0.8748760223388672,0.6972547769546509,30.137313842773438,34.94601058959961,27.422903060913086,67.80223846435547,35.64334487915039,19025.14453125,60203.6328125,10090.0771484375,26681.4765625,0.17431369423866272,0.03165881335735321,0.018732940778136253,0.0049890573136508465,0.33492007851600647,201.36460876464844,0.8518619537353516,0.5487908981005247,5215.05322265625,14.212893604893642,0.22627858817577362,0.002350962720811367,0.523517382413088,0.55,8,0.5
/home/iams/ramlab_ws/src/unitree_rl_mjlab/logs/rsl_rl/h1_2_velocity_a1_v2/2026-08-26_10-02-56_a1a_fullmirror_jacc1e-7_standing15_s42/model_10000.pt,td3,"['velocity', 'orientation', 'height']",8,42,0.09035176038742065,0.09321202337741852,0.13524504005908966,0.08256221562623978,0.09141092002391815,0.48,0.0,300.5,0.9546014666557312,0.7252742648124695,34.02193832397461,38.14874267578125,31.858030319213867,69.164306640625,43.32288360595703,19314.2578125,52113.98828125,11449.2783203125,29812.228515625,0.18131856620311737,0.03864258527755737,0.021146323531866074,0.006658127531409264,0.38892677426338196,232.79244995117188,0.796471357345581,0.5701247942743606,5457.08349609375,13.364772503388226,0.2505299150943756,0.0034874454140663147,0.5406546990496304,0.6,8,0.5
/home/iams/ramlab_ws/src/unitree_rl_mjlab/logs/rsl_rl/h1_2_velocity_a1_v2/2026-08-26_10-02-56_a1a_fullmirror_jacc1e-7_standing15_s42/model_10000.pt,td3,"['velocity', 'orientation', 'height']",8,43,0.09051799774169922,0.09326647222042084,0.13594572246074677,0.08275239169597626,0.09153679013252258,0.48,0.0,300.5,0.9550545811653137,0.7255432605743408,34.135711669921875,38.348419189453125,31.904356002807617,69.72528076171875,43.467891693115234,19321.501953125,52196.9296875,11543.3310546875,30369.701171875,0.1813858151435852,0.03864815831184387,0.021159036085009575,0.006662456318736076,0.3893027603626251,233.00299072265625,0.7950130105018616,0.5703616727722556,5459.21435546875,13.363461402992195,0.25075414776802063,0.003504018299281597,0.5381920112123336,0.6,8,0.5
/home/iams/ramlab_ws/src/unitree_rl_mjlab/logs/rsl_rl/h1_2_velocity_a1_v2/2026-08-26_10-02-56_a1a_fullmirror_jacc1e-7_standing15_s42/model_10000.pt,td3,"['velocity', 'orientation', 'height']",8,42,0.12637105584144592,0.1323956400156021,0.21853025257587433,0.1214369609951973,0.13616687059402466,0.52,0.00015624999650754035,291.8294982910156,1.0574275255203247,0.7290350794792175,42.873226165771484,45.68840026855469,42.138282775878906,72.98065185546875,52.43537521362305,19009.19140625,43162.359375,14459.9794921875,33417.91015625,0.18225876986980438,0.04610993713140488,0.03123210184276104,0.010015086270868778,0.508131742477417,333.7107238769531,0.6880078315734863,0.7502472524225903,6358.08837890625,14.29423062009596,0.3537483215332031,0.012884259223937988,0.5549132947976878,0.7,8,0.5
/home/iams/ramlab_ws/src/unitree_rl_mjlab/logs/rsl_rl/h1_2_velocity_a1_v2/2026-08-26_10-02-56_a1a_fullmirror_jacc1e-7_standing15_s42/model_10000.pt,td3,"['velocity', 'orientation', 'height']",8,43,0.12139131128787994,0.12548746168613434,0.21677081286907196,0.11728479713201523,0.12632617354393005,0.46,0.0001302083401242271,292.0276184082031,1.033626914024353,0.7105461359024048,41.4741325378418,43.735660552978516,41.16267395019531,70.8718032836914,52.65578842163086,18331.625,42452.1640625,13745.9423828125,31265.82421875,0.1776365339756012,0.04404565319418907,0.029805151745676994,0.009421114809811115,0.49868327379226685,315.0262145996094,0.7007812261581421,0.7154561084976496,6171.400390625,14.015868716179686,0.3400123715400696,0.010915940627455711,0.5707915273132664,0.7,8,0.5
/home/iams/ramlab_ws/src/unitree_rl_mjlab/logs/rsl_rl/h1_2_velocity_a1_v2/2026-08-26_10-02-56_a1a_fullmirror_jacc1e-7_standing15_s42/model_10000.pt,td3,"['velocity', 'orientation', 'height']",8,42,0.16674461960792542,0.16210195422172546,0.24947896599769592,0.1634020358324051,0.17074042558670044,0.52,0.00015624999650754035,294.3741760253906,1.148484230041504,0.7990580201148987,49.746543884277344,55.48401641845703,46.845558166503906,86.63668060302734,60.62312698364258,20509.357421875,38728.06640625,19300.638671875,37113.71875,0.19976450502872467,0.0563829280436039,0.038996677845716476,0.012238658033311367,0.5423725843429565,419.6457214355469,0.5255599021911621,0.8692944837264943,7155.8935546875,14.823406171363006,0.4914206564426422,0.02452002838253975,0.47731510254816656,0.8,8,0.5
/home/iams/ramlab_ws/src/unitree_rl_mjlab/logs/rsl_rl/h1_2_velocity_a1_v2/2026-08-26_10-02-56_a1a_fullmirror_jacc1e-7_standing15_s42/model_10000.pt,td3,"['velocity', 'orientation', 'height']",8,43,0.16327348351478577,0.16433300077915192,0.2539229989051819,0.1587008833885193,0.1729288548231125,0.52,0.00010416666918899864,293.9681396484375,1.1512302160263062,0.8030489683151245,49.89960479736328,55.615936279296875,47.03630447387695,84.86528778076172,60.62429428100586,20441.3125,38134.49609375,19493.224609375,36898.01953125,0.20076224207878113,0.05592676252126694,0.03884204849600792,0.012240374460816383,0.5421169400215149,417.3800048828125,0.5256249904632568,0.8670380468695951,7176.0634765625,14.907087308803018,0.4882201552391052,0.022194596007466316,0.48120300751879697,0.8,8,0.5
/home/iams/ramlab_ws/src/unitree_rl_mjlab/logs/rsl_rl/h1_2_velocity_a1_v2/2026-08-26_10-02-56_a1a_fullmirror_jacc1e-7_standing15_s42/model_10000.pt,td3,"['velocity', 'orientation', 'height']",8,42,0.17648406326770782,0.15517741441726685,0.32091256976127625,0.17216479778289795,0.15024401247501373,0.52,0.00033854166395030916,280.886962890625,1.261393427848816,0.8962895274162292,54.2287712097168,60.9808349609375,50.641395568847656,83.78816986083984,63.354557037353516,23656.30078125,43209.15234375,21941.15625,33221.81640625,0.2240723818540573,0.06507682800292969,0.04207932949066162,0.013102837838232517,0.5634213089942932,467.8404235839844,0.533007800579071,0.9672188803818422,7443.53662109375,15.38885726434661,0.536686897277832,0.034184474498033524,0.4378563283922463,0.9,8,0.5
/home/iams/ramlab_ws/src/unitree_rl_mjlab/logs/rsl_rl/h1_2_velocity_a1_v2/2026-08-26_10-02-56_a1a_fullmirror_jacc1e-7_standing15_s42/model_10000.pt,td3,"['velocity', 'orientation', 'height']",8,43,0.17736507952213287,0.14235590398311615,0.29930737614631653,0.17227835953235626,0.14738674461841583,0.62,0.0002864583220798522,280.6806335449219,1.23068368434906,0.871749758720398,52.829952239990234,58.63874435424805,49.952632904052734,83.2496566772461,62.681800842285156,23011.15234375,41922.44921875,21028.626953125,33756.94921875,0.2179374396800995,0.06114863604307175,0.040613804012537,0.012743976898491383,0.5559452176094055,446.0899963378906,0.5379036664962769,0.9284629932768829,7226.40576171875,15.040576129471923,0.5180860757827759,0.03460223600268364,0.4456048738033072,0.9,8,0.5
/home/iams/ramlab_ws/src/unitree_rl_mjlab/logs/rsl_rl/h1_2_velocity_a1_v2/2026-08-26_10-02-56_a1a_fullmirror_jacc1e-7_standing15_s42/model_10000.pt,td3,"['velocity', 'orientation', 'height']",8,42,0.0773208886384964,0.056143466383218765,0.10281166434288025,0.06336835771799088,0.054817117750644684,0.7000000000000001,0.0,300.5,0.9977911114692688,0.8787239789962769,32.815521240234375,44.225955963134766,24.603471755981445,92.41754913330078,32.76107406616211,26246.990234375,79153.7265625,14305.9833984375,36254.1171875,0.2196809947490692,0.030979251489043236,0.016586413607001305,0.004952521529048681,0.2924191653728485,195.1045379638672,0.9539843797683716,0.6035552170904898,4962.22265625,15.350618223382739,0.25093892216682434,0.0016954686725512147,0.3420935412026726,0.35,12,0.5
/home/iams/ramlab_ws/src/unitree_rl_mjlab/logs/rsl_rl/h1_2_velocity_a1_v2/2026-08-26_10-02-56_a1a_fullmirror_jacc1e-7_standing15_s42/model_10000.pt,td3,"['velocity', 'orientation', 'height']",8,43,0.07755837589502335,0.05459912493824959,0.10219961404800415,0.06344383209943771,0.05463028326630592,0.76,0.0,300.5,0.9924255013465881,0.8733500242233276,32.766990661621094,44.25687026977539,24.495920181274414,96.4150390625,32.91386795043945,26043.291015625,78555.7421875,14396.8310546875,37263.44140625,0.2183375060558319,0.030473757535219193,0.0164568480104208,0.00494912127032876,0.289951890707016,192.5070343017578,0.9555338621139526,0.5967116365967597,4894.81787109375,15.172407434793227,0.2518326938152313,0.0016996710328385234,0.34239857333927776,0.35,12,0.5
/home/iams/ramlab_ws/src/unitree_rl_mjlab/logs/rsl_rl/h1_2_velocity_a1_v2/2026-08-26_10-02-56_a1a_fullmirror_jacc1e-7_standing15_s42/model_10000.pt,td3,"['velocity', 'orientation', 'height']",8,42,0.07453610748052597,0.0623038113117218,0.09311399608850479,0.06149466335773468,0.06053836643695831,0.76,0.0,300.5,0.9046569466590881,0.7982767820358276,29.517961502075195,38.04826354980469,23.559534072875977,68.4383544921875,29.205541610717773,22085.609375,62542.640625,10847.556640625,30017.55859375,0.1995691955089569,0.03332258388400078,0.01865864358842373,0.005231373477727175,0.3026351034641266,200.40426635742188,0.978919267654419,0.6121940787232855,5300.5810546875,16.192188317469636,0.2742709219455719,0.0016064373776316643,0.38651233014594866,0.4,12,0.5
/home/iams/ramlab_ws/src/unitree_rl_mjlab/logs/rsl_rl/h1_2_velocity_a1_v2/2026-08-26_10-02-56_a1a_fullmirror_jacc1e-7_standing15_s42/model_10000.pt,td3,"['velocity', 'orientation', 'height']",8,43,0.07452680915594101,0.062300439924001694,0.09317867457866669,0.06149395927786827,0.06053633615374565,0.76,0.0,300.5,0.9047020077705383,0.7983165383338928,29.562894821166992,38.145565032958984,23.56267738342285,68.55453491210938,29.172088623046875,22088.8359375,62564.296875,10921.8662109375,29995.732421875,0.1995791345834732,0.03332876041531563,0.01865866407752037,0.005231309216469526,0.3026105761528015,200.39913940429688,0.9789583086967468,0.6121539641996121,5300.62158203125,16.19166980946691,0.27429312467575073,0.0016070881392806768,0.38660961490057894,0.4,12,0.5
/home/iams/ramlab_ws/src/unitree_rl_mjlab/logs/rsl_rl/h1_2_velocity_a1_v2/2026-08-26_10-02-56_a1a_fullmirror_jacc1e-7_standing15_s42/model_10000.pt,td3,"['velocity', 'orientation', 'height']",8,42,0.07110290229320526,0.07108189165592194,0.10838879644870758,0.05822334811091423,0.06957574188709259,0.62,0.0,300.5,0.8656342029571533,0.7473275065422058,30.194652557373047,39.15364074707031,23.957063674926758,75.74661254882812,30.5589542388916,21008.853515625,68527.0,12090.2333984375,28029.53515625,0.18683187663555145,0.03491826355457306,0.019103793427348137,0.005153650417923927,0.30499404668807983,200.3878936767578,0.929492175579071,0.5947242986580051,5451.30810546875,16.178747882326054,0.2673991620540619,0.0014479100937023759,0.43463497453310695,0.45,12,0.5
/home/iams/ramlab_ws/src/unitree_rl_mjlab/logs/rsl_rl/h1_2_velocity_a1_v2/2026-08-26_10-02-56_a1a_fullmirror_jacc1e-7_standing15_s42/model_10000.pt,td3,"['velocity', 'orientation', 'height']",8,43,0.07099635154008865,0.06923513114452362,0.10440472513437271,0.058503735810518265,0.06841419637203217,0.56,0.0,300.5,0.8634387850761414,0.744152843952179,29.8908634185791,38.43932342529297,23.992206573486328,73.97209930419922,30.318279266357422,20924.576171875,64949.6796875,11813.537109375,27383.966796875,0.18603821098804474,0.03409083932638168,0.0190007071942091,0.005199496168643236,0.30572575330734253,199.51223754882812,0.9317448139190674,0.5927987546670602,5425.3134765625,16.119909622168567,0.26556286215782166,0.0014375728787854314,0.4436741767764298,0.45,12,0.5
/home/iams/ramlab_ws/src/unitree_rl_mjlab/logs/rsl_rl/h1_2_velocity_a1_v2/2026-08-26_10-02-56_a1a_fullmirror_jacc1e-7_standing15_s42/model_10000.pt,td3,"['velocity', 'orientation', 'height']",8,42,0.06972377747297287,0.07691281288862228,0.10363861173391342,0.057346172630786896,0.07469461113214493,0.66,0.0,300.5,0.8687005639076233,0.7204527854919434,29.435754776000977,35.3032112121582,25.82774543762207,70.20559692382812,33.89556121826172,19558.55859375,69826.96875,10348.05859375,26052.767578125,0.18011319637298584,0.03439654782414436,0.021827278658747673,0.0053045921958982944,0.3254108726978302,206.11244201660156,0.8944140672683716,0.5930819156185194,5700.6708984375,16.403499594959914,0.2621147334575653,0.0019198061199858785,0.4780578898225957,0.5,12,0.5
/home/iams/ramlab_ws/src/unitree_rl_mjlab/logs/rsl_rl/h1_2_velocity_a1_v2/2026-08-26_10-02-56_a1a_fullmirror_jacc1e-7_standing15_s42/model_10000.pt,td3,"['velocity', 'orientation', 'height']",8,43,0.06972143799066544,0.07691603899002075,0.10342466086149216,0.057349253445863724,0.07472127676010132,0.66,0.0,300.5,0.8687471151351929,0.7203775644302368,29.43442726135254,35.28752136230469,25.838897705078125,70.22496795654297,33.97337341308594,19548.337890625,69806.40625,10340.65625,25771.712890625,0.1800943911075592,0.03440084308385849,0.021828580647706985,0.005307159386575222,0.32552382349967957,206.14309692382812,0.8945052027702332,0.5931720584650302,5700.373046875,16.402693390340865,0.262197881937027,0.0019215514184907079,0.47820672478206727,0.5,12,0.5
/home/iams/ramlab_ws/src/unitree_rl_mjlab/logs/rsl_rl/h1_2_velocity_a1_v2/2026-08-26_10-02-56_a1a_fullmirror_jacc1e-7_standing15_s42/model_10000.pt,td3,"['velocity', 'orientation', 'height']",8,42,0.07183181494474411,0.08398110419511795,0.12794703245162964,0.0604020394384861,0.08225572854280472,0.68,0.0,300.5,0.8951483368873596,0.7037144899368286,31.073902130126953,35.734493255615234,28.52985382080078,66.98422241210938,36.37134552001953,18824.19140625,58555.26953125,10628.5234375,28020.978515625,0.17592862248420715,0.03586524352431297,0.023079559206962585,0.00560523197054863,0.35507598519325256,218.0339813232422,0.8358203172683716,0.5906627132089082,5834.40478515625,15.805632751905504,0.25917530059814453,0.0029125409200787544,0.5219164118246687,0.55,12,0.5
/home/iams/ramlab_ws/src/unitree_rl_mjlab/logs/rsl_rl/h1_2_velocity_a1_v2/2026-08-26_10-02-56_a1a_fullmirror_jacc1e-7_standing15_s42/model_10000.pt,td3,"['velocity', 'orientation', 'height']",8,43,0.0717417374253273,0.08214190602302551,0.1269151121377945,0.06073909252882004,0.08155493438243866,0.58,0.0,300.5,0.8967183232307434,0.7056639194488525,31.04997444152832,35.70744323730469,28.49821662902832,67.00654602050781,36.47364807128906,19175.2890625,59894.4296875,10731.7978515625,27648.208984375,0.17641597986221313,0.035176701843738556,0.022887451574206352,0.0055968319065868855,0.35409221053123474,215.51490783691406,0.8367838263511658,0.5856398847719401,5802.26318359375,15.767063323768364,0.25574710965156555,0.002918385900557041,0.5203252032520326,0.55,12,0.5
/home/iams/ramlab_ws/src/unitree_rl_mjlab/logs/rsl_rl/h1_2_velocity_a1_v2/2026-08-26_10-02-56_a1a_fullmirror_jacc1e-7_standing15_s42/model_10000.pt,td3,"['velocity', 'orientation', 'height']",8,42,0.09338459372520447,0.09639570116996765,0.15128476917743683,0.08541655540466309,0.09583541005849838,0.52,2.604166729724966e-05,298.14990234375,0.971799910068512,0.7244559526443481,36.12527084350586,40.47291946411133,33.871742248535156,69.95287322998047,44.89295196533203,19491.6640625,55699.80859375,12712.447265625,31217.189453125,0.18111398816108704,0.04060834273695946,0.02601734735071659,0.007248045410960913,0.4123357832431793,251.77687072753906,0.7765364646911621,0.6214781913807741,6138.9326171875,15.153149503838723,0.2772078812122345,0.005444529000669718,0.5281980742778541,0.6,12,0.5
/home/iams/ramlab_ws/src/unitree_rl_mjlab/logs/rsl_rl/h1_2_velocity_a1_v2/2026-08-26_10-02-56_a1a_fullmirror_jacc1e-7_standing15_s42/model_10000.pt,td3,"['velocity', 'orientation', 'height']",8,43,0.0937957614660263,0.09629704803228378,0.15219061076641083,0.08592629432678223,0.0956423357129097,0.52,2.604166729724966e-05,298.1531677246094,0.972558856010437,0.7248517274856567,36.156288146972656,40.427711486816406,33.96702194213867,69.7803726196289,45.035125732421875,19531.6015625,55055.28515625,12644.5537109375,30827.2578125,0.18121293187141418,0.040611669421195984,0.026006177067756653,0.007229092996567488,0.41312336921691895,252.67747497558594,0.7755468487739563,0.6233347000083969,6142.5361328125,15.153135732032592,0.2782784104347229,0.005715150851756334,0.525487512829285,0.6,12,0.5
/home/iams/ramlab_ws/src/unitree_rl_mjlab/logs/rsl_rl/h1_2_velocity_a1_v2/2026-08-26_10-02-56_a1a_fullmirror_jacc1e-7_standing15_s42/model_10000.pt,td3,"['velocity', 'orientation', 'height']",8,42,0.11793521791696548,0.1287361979484558,0.2092437595129013,0.11079529672861099,0.1316317915916443,0.54,7.812499825377017e-05,297.51104736328125,1.013424038887024,0.6891164779663086,41.00045394897461,42.06360626220703,41.69674301147461,66.59198760986328,51.355167388916016,17555.283203125,39613.0546875,12838.1640625,29859.478515625,0.17227911949157715,0.04551037400960922,0.035467006266117096,0.009766632691025734,0.5018812417984009,319.35968017578125,0.6781119704246521,0.7351426003793534,6823.75,15.707773160805639,0.3734380900859833,0.008764978498220444,0.5767930904994367,0.7,12,0.5
/home/iams/ramlab_ws/src/unitree_rl_mjlab/logs/rsl_rl/h1_2_velocity_a1_v2/2026-08-26_10-02-56_a1a_fullmirror_jacc1e-7_standing15_s42/model_10000.pt,td3,"['velocity', 'orientation', 'height']",8,43,0.11764898896217346,0.126571387052536,0.2089184671640396,0.11204610764980316,0.12789928913116455,0.5,2.604166729724966e-05,299.6050109863281,1.0078511238098145,0.6836856007575989,40.63779830932617,41.53591537475586,41.461273193359375,65.91007232666016,51.77739334106445,17310.271484375,40095.48828125,12699.705078125,29205.158203125,0.17092140018939972,0.044623423367738724,0.03460152819752693,0.009554700925946236,0.5010141730308533,315.770751953125,0.6856510639190674,0.7278360506791315,6780.47021484375,15.628647356802084,0.36908021569252014,0.009290008805692196,0.5802795617680393,0.7,12,0.5
/home/iams/ramlab_ws/src/unitree_rl_mjlab/logs/rsl_rl/h1_2_velocity_a1_v2/2026-08-26_10-02-56_a1a_fullmirror_jacc1e-7_standing15_s42/model_10000.pt,td3,"['velocity', 'orientation', 'height']",8,42,0.19206348061561584,0.16348868608474731,0.2818089425563812,0.18707144260406494,0.16928863525390625,0.54,0.0004947916604578495,269.9693908691406,1.1857095956802368,0.8128021955490112,51.48464584350586,56.91110610961914,48.902286529541016,79.71495056152344,59.647682189941406,21565.017578125,38937.51171875,20243.765625,33447.0703125,0.2032005488872528,0.06595596671104431,0.044513195753097534,0.014145318418741226,0.5630900263786316,456.6553039550781,0.5298437476158142,0.9246365576588347,7894.53857421875,15.984875173704676,0.5345878005027771,0.046566229313611984,0.4685784014643075,0.8,12,0.5
/home/iams/ramlab_ws/src/unitree_rl_mjlab/logs/rsl_rl/h1_2_velocity_a1_v2/2026-08-26_10-02-56_a1a_fullmirror_jacc1e-7_standing15_s42/model_10000.pt,td3,"['velocity', 'orientation', 'height']",8,43,0.1965312361717224,0.16743923723697662,0.2882375419139862,0.19312062859535217,0.17473678290843964,0.54,0.00046874998952262104,274.03326416015625,1.1973068714141846,0.8206941485404968,52.240821838378906,57.626407623291016,49.721099853515625,81.60125732421875,60.850364685058594,21693.236328125,39070.3671875,20519.09765625,34399.9765625,0.2051735371351242,0.06638266891241074,0.04532724246382713,0.014423863030970097,0.5694230794906616,465.8230285644531,0.5269661545753479,0.9352876968130148,8008.9833984375,16.080576449138967,0.5408117771148682,0.04831789806485176,0.46531354135110575,0.8,12,0.5
/home/iams/ramlab_ws/src/unitree_rl_mjlab/logs/rsl_rl/h1_2_velocity_a1_v2/2026-08-26_10-02-56_a1a_fullmirror_jacc1e-7_standing15_s42/model_10000.pt,td3,"['velocity', 'orientation', 'height']",8,42,0.18886031210422516,0.16103485226631165,0.3278234302997589,0.18345947563648224,0.1585240364074707,0.52,0.0005989583441987634,268.8544616699219,1.282577395439148,0.9019542336463928,56.661842346191406,64.84696960449219,51.931739807128906,90.34231567382812,66.04359436035156,24319.873046875,43230.78125,24396.94921875,37937.0859375,0.2254885584115982,0.06922495365142822,0.0458216592669487,0.014231874607503414,0.5729875564575195,491.5825500488281,0.5369921922683716,1.00103661235929,8045.62939453125,16.383755449686653,0.5562787652015686,0.04495101049542427,0.4271412680756396,0.9,12,0.5
/home/iams/ramlab_ws/src/unitree_rl_mjlab/logs/rsl_rl/h1_2_velocity_a1_v2/2026-08-26_10-02-56_a1a_fullmirror_jacc1e-7_standing15_s42/model_10000.pt,td3,"['velocity', 'orientation', 'height']",8,43,0.19349059462547302,0.15282559394836426,0.31652334332466125,0.1924249231815338,0.15869873762130737,0.62,0.00046874998952262104,276.419921875,1.2707020044326782,0.8910841345787048,56.14934158325195,63.42497253417969,52.163482666015625,90.8737564086914,66.68080139160156,23959.533203125,42826.80078125,24030.39453125,37571.34765625,0.2227710336446762,0.0665702074766159,0.04484676197171211,0.014329934492707253,0.5765970349311829,483.2783203125,0.5431380271911621,0.9838055137646715,7963.4599609375,16.211147362018195,0.5423640012741089,0.045274682343006134,0.4278551532033426,0.9,12,0.5
/home/iams/ramlab_ws/src/unitree_rl_mjlab/logs/rsl_rl/h1_2_velocity_a1_v2/2026-08-26_10-02-56_a1a_fullmirror_jacc1e-7_standing15_s42/model_10000.pt,td3,"['velocity', 'orientation', 'height']",8,42,0.14184720814228058,0.08414310216903687,0.09923429787158966,0.09463589638471603,0.08349570631980896,1.2,0.0,300.5,1.2639468908309937,1.089049220085144,49.65818786621094,71.16483306884766,33.89822769165039,139.7707061767578,49.33037185668945,31489.916015625,78204.4296875,22086.349609375,52406.86328125,0.272262305021286,0.03153916820883751,0.012205407954752445,0.007040060590952635,0.466590017080307,399.85821533203125,0.9269400835037231,0.6258824260995566,5935.75830078125,9.291009382887177,0.29283568263053894,0.0003873145906254649,0.340878828229028,0.35,0,1.0
/home/iams/ramlab_ws/src/unitree_rl_mjlab/logs/rsl_rl/h1_2_velocity_a1_v2/2026-08-26_10-02-56_a1a_fullmirror_jacc1e-7_standing15_s42/model_10000.pt,td3,"['velocity', 'orientation', 'height']",8,43,0.1442350298166275,0.08150823414325714,0.10214219242334366,0.0941542237997055,0.08200137317180634,1.28,0.0,300.5,1.2626150846481323,1.0875036716461182,49.82798385620117,71.46466827392578,33.965145111083984,142.1083526611328,49.01549530029297,31289.916015625,77531.9375,22320.8359375,53428.71484375,0.27187591791152954,0.031108980998396873,0.012092836201190948,0.0070127216167747974,0.46515941619873047,396.00775146484375,0.9279817938804626,0.6229334160520461,5877.5126953125,9.245523582546655,0.2925916612148285,0.0003879514697473496,0.340878828229028,0.35,0,1.0
/home/iams/ramlab_ws/src/unitree_rl_mjlab/logs/rsl_rl/h1_2_velocity_a1_v2/2026-08-26_10-02-56_a1a_fullmirror_jacc1e-7_standing15_s42/model_10000.pt,td3,"['velocity', 'orientation', 'height']",8,42,0.14310359954833984,0.09996967017650604,0.08890470117330551,0.0977059155702591,0.09707134962081909,1.18,0.0,300.5,1.1814552545547485,1.0211918354034424,46.33531188964844,64.95415496826172,32.68800354003906,127.59121704101562,45.01432418823242,28190.14453125,71565.9296875,18694.36328125,44089.34375,0.2552979588508606,0.02851208671927452,0.013720364309847355,0.007775483187288046,0.5099706649780273,430.44207763671875,0.9553645849227905,0.6692919321471622,6567.416015625,10.21163842311864,0.3198671042919159,0.00046288908924907446,0.3861236802413273,0.4,0,1.0
/home/iams/ramlab_ws/src/unitree_rl_mjlab/logs/rsl_rl/h1_2_velocity_a1_v2/2026-08-26_10-02-56_a1a_fullmirror_jacc1e-7_standing15_s42/model_10000.pt,td3,"['velocity', 'orientation', 'height']",8,43,0.14309637248516083,0.0999283567070961,0.0888465940952301,0.09770911931991577,0.09703120589256287,1.18,0.0,300.5,1.181200385093689,1.020979881286621,46.36979675292969,65.04605102539062,32.675743103027344,126.07852935791016,44.996212005615234,28172.369140625,71271.21875,18764.98828125,44214.71875,0.2552449703216553,0.02849898673593998,0.013708969578146935,0.0077721960842609406,0.5098711252212524,430.27789306640625,0.9552343487739563,0.6690417141409875,6565.1806640625,10.208238893008213,0.31972894072532654,0.0004613728087861091,0.3862207694241891,0.4,0,1.0
/home/iams/ramlab_ws/src/unitree_rl_mjlab/logs/rsl_rl/h1_2_velocity_a1_v2/2026-08-26_10-02-56_a1a_fullmirror_jacc1e-7_standing15_s42/model_10000.pt,td3,"['velocity', 'orientation', 'height']",8,42,0.13712149858474731,0.11400389671325684,0.10665950179100037,0.09380746632814407,0.11049777269363403,1.08,0.0,300.5,1.1908077001571655,1.011365532875061,46.68573760986328,63.87837219238281,34.26259994506836,119.229736328125,47.49373245239258,28540.951171875,78195.03125,18257.4453125,42973.03515625,0.25284138321876526,0.030862852931022644,0.016938112676143646,0.0077643622644245625,0.5287851691246033,470.9856872558594,0.9093099236488342,0.7141490585803469,7334.21240234375,11.120765663632074,0.3314189910888672,0.000711394939571619,0.4326760563380282,0.45,0,1.0
/home/iams/ramlab_ws/src/unitree_rl_mjlab/logs/rsl_rl/h1_2_velocity_a1_v2/2026-08-26_10-02-56_a1a_fullmirror_jacc1e-7_standing15_s42/model_10000.pt,td3,"['velocity', 'orientation', 'height']",8,43,0.13661135733127594,0.10616984963417053,0.10450495034456253,0.09418030828237534,0.10705869644880295,1.02,0.0,300.5,1.191162347793579,1.0105270147323608,46.61751937866211,63.54964828491211,34.4069938659668,121.30033111572266,48.0009880065918,28532.01953125,77856.046875,18145.455078125,42263.9296875,0.2526317536830902,0.030300315469503403,0.016829820349812508,0.007771776523441076,0.5264405608177185,468.8594665527344,0.9129036664962769,0.7131614972596154,7303.9091796875,11.109655059596598,0.33355513215065,0.0007041081553325057,0.4406196213425129,0.45,0,1.0
/home/iams/ramlab_ws/src/unitree_rl_mjlab/logs/rsl_rl/h1_2_velocity_a1_v2/2026-08-26_10-02-56_a1a_fullmirror_jacc1e-7_standing15_s42/model_10000.pt,td3,"['velocity', 'orientation', 'height']",8,42,0.12771664559841156,0.12104696780443192,0.13644620776176453,0.08591897040605545,0.11428382992744446,0.9400000000000001,0.0,300.5,1.292540431022644,1.0607150793075562,49.92949676513672,63.76647186279297,40.59046936035156,105.37236022949219,51.36806869506836,29154.23828125,77114.9609375,17865.650390625,39463.4375,0.26517876982688904,0.03393004089593887,0.022367877885699272,0.0072923325933516026,0.5596944093704224,522.4480590820312,0.8431380391120911,0.7576981196374912,8013.95654296875,11.622513764695706,0.3291648328304291,0.0015203597722575068,0.4641885766092475,0.5,0,1.0
/home/iams/ramlab_ws/src/unitree_rl_mjlab/logs/rsl_rl/h1_2_velocity_a1_v2/2026-08-26_10-02-56_a1a_fullmirror_jacc1e-7_standing15_s42/model_10000.pt,td3,"['velocity', 'orientation', 'height']",8,43,0.12766626477241516,0.1212603747844696,0.13533087074756622,0.08582653105258942,0.11459261924028397,0.9400000000000001,0.0,300.5,1.2917786836624146,1.060534119606018,49.911075592041016,63.8166618347168,40.514217376708984,104.74917602539062,51.30582809448242,29106.7109375,77023.6875,17886.005859375,39250.08984375,0.2651335299015045,0.0339212603867054,0.022351723164319992,0.00729393819347024,0.5592491030693054,522.0396118164062,0.843737006187439,0.7572679721681956,8011.634765625,11.621637218597758,0.32871729135513306,0.001497097429819405,0.464750378214826,0.5,0,1.0
/home/iams/ramlab_ws/src/unitree_rl_mjlab/logs/rsl_rl/h1_2_velocity_a1_v2/2026-08-26_10-02-56_a1a_fullmirror_jacc1e-7_standing15_s42/model_10000.pt,td3,"['velocity', 'orientation', 'height']",8,42,0.1350168138742447,0.13197103142738342,0.213643416762352,0.0964481458067894,0.12751376628875732,1.0,0.0,300.5,1.4296239614486694,1.0930581092834473,59.45576095581055,68.1346206665039,54.715782165527344,103.567138671875,75.37923431396484,30004.806640625,68471.84375,19757.9609375,42420.71875,0.2732645273208618,0.038896236568689346,0.031188039109110832,0.008378599770367146,0.6401654481887817,591.4544677734375,0.7518228888511658,0.828846239382175,8648.4248046875,12.119638470953868,0.3475543260574341,0.003839727956801653,0.46958116783858145,0.55,0,1.0
/home/iams/ramlab_ws/src/unitree_rl_mjlab/logs/rsl_rl/h1_2_velocity_a1_v2/2026-08-26_10-02-56_a1a_fullmirror_jacc1e-7_standing15_s42/model_10000.pt,td3,"['velocity', 'orientation', 'height']",8,43,0.13560177385807037,0.12361451238393784,0.20807740092277527,0.09835148602724075,0.1263512223958969,0.86,2.604166729724966e-05,299.1849060058594,1.4338748455047607,1.0965418815612793,59.4556884765625,68.41887664794922,54.47189712524414,106.13480377197266,77.63687896728516,30299.26953125,68236.1953125,19966.341796875,43669.578125,0.2741354703903198,0.03852175176143646,0.031154803931713104,0.008400247432291508,0.6391671895980835,594.2302856445312,0.7559244632720947,0.8361979358653746,8668.06640625,12.197660520680548,0.35420235991477966,0.004363289102911949,0.47058823529411764,0.55,0,1.0
/home/iams/ramlab_ws/src/unitree_rl_mjlab/logs/rsl_rl/h1_2_velocity_a1_v2/2026-08-26_10-02-56_a1a_fullmirror_jacc1e-7_standing15_s42/model_10000.pt,td3,"['velocity', 'orientation', 'height']",8,42,0.18689647316932678,0.19198717176914215,0.4277433156967163,0.1598791629076004,0.19318555295467377,0.8,0.0008593749953433871,258.7603759765625,1.5550134181976318,1.1071313619613647,74.85895538330078,92.44738006591797,62.98604202270508,124.34576416015625,86.39871215820312,32491.55078125,64734.1484375,33556.6015625,49006.94140625,0.2767828404903412,0.0661749392747879,0.04285925254225731,0.013832035474479198,0.7060127854347229,715.6455688476562,0.6289843916893005,0.98244957574024,9314.15625,12.78662089784475,0.5189757347106934,0.05349554121494293,0.3964894166236448,0.6,0,1.0
/home/iams/ramlab_ws/src/unitree_rl_mjlab/logs/rsl_rl/h1_2_velocity_a1_v2/2026-08-26_10-02-56_a1a_fullmirror_jacc1e-7_standing15_s42/model_10000.pt,td3,"['velocity', 'orientation', 'height']",8,43,0.1819339394569397,0.19063042104244232,0.42356568574905396,0.1568932831287384,0.1995919793844223,0.8,0.0008072916534729302,257.627197265625,1.5521562099456787,1.1092164516448975,74.54096221923828,92.110595703125,62.67035675048828,120.12018585205078,85.33557891845703,32368.921875,62161.3984375,33404.4609375,49021.47265625,0.27730411291122437,0.06580205261707306,0.042098332196474075,0.013127446174621582,0.702215850353241,717.0234375,0.6245833039283752,0.9813351388555663,9332.8271484375,12.773125152132378,0.5181391835212708,0.0482923686504364,0.3982369717396941,0.6,0,1.0
/home/iams/ramlab_ws/src/unitree_rl_mjlab/logs/rsl_rl/h1_2_velocity_a1_v2/2026-08-26_10-02-56_a1a_fullmirror_jacc1e-7_standing15_s42/model_10000.pt,td3,"['velocity', 'orientation', 'height']",8,42,0.19551882147789001,0.2607119083404541,0.4676642417907715,0.17264486849308014,0.2772051990032196,0.84,0.0004947916604578495,271.2555847167969,1.5633410215377808,1.1012753248214722,75.58153533935547,90.41020965576172,66.05879211425781,118.22627258300781,85.74462890625,30425.90625,57518.25390625,32415.087890625,45853.08203125,0.27531883120536804,0.07480224967002869,0.04519358649849892,0.014413862489163876,0.7168530225753784,736.4421997070312,0.55684894323349,0.9979274707890284,9368.1640625,12.694477877331025,0.6036598682403564,0.05157281830906868,0.39803057786991447,0.7,0,1.0
/home/iams/ramlab_ws/src/unitree_rl_mjlab/logs/rsl_rl/h1_2_velocity_a1_v2/2026-08-26_10-02-56_a1a_fullmirror_jacc1e-7_standing15_s42/model_10000.pt,td3,"['velocity', 'orientation', 'height']",8,43,0.21240176260471344,0.2620362937450409,0.48840323090553284,0.1891043484210968,0.27820760011672974,0.78,0.000963541679084301,249.73179626464844,1.5890681743621826,1.110323190689087,76.5390853881836,91.39410400390625,66.99996185302734,119.22394561767578,86.65455627441406,31226.771484375,56041.265625,32995.63671875,45291.89453125,0.27758079767227173,0.0817137286067009,0.04772525653243065,0.016230648383498192,0.7273728251457214,757.251953125,0.56466144323349,1.0226670854568845,9437.703125,12.745599198126671,0.6171233057975769,0.07323817163705826,0.39536679536679536,0.7,0,1.0
/home/iams/ramlab_ws/src/unitree_rl_mjlab/logs/rsl_rl/h1_2_velocity_a1_v2/2026-08-26_10-02-56_a1a_fullmirror_jacc1e-7_standing15_s42/model_10000.pt,td3,"['velocity', 'orientation', 'height']",8,42,0.25648561120033264,0.26454442739486694,0.5093364715576172,0.2438901662826538,0.2680881917476654,0.86,0.0017187499906867743,213.14590454101562,1.7480988502502441,1.226327657699585,81.6245346069336,99.25237274169922,69.97787475585938,139.3832244873047,90.2033920288086,36363.296875,62957.01953125,37086.2578125,55986.30078125,0.30658191442489624,0.09759951382875443,0.05381063371896744,0.019738009199500084,0.7592813372612,854.266357421875,0.5011197924613953,1.0900799903076923,9970.3203125,12.72255123268679,0.717198371887207,0.12276012450456619,0.35424354243542433,0.8,0,1.0
/home/iams/ramlab_ws/src/unitree_rl_mjlab/logs/rsl_rl/h1_2_velocity_a1_v2/2026-08-26_10-02-56_a1a_fullmirror_jacc1e-7_standing15_s42/model_10000.pt,td3,"['velocity', 'orientation', 'height']",8,43,0.25225406885147095,0.2744091749191284,0.5123972296714783,0.23965595662593842,0.2797531485557556,0.86,0.0014843749813735485,235.69505310058594,1.7498385906219482,1.231234073638916,81.9512939453125,99.59113311767578,70.3364486694336,137.89093017578125,92.85968780517578,36485.94921875,62121.8359375,36929.29296875,52919.25,0.307808518409729,0.09797164052724838,0.053250256925821304,0.019528774544596672,0.7622000575065613,866.8953247070312,0.5024088621139526,1.0975287414005013,10130.40625,12.82555454843646,0.7174274921417236,0.11137806624174118,0.3554732700763712,0.8,0,1.0
/home/iams/ramlab_ws/src/unitree_rl_mjlab/logs/rsl_rl/h1_2_velocity_a1_v2/2026-08-26_10-02-56_a1a_fullmirror_jacc1e-7_standing15_s42/model_10000.pt,td3,"['velocity', 'orientation', 'height']",8,42,0.2437191754579544,0.2186078429222107,0.4456544518470764,0.2494315356016159,0.2399923950433731,0.88,0.0017968750325962901,213.71551513671875,1.6898391246795654,1.191117763519287,77.50222778320312,93.55400085449219,66.98892974853516,131.95184326171875,87.39573669433594,36026.765625,61950.01171875,34705.90625,53912.3203125,0.2977794408798218,0.09266049414873123,0.04973465949296951,0.017872877418994904,0.7214369177818298,777.19287109375,0.5320833325386047,1.0017677012316064,9353.91015625,12.056780681228629,0.6615195274353027,0.1275368332862854,0.359130231470657,0.9,0,1.0
/home/iams/ramlab_ws/src/unitree_rl_mjlab/logs/rsl_rl/h1_2_velocity_a1_v2/2026-08-26_10-02-56_a1a_fullmirror_jacc1e-7_standing15_s42/model_10000.pt,td3,"['velocity', 'orientation', 'height']",8,43,0.2956821024417877,0.2246582806110382,0.49195241928100586,0.24173520505428314,0.21740604937076569,0.78,0.002578125102445483,195.54432678222656,1.7887378931045532,1.23724365234375,83.01152038574219,100.3519515991211,71.64588165283203,149.16188049316406,92.7151107788086,38353.21875,67301.1953125,37486.734375,59459.10546875,0.3093109130859375,0.10496635735034943,0.05471485108137131,0.021476708352565765,0.7674298882484436,857.3204956054688,0.5416015386581421,1.071757082842651,9900.1669921875,12.376437248333506,0.7158412337303162,0.12469849735498428,0.34774733982340955,0.9,0,1.0
/home/iams/ramlab_ws/src/unitree_rl_mjlab/logs/rsl_rl/h1_2_velocity_a1_v2/2026-08-26_10-02-56_a1a_fullmirror_jacc1e-7_standing15_s42/model_10000.pt,td3,"['velocity', 'orientation', 'height']",8,42,0.13591253757476807,0.08183562755584717,0.10535676032304764,0.08757220953702927,0.08074384927749634,1.2,0.0,300.5,1.280928373336792,1.101167917251587,47.902244567871094,67.6509017944336,33.5319709777832,140.76760864257812,45.37084197998047,31486.982421875,83286.3125,20798.64453125,52468.63671875,0.27529197931289673,0.03922249749302864,0.015415075235068798,0.00783892348408699,0.4693371653556824,419.7528991699219,0.9324739575386047,0.6498646761964465,6523.5751953125,10.09984921973073,0.3196641504764557,0.0007360164890997112,0.34095449500554936,0.35,4,1.0
/home/iams/ramlab_ws/src/unitree_rl_mjlab/logs/rsl_rl/h1_2_velocity_a1_v2/2026-08-26_10-02-56_a1a_fullmirror_jacc1e-7_standing15_s42/model_10000.pt,td3,"['velocity', 'orientation', 'height']",8,43,0.13811856508255005,0.07898908108472824,0.10687702149152756,0.08731401711702347,0.0794551819562912,1.28,0.0,300.5,1.2795991897583008,1.0998706817626953,47.90766143798828,67.62609100341797,33.557979583740234,138.84454345703125,45.53608322143555,31363.611328125,82941.4609375,20816.642578125,56827.84765625,0.27496767044067383,0.038759440183639526,0.015262743458151817,0.007802222389727831,0.46776193380355835,415.54083251953125,0.9341796636581421,0.6462968532172886,6454.43505859375,10.038679085128166,0.3184923231601715,0.0007373334374278784,0.3414092020448989,0.35,4,1.0
/home/iams/ramlab_ws/src/unitree_rl_mjlab/logs/rsl_rl/h1_2_velocity_a1_v2/2026-08-26_10-02-56_a1a_fullmirror_jacc1e-7_standing15_s42/model_10000.pt,td3,"['velocity', 'orientation', 'height']",8,42,0.1410048007965088,0.09533968567848206,0.08765096962451935,0.09473412483930588,0.09226536005735397,1.18,0.0,300.5,1.1866031885147095,1.0240461826324463,45.61631393432617,63.87489700317383,32.202735900878906,126.7302474975586,43.56773376464844,28200.7109375,64658.96484375,18653.810546875,44365.51171875,0.2560115456581116,0.03335080295801163,0.01658632792532444,0.008264435455203056,0.5127901434898376,442.7338562011719,0.9562890529632568,0.6848179557623475,7038.34521484375,10.886868967228391,0.33234962821006775,0.0007661166600883007,0.3860266398592611,0.4,4,1.0
/home/iams/ramlab_ws/src/unitree_rl_mjlab/logs/rsl_rl/h1_2_velocity_a1_v2/2026-08-26_10-02-56_a1a_fullmirror_jacc1e-7_standing15_s42/model_10000.pt,td3,"['velocity', 'orientation', 'height']",8,43,0.1410035938024521,0.09535529464483261,0.0879867821931839,0.0947013646364212,0.09226888418197632,1.18,0.0,300.5,1.1864986419677734,1.0238721370697021,45.58995056152344,63.80713653564453,32.20960998535156,127.68999481201172,43.50934600830078,28183.69921875,64629.6640625,18631.9453125,44274.2734375,0.25596803426742554,0.03332464024424553,0.016577357426285744,0.008262278512120247,0.5128421783447266,442.6263122558594,0.9565364718437195,0.6846649579852563,7037.95654296875,10.886479390399035,0.3321148753166199,0.0007637666421942413,0.385929648241206,0.4,4,1.0
/home/iams/ramlab_ws/src/unitree_rl_mjlab/logs/rsl_rl/h1_2_velocity_a1_v2/2026-08-26_10-02-56_a1a_fullmirror_jacc1e-7_standing15_s42/model_10000.pt,td3,"['velocity', 'orientation', 'height']",8,42,0.1331886351108551,0.10969147086143494,0.10653174668550491,0.08906661719083786,0.10631389915943146,1.08,0.0,300.5,1.206368088722229,1.0222269296646118,45.56595993041992,61.33498764038086,34.276973724365234,112.63713073730469,47.06118392944336,28287.876953125,79318.6015625,17100.271484375,40872.55859375,0.25555673241615295,0.03718516230583191,0.020142238587141037,0.008573394268751144,0.5342079401016235,488.3597412109375,0.8991405963897705,0.7326297435625565,7933.8310546875,11.902210254118192,0.3583514094352722,0.0013736006803810596,0.4343891402714932,0.45,4,1.0
/home/iams/ramlab_ws/src/unitree_rl_mjlab/logs/rsl_rl/h1_2_velocity_a1_v2/2026-08-26_10-02-56_a1a_fullmirror_jacc1e-7_standing15_s42/model_10000.pt,td3,"['velocity', 'orientation', 'height']",8,43,0.13215947151184082,0.102623350918293,0.10624262690544128,0.08913379907608032,0.10308268666267395,1.02,0.0,300.5,1.2059526443481445,1.02083158493042,45.5002555847168,61.03156280517578,34.4088134765625,112.92127990722656,47.83396530151367,28275.59765625,82177.375,17017.779296875,40924.3671875,0.255207896232605,0.03676838055253029,0.02003546804189682,0.008573339320719242,0.5323280692100525,486.6088562011719,0.9026692509651184,0.7316618940716199,7904.484375,11.885131070626473,0.36009785532951355,0.0013793171383440495,0.4421416234887737,0.45,4,1.0
/home/iams/ramlab_ws/src/unitree_rl_mjlab/logs/rsl_rl/h1_2_velocity_a1_v2/2026-08-26_10-02-56_a1a_fullmirror_jacc1e-7_standing15_s42/model_10000.pt,td3,"['velocity', 'orientation', 'height']",8,42,0.12874659895896912,0.11798674613237381,0.13041076064109802,0.0846351683139801,0.11169262230396271,0.96,0.0,300.5,1.3035801649093628,1.06185781955719,50.43981170654297,63.610496520996094,41.69862365722656,108.31446075439453,52.757781982421875,29011.193359375,78652.328125,18017.271484375,41494.83203125,0.2654644548892975,0.036569226533174515,0.025776611641049385,0.007979849353432655,0.5793085098266602,544.2303466796875,0.8393619656562805,0.7905003272865502,8687.8017578125,12.619123668349125,0.3518758714199066,0.0017820709617808461,0.46715328467153283,0.5,4,1.0
/home/iams/ramlab_ws/src/unitree_rl_mjlab/logs/rsl_rl/h1_2_velocity_a1_v2/2026-08-26_10-02-56_a1a_fullmirror_jacc1e-7_standing15_s42/model_10000.pt,td3,"['velocity', 'orientation', 'height']",8,43,0.12869128584861755,0.1182672381401062,0.13043634593486786,0.08457065373659134,0.11212175339460373,0.96,0.0,300.5,1.3031160831451416,1.0616247653961182,50.431209564208984,63.62638854980469,41.66694259643555,107.00596618652344,52.6568717956543,29016.029296875,78715.859375,18083.7421875,40594.31640625,0.26540619134902954,0.03652150183916092,0.025781206786632538,0.007984023541212082,0.5792224407196045,543.9600219726562,0.8394140601158142,0.7901677212819089,8686.1484375,12.617681015878166,0.351652592420578,0.0017754830187186599,0.4680073126142596,0.5,4,1.0
/home/iams/ramlab_ws/src/unitree_rl_mjlab/logs/rsl_rl/h1_2_velocity_a1_v2/2026-08-26_10-02-56_a1a_fullmirror_jacc1e-7_standing15_s42/model_10000.pt,td3,"['velocity', 'orientation', 'height']",8,42,0.1413831263780594,0.13153521716594696,0.21536590158939362,0.10419929772615433,0.128998801112175,1.0,7.812499825377017e-05,294.88702392578125,1.4551805257797241,1.0989001989364624,60.6539192199707,68.87200164794922,56.23646545410156,106.91773223876953,79.07337188720703,30683.484375,72150.2578125,20433.583984375,44542.546875,0.2747250497341156,0.04443061724305153,0.035074952989816666,0.009328855201601982,0.6623470187187195,620.4149169921875,0.7444400787353516,0.8581701600976934,9267.322265625,12.81874413529381,0.39760446548461914,0.008596818894147873,0.477909147479776,0.55,4,1.0
/home/iams/ramlab_ws/src/unitree_rl_mjlab/logs/rsl_rl/h1_2_velocity_a1_v2/2026-08-26_10-02-56_a1a_fullmirror_jacc1e-7_standing15_s42/model_10000.pt,td3,"['velocity', 'orientation', 'height']",8,43,0.14312662184238434,0.1289806067943573,0.21515604853630066,0.10760131478309631,0.13325314223766327,0.86,0.0001302083401242271,292.7593078613281,1.4594982862472534,1.1022199392318726,60.60725784301758,68.93033599853516,56.08987045288086,106.2182846069336,79.85233306884766,30929.091796875,69967.5625,20467.943359375,44803.16015625,0.27555498480796814,0.04440891370177269,0.03533986955881119,0.009371673688292503,0.6618024706840515,619.3134765625,0.7475520968437195,0.8597750953552777,9256.251953125,12.850188530774156,0.4060640335083008,0.01088527962565422,0.4780578898225957,0.55,4,1.0
/home/iams/ramlab_ws/src/unitree_rl_mjlab/logs/rsl_rl/h1_2_velocity_a1_v2/2026-08-26_10-02-56_a1a_fullmirror_jacc1e-7_standing15_s42/model_10000.pt,td3,"['velocity', 'orientation', 'height']",8,42,0.18240822851657867,0.18633250892162323,0.3973624110221863,0.15873511135578156,0.19259361922740936,1.06,0.0007552083116024733,266.48138427734375,1.5463560819625854,1.0989106893539429,73.46530151367188,88.43902587890625,63.73711013793945,119.5298080444336,84.46017456054688,31700.11328125,60389.0546875,31753.208984375,49089.1484375,0.2747276723384857,0.06498607993125916,0.04678153991699219,0.01369784027338028,0.7114973664283752,730.559326171875,0.633593738079071,0.9990616301472953,9961.630859375,13.622826731850513,0.5263055562973022,0.051850590854883194,0.4212835984640702,0.6,4,1.0
/home/iams/ramlab_ws/src/unitree_rl_mjlab/logs/rsl_rl/h1_2_velocity_a1_v2/2026-08-26_10-02-56_a1a_fullmirror_jacc1e-7_standing15_s42/model_10000.pt,td3,"['velocity', 'orientation', 'height']",8,43,0.17668034136295319,0.18174947798252106,0.39165765047073364,0.14725981652736664,0.18778002262115479,1.06,0.0005989583441987634,270.27227783203125,1.525762915611267,1.0902475118637085,72.31410217285156,87.11627960205078,62.69647216796875,115.5768814086914,85.19554138183594,31183.798828125,61499.97265625,31000.408203125,47954.7265625,0.2725618779659271,0.06201990693807602,0.04557237774133682,0.012902998365461826,0.7000339031219482,712.8748779296875,0.6357942819595337,0.9742232660030835,9862.0751953125,13.477628162287463,0.5159378051757812,0.04246799647808075,0.42221000549752613,0.6,4,1.0
/home/iams/ramlab_ws/src/unitree_rl_mjlab/logs/rsl_rl/h1_2_velocity_a1_v2/2026-08-26_10-02-56_a1a_fullmirror_jacc1e-7_standing15_s42/model_10000.pt,td3,"['velocity', 'orientation', 'height']",8,42,0.20070452988147736,0.23808562755584717,0.4414914846420288,0.1775628924369812,0.25393521785736084,0.84,0.0008593749953433871,257.8619384765625,1.5571879148483276,1.0866557359695435,72.84610748291016,84.41724395751953,65.88079071044922,109.74208068847656,83.35102844238281,29584.830078125,54784.515625,29534.658203125,41870.97265625,0.27166393399238586,0.0751393735408783,0.05158529058098793,0.01536838710308075,0.7240504622459412,760.8595581054688,0.5675130486488342,1.0224540240159312,9987.0068359375,13.420682107887293,0.605376660823822,0.060065027326345444,0.4247787610619469,0.7,4,1.0
/home/iams/ramlab_ws/src/unitree_rl_mjlab/logs/rsl_rl/h1_2_velocity_a1_v2/2026-08-26_10-02-56_a1a_fullmirror_jacc1e-7_standing15_s42/model_10000.pt,td3,"['velocity', 'orientation', 'height']",8,43,0.20712266862392426,0.2318723350763321,0.45269298553466797,0.18117119371891022,0.24426963925361633,0.8,0.000963541679084301,250.6586151123047,1.5589008331298828,1.0830748081207275,72.6396255493164,84.04715728759766,65.79344177246094,109.56048583984375,83.61599731445312,29893.876953125,55709.66796875,29505.158203125,43328.65625,0.2707687020301819,0.07727847248315811,0.052173469215631485,0.016190556809306145,0.7263666391372681,765.9556274414062,0.5776302218437195,1.0292797033641798,9959.1728515625,13.38298884489688,0.61307692527771,0.06163400784134865,0.4247787610619469,0.7,4,1.0
/home/iams/ramlab_ws/src/unitree_rl_mjlab/logs/rsl_rl/h1_2_velocity_a1_v2/2026-08-26_10-02-56_a1a_fullmirror_jacc1e-7_standing15_s42/model_10000.pt,td3,"['velocity', 'orientation', 'height']",8,42,0.2979811131954193,0.2692708373069763,0.5405654311180115,0.28520911931991577,0.27100110054016113,0.86,0.0025260415859520435,176.15223693847656,1.8101246356964111,1.2380632162094116,84.03787994384766,100.61788940429688,73.35371398925781,142.27854919433594,93.65451049804688,37832.16796875,63036.3671875,37837.7890625,55191.73828125,0.3095158040523529,0.11159642785787582,0.06257323175668716,0.02299651876091957,0.7968863844871521,924.7717895507812,0.5058333277702332,1.1604786921459003,10887.556640625,13.662588932889257,0.781383216381073,0.1626136600971222,0.3513266239707228,0.8,4,1.0
/home/iams/ramlab_ws/src/unitree_rl_mjlab/logs/rsl_rl/h1_2_velocity_a1_v2/2026-08-26_10-02-56_a1a_fullmirror_jacc1e-7_standing15_s42/model_10000.pt,td3,"['velocity', 'orientation', 'height']",8,43,0.28965985774993896,0.2634710371494293,0.539507269859314,0.2726719379425049,0.2671596109867096,0.86,0.0024999999441206455,189.56114196777344,1.8054771423339844,1.2368155717849731,83.2767105102539,99.07038116455078,73.22201538085938,137.51318359375,94.0289306640625,38020.74609375,64380.359375,36864.09375,53042.61328125,0.3092038929462433,0.11005761474370956,0.06260561943054199,0.022891009226441383,0.796172559261322,924.3011474609375,0.5058984160423279,1.166319512165899,10848.677734375,13.689286324755354,0.767126202583313,0.1457298845052719,0.35555555555555557,0.8,4,1.0
/home/iams/ramlab_ws/src/unitree_rl_mjlab/logs/rsl_rl/h1_2_velocity_a1_v2/2026-08-26_10-02-56_a1a_fullmirror_jacc1e-7_standing15_s42/model_10000.pt,td3,"['velocity', 'orientation', 'height']",8,42,0.24825938045978546,0.20903505384922028,0.41791534423828125,0.2417224496603012,0.21981388330459595,0.88,0.0016927083488553762,224.88348388671875,1.671878695487976,1.1784003973007202,75.76559448242188,90.230224609375,66.52153015136719,127.51666259765625,85.46558380126953,35228.94921875,60657.4453125,33488.1953125,50667.08984375,0.29460009932518005,0.08920865505933762,0.052847158163785934,0.0178068820387125,0.7212321758270264,774.25341796875,0.537513017654419,0.9867263486016274,9863.7099609375,12.57053774554971,0.6545037627220154,0.12268032133579254,0.3543252595155709,0.9,4,1.0
/home/iams/ramlab_ws/src/unitree_rl_mjlab/logs/rsl_rl/h1_2_velocity_a1_v2/2026-08-26_10-02-56_a1a_fullmirror_jacc1e-7_standing15_s42/model_10000.pt,td3,"['velocity', 'orientation', 'height']",8,43,0.31218087673187256,0.23872390389442444,0.4995806813240051,0.2704148590564728,0.23947101831436157,0.8,0.0025260415859520435,183.55181884765625,1.7845560312271118,1.228838324546814,82.2858657836914,98.08628845214844,72.15884399414062,145.39820861816406,94.38552856445312,37924.5625,67212.359375,37003.29296875,58007.56640625,0.3072095811367035,0.10790682584047318,0.06026645749807358,0.02296595834195614,0.7765570282936096,870.3666381835938,0.5438671708106995,1.0670943220624818,10557.0478515625,12.943239971345657,0.7248485088348389,0.14528268575668335,0.34743270753223254,0.9,4,1.0
/home/iams/ramlab_ws/src/unitree_rl_mjlab/logs/rsl_rl/h1_2_velocity_a1_v2/2026-08-26_10-02-56_a1a_fullmirror_jacc1e-7_standing15_s42/model_10000.pt,td3,"['velocity', 'orientation', 'height']",8,42,0.13527104258537292,0.07616522163152695,0.10778139531612396,0.08418907225131989,0.07461511343717575,1.22,0.0,300.5,1.2924176454544067,1.1074120998382568,47.54193115234375,67.20703125,33.201351165771484,155.3412628173828,43.50551986694336,31070.509765625,86791.21875,21324.29296875,60440.3125,0.2768530249595642,0.04192866012454033,0.018682070076465607,0.008213146589696407,0.4626232981681824,427.05047607421875,0.935559868812561,0.6572650549072638,7047.2392578125,10.84626796304093,0.3386557996273041,0.001559788011945784,0.34004870489262784,0.35,8,1.0
/home/iams/ramlab_ws/src/unitree_rl_mjlab/logs/rsl_rl/h1_2_velocity_a1_v2/2026-08-26_10-02-56_a1a_fullmirror_jacc1e-7_standing15_s42/model_10000.pt,td3,"['velocity', 'orientation', 'height']",8,43,0.1374126374721527,0.07361097633838654,0.10998047143220901,0.08410461246967316,0.07336970418691635,1.28,0.0,300.5,1.2907702922821045,1.1061460971832275,47.65354537963867,67.48937225341797,33.166561126708984,144.1503448486328,44.67155838012695,30966.009765625,86156.9140625,21613.03125,61093.15234375,0.2765365242958069,0.041567493230104446,0.018558360636234283,0.008190461434423923,0.46101558208465576,423.1273193359375,0.9372786283493042,0.6539699088513865,6975.97998046875,10.781816282196102,0.3377887010574341,0.00156987679656595,0.34072759538598046,0.35,8,1.0
/home/iams/ramlab_ws/src/unitree_rl_mjlab/logs/rsl_rl/h1_2_velocity_a1_v2/2026-08-26_10-02-56_a1a_fullmirror_jacc1e-7_standing15_s42/model_10000.pt,td3,"['velocity', 'orientation', 'height']",8,42,0.1430012285709381,0.09278076887130737,0.09965122491121292,0.09520693123340607,0.08953257650136948,1.18,0.0,300.5,1.1943447589874268,1.027012825012207,43.98430633544922,60.2354621887207,32.159542083740234,110.0768051147461,43.127479553222656,28045.64453125,66130.0703125,17270.6015625,43271.390625,0.25675320625305176,0.03940622881054878,0.02009664662182331,0.009050416760146618,0.5132215619087219,457.35162353515625,0.9554166793823242,0.7059077551387675,7603.31689453125,11.735480071733459,0.3641490936279297,0.001376295113004744,0.385929648241206,0.4,8,1.0
/home/iams/ramlab_ws/src/unitree_rl_mjlab/logs/rsl_rl/h1_2_velocity_a1_v2/2026-08-26_10-02-56_a1a_fullmirror_jacc1e-7_standing15_s42/model_10000.pt,td3,"['velocity', 'orientation', 'height']",8,43,0.14300605654716492,0.09273964911699295,0.09960608184337616,0.09520529955625534,0.08948564529418945,1.18,0.0,300.5,1.1942473649978638,1.026883602142334,43.945186614990234,60.150123596191406,32.1597785949707,107.79508972167969,43.12153244018555,28050.13671875,66316.4765625,17219.28125,43689.82421875,0.2567209005355835,0.039394937455654144,0.02010107971727848,0.009048647247254848,0.5131612420082092,457.2369384765625,0.9552603960037231,0.7057429554100587,7602.18603515625,11.733937419852902,0.36415258049964905,0.0013783691683784127,0.3858327053504145,0.4,8,1.0
/home/iams/ramlab_ws/src/unitree_rl_mjlab/logs/rsl_rl/h1_2_velocity_a1_v2/2026-08-26_10-02-56_a1a_fullmirror_jacc1e-7_standing15_s42/model_10000.pt,td3,"['velocity', 'orientation', 'height']",8,42,0.14019379019737244,0.1074778214097023,0.10585726052522659,0.0931069552898407,0.10461627691984177,1.08,0.0,300.5,1.2056300640106201,1.01689875125885,45.63082504272461,61.37971878051758,34.36374282836914,114.10277557373047,46.223121643066406,28097.77734375,80438.1640625,17949.3515625,40960.765625,0.2542246878147125,0.03882380947470665,0.023638397455215454,0.008950324729084969,0.5414201617240906,500.77593994140625,0.8978255391120911,0.7578731086830539,8474.2841796875,12.82496042472969,0.377390593290329,0.001774687203578651,0.43365330321852064,0.45,8,1.0
/home/iams/ramlab_ws/src/unitree_rl_mjlab/logs/rsl_rl/h1_2_velocity_a1_v2/2026-08-26_10-02-56_a1a_fullmirror_jacc1e-7_standing15_s42/model_10000.pt,td3,"['velocity', 'orientation', 'height']",8,43,0.13868699967861176,0.10111915320158005,0.10505387932062149,0.09306059032678604,0.10143742710351944,1.2,0.0,300.5,1.204764723777771,1.0152093172073364,45.66944885253906,61.35808563232422,34.45622253417969,112.01002502441406,46.49698257446289,28100.091796875,83014.4921875,18022.90625,41560.84765625,0.2538023293018341,0.03829759731888771,0.02350570075213909,0.008935735560953617,0.5393626093864441,499.0555114746094,0.9007682204246521,0.7564259511617826,8436.51953125,12.787358087850668,0.3779597580432892,0.0017757588066160679,0.442523768366465,0.45,8,1.0
/home/iams/ramlab_ws/src/unitree_rl_mjlab/logs/rsl_rl/h1_2_velocity_a1_v2/2026-08-26_10-02-56_a1a_fullmirror_jacc1e-7_standing15_s42/model_10000.pt,td3,"['velocity', 'orientation', 'height']",8,42,0.13267725706100464,0.11412282288074493,0.13857251405715942,0.08942893892526627,0.10748673230409622,0.96,0.0,300.5,1.3308331966400146,1.0751491785049438,52.17264175415039,65.7274169921875,43.09635925292969,111.89337158203125,57.006710052490234,29915.634765625,81247.1875,19456.912109375,42554.1875,0.26878729462623596,0.042288124561309814,0.0287837702780962,0.008364810608327389,0.5971758961677551,574.4600219726562,0.8323047161102295,0.8165322136709865,9252.0546875,13.150786569852782,0.3967982530593872,0.0031447920482605696,0.46503178928247046,0.5,8,1.0
/home/iams/ramlab_ws/src/unitree_rl_mjlab/logs/rsl_rl/h1_2_velocity_a1_v2/2026-08-26_10-02-56_a1a_fullmirror_jacc1e-7_standing15_s42/model_10000.pt,td3,"['velocity', 'orientation', 'height']",8,43,0.13259446620941162,0.11409761756658554,0.13839200139045715,0.0893186628818512,0.10735949873924255,0.96,0.0,300.5,1.3304017782211304,1.0753432512283325,52.15105438232422,65.77303314208984,43.018253326416016,111.00183868408203,56.902381896972656,29874.66015625,81016.0703125,19445.671875,42006.41796875,0.26883581280708313,0.042295243591070175,0.028768237680196762,0.008364680223166943,0.5965400338172913,574.2005615234375,0.8324479460716248,0.8162681209395717,9255.4296875,13.15727170333056,0.39623579382896423,0.003102808492258191,0.4665856622114216,0.5,8,1.0
/home/iams/ramlab_ws/src/unitree_rl_mjlab/logs/rsl_rl/h1_2_velocity_a1_v2/2026-08-26_10-02-56_a1a_fullmirror_jacc1e-7_standing15_s42/model_10000.pt,td3,"['velocity', 'orientation', 'height']",8,42,0.1471206545829773,0.13124972581863403,0.22514447569847107,0.10918672382831573,0.12859565019607544,1.02,5.208333459449932e-05,297.6542053222656,1.4719035625457764,1.1012847423553467,62.63376235961914,71.43987274169922,57.75016784667969,112.13971710205078,81.3969497680664,30886.39453125,72006.390625,22237.15625,45973.671875,0.27532118558883667,0.0488426573574543,0.03888903185725212,0.010013577528297901,0.6785167455673218,650.4174194335938,0.7389192581176758,0.889483148009149,10009.275390625,13.688256974136415,0.44107726216316223,0.007982076145708561,0.4822605965463108,0.55,8,1.0
/home/iams/ramlab_ws/src/unitree_rl_mjlab/logs/rsl_rl/h1_2_velocity_a1_v2/2026-08-26_10-02-56_a1a_fullmirror_jacc1e-7_standing15_s42/model_10000.pt,td3,"['velocity', 'orientation', 'height']",8,43,0.1474662870168686,0.12664341926574707,0.22889652848243713,0.11113105714321136,0.12984180450439453,0.88,7.812499825377017e-05,297.1717834472656,1.4810216426849365,1.1072481870651245,63.01317596435547,72.03053283691406,57.940040588378906,111.88777923583984,82.74949645996094,31262.197265625,71168.6484375,22350.982421875,45921.6015625,0.27681204676628113,0.048904530704021454,0.03903574496507645,0.0101695004850626,0.6823820471763611,658.3162231445312,0.7412890791893005,0.9029419681303008,10038.8603515625,13.769230372467822,0.4497843384742737,0.008647417649626732,0.480450422270879,0.55,8,1.0
/home/iams/ramlab_ws/src/unitree_rl_mjlab/logs/rsl_rl/h1_2_velocity_a1_v2/2026-08-26_10-02-56_a1a_fullmirror_jacc1e-7_standing15_s42/model_10000.pt,td3,"['velocity', 'orientation', 'height']",8,42,0.18092572689056396,0.17377792298793793,0.362800270318985,0.15328411757946014,0.1794365644454956,1.06,0.0006510416860692203,270.01806640625,1.5225597620010376,1.0812201499938965,69.79094696044922,80.96920013427734,63.1040153503418,109.70169830322266,84.22905731201172,30311.240234375,58816.828125,27817.25390625,45013.06640625,0.2703050374984741,0.05991620197892189,0.048916056752204895,0.013135685585439205,0.7072657346725464,725.8881225585938,0.6527864336967468,0.9974758918936973,10481.916015625,14.403675722195555,0.5259414911270142,0.047780994325876236,0.4432900432900433,0.6,8,1.0
/home/iams/ramlab_ws/src/unitree_rl_mjlab/logs/rsl_rl/h1_2_velocity_a1_v2/2026-08-26_10-02-56_a1a_fullmirror_jacc1e-7_standing15_s42/model_10000.pt,td3,"['velocity', 'orientation', 'height']",8,43,0.17762216925621033,0.17347343266010284,0.36670172214508057,0.14972394704818726,0.17848554253578186,1.06,0.000442708347691223,271.9256286621094,1.5094817876815796,1.0757325887680054,69.22042846679688,80.06378173828125,62.79317855834961,106.35456085205078,83.9510726928711,29793.404296875,59825.78515625,27395.744140625,44817.94921875,0.26893314719200134,0.0590028315782547,0.04847608134150505,0.01278272271156311,0.7016394138336182,718.143310546875,0.6535937786102295,0.9903295314072719,10464.1162109375,14.430160626797827,0.5207546353340149,0.04682500660419464,0.44341801385681295,0.6,8,1.0
/home/iams/ramlab_ws/src/unitree_rl_mjlab/logs/rsl_rl/h1_2_velocity_a1_v2/2026-08-26_10-02-56_a1a_fullmirror_jacc1e-7_standing15_s42/model_10000.pt,td3,"['velocity', 'orientation', 'height']",8,42,0.24133509397506714,0.25212913751602173,0.4962681531906128,0.22874830663204193,0.2716774046421051,0.86,0.0016145833069458604,225.653076171875,1.6568204164505005,1.1341497898101807,79.20101928710938,93.57412719726562,70.1512451171875,122.87683868408203,88.47132873535156,32869.4296875,57951.5,35000.3828125,48243.65625,0.28353744745254517,0.09081194549798965,0.058215465396642685,0.019134311005473137,0.766296923160553,844.9727783203125,0.5666797161102295,1.1130739181027882,10908.173828125,14.369225229030606,0.6862489581108093,0.1055154800415039,0.39014478028956057,0.7,8,1.0
/home/iams/ramlab_ws/src/unitree_rl_mjlab/logs/rsl_rl/h1_2_velocity_a1_v2/2026-08-26_10-02-56_a1a_fullmirror_jacc1e-7_standing15_s42/model_10000.pt,td3,"['velocity', 'orientation', 'height']",8,43,0.23626917600631714,0.25792375206947327,0.489658921957016,0.2186090350151062,0.27329012751579285,0.8,0.0015625000232830644,217.78109741210938,1.6443651914596558,1.1268103122711182,78.63018035888672,93.42613983154297,69.20896911621094,121.06620025634766,87.18180847167969,32471.765625,56772.68359375,35093.00390625,48026.15234375,0.28170257806777954,0.09078866243362427,0.05839452147483826,0.018890079110860825,0.7530474662780762,820.465576171875,0.5724478960037231,1.078560838484482,10764.9345703125,14.151279923992785,0.689914882183075,0.09441878646612167,0.3891563212566506,0.7,8,1.0
/home/iams/ramlab_ws/src/unitree_rl_mjlab/logs/rsl_rl/h1_2_velocity_a1_v2/2026-08-26_10-02-56_a1a_fullmirror_jacc1e-7_standing15_s42/model_10000.pt,td3,"['velocity', 'orientation', 'height']",8,42,0.3278018832206726,0.26313191652297974,0.5478570461273193,0.3166770040988922,0.26976457238197327,0.88,0.0030989584047347307,163.21856689453125,1.8381516933441162,1.2373905181884766,84.0328140258789,98.89958190917969,74.77230834960938,134.39498901367188,96.24746704101562,38720.76171875,65075.97265625,37355.33203125,53413.9375,0.30934762954711914,0.12002698332071304,0.07121562957763672,0.025849876925349236,0.8196704387664795,949.5263671875,0.50899738073349,1.1737770468446629,11458.5078125,14.164675717099644,0.8195344805717468,0.1908198595046997,0.34462643033430557,0.8,8,1.0
/home/iams/ramlab_ws/src/unitree_rl_mjlab/logs/rsl_rl/h1_2_velocity_a1_v2/2026-08-26_10-02-56_a1a_fullmirror_jacc1e-7_standing15_s42/model_10000.pt,td3,"['velocity', 'orientation', 'height']",8,43,0.3194822669029236,0.25846582651138306,0.5363399386405945,0.2997843623161316,0.2595194876194,0.88,0.003046874888241291,164.0700225830078,1.813092827796936,1.2226011753082275,82.67411041259766,97.1739273071289,73.67442321777344,137.6707763671875,98.5970458984375,38029.99609375,63811.94140625,36331.27734375,54832.67578125,0.3056502938270569,0.11660599708557129,0.07006005197763443,0.024948133155703545,0.8041740655899048,926.84375,0.5101302266120911,1.160645088025336,11284.6767578125,14.131295311816928,0.804935872554779,0.17347267270088196,0.3513266239707228,0.8,8,1.0
/home/iams/ramlab_ws/src/unitree_rl_mjlab/logs/rsl_rl/h1_2_velocity_a1_v2/2026-08-26_10-02-56_a1a_fullmirror_jacc1e-7_standing15_s42/model_10000.pt,td3,"['velocity', 'orientation', 'height']",8,42,0.2509141266345978,0.21764254570007324,0.43971124291419983,0.2336217314004898,0.2204158902168274,0.88,0.0021093750838190317,215.29286193847656,1.6866430044174194,1.1704357862472534,77.13487243652344,91.82308959960938,67.70592498779297,130.15548706054688,86.9404296875,35709.91015625,62194.45703125,35112.6953125,52092.44140625,0.29260894656181335,0.09294109046459198,0.05743332579731941,0.019002173095941544,0.7274078130722046,790.4324340820312,0.5369531512260437,1.018793442010306,10293.1220703125,13.266869935405152,0.6733230352401733,0.1138320341706276,0.3494085532302093,0.9,8,1.0
/home/iams/ramlab_ws/src/unitree_rl_mjlab/logs/rsl_rl/h1_2_velocity_a1_v2/2026-08-26_10-02-56_a1a_fullmirror_jacc1e-7_standing15_s42/model_10000.pt,td3,"['velocity', 'orientation', 'height']",8,43,0.3182450532913208,0.23175495862960815,0.5184239745140076,0.26054760813713074,0.23527416586875916,0.8,0.003541666781529784,158.9706268310547,1.7866604328155518,1.1949642896652222,81.64631652832031,96.48500061035156,72.3011474609375,139.12657165527344,96.26972961425781,38211.87890625,70334.3359375,37046.41796875,56158.94140625,0.29874107241630554,0.11116934567689896,0.06748778373003006,0.023718087002635002,0.766486406326294,851.427001953125,0.5528385639190674,1.088555815836213,10674.8330078125,13.647853511991974,0.7479235529899597,0.13515807688236237,0.3410301953818828,0.9,8,1.0
/home/iams/ramlab_ws/src/unitree_rl_mjlab/logs/rsl_rl/h1_2_velocity_a1_v2/2026-08-26_10-02-56_a1a_fullmirror_jacc1e-7_standing15_s42/model_10000.pt,td3,"['velocity', 'orientation', 'height']",8,42,0.14003217220306396,0.07343513518571854,0.11484265327453613,0.0859992727637291,0.07152348756790161,1.22,0.0,300.5,1.3031408786773682,1.111708402633667,47.005916595458984,65.73480224609375,33.4212532043457,147.1867218017578,43.891754150390625,31319.806640625,88696.03125,21049.53125,60072.57421875,0.27792710065841675,0.041863758116960526,0.021583471447229385,0.008867286145687103,0.46929651498794556,435.5878601074219,0.9418619871139526,0.671637244505738,7540.2666015625,11.626411987773256,0.34788814187049866,0.0021772747859358788,0.34072759538598046,0.35,12,1.0
/home/iams/ramlab_ws/src/unitree_rl_mjlab/logs/rsl_rl/h1_2_velocity_a1_v2/2026-08-26_10-02-56_a1a_fullmirror_jacc1e-7_standing15_s42/model_10000.pt,td3,"['velocity', 'orientation', 'height']",8,43,0.14194448292255402,0.07076123356819153,0.1173378974199295,0.08581583201885223,0.07039017230272293,1.42,0.0,300.5,1.3019312620162964,1.1108354330062866,47.035614013671875,65.89855194091797,33.33094024658203,144.5261993408203,44.411949157714844,31209.806640625,88483.8203125,21227.501953125,60172.83203125,0.27770885825157166,0.041434019804000854,0.021468324586749077,0.008832493796944618,0.46783915162086487,431.7685546875,0.9436588287353516,0.6683064122200532,7469.39599609375,11.561391606541456,0.3471779525279999,0.0021842923015356064,0.3401993355481728,0.35,12,1.0
/home/iams/ramlab_ws/src/unitree_rl_mjlab/logs/rsl_rl/h1_2_velocity_a1_v2/2026-08-26_10-02-56_a1a_fullmirror_jacc1e-7_standing15_s42/model_10000.pt,td3,"['velocity', 'orientation', 'height']",8,42,0.14503061771392822,0.08983400464057922,0.11263899505138397,0.09492509812116623,0.086503766477108,1.18,0.0,300.5,1.2075401544570923,1.0320086479187012,43.94450759887695,59.421295166015625,32.758480072021484,113.96756744384766,43.87437438964844,27947.44140625,68894.09375,17254.294921875,42874.984375,0.2580021619796753,0.04158031940460205,0.02381158620119095,0.009570288471877575,0.5192438364028931,471.845947265625,0.9577213525772095,0.7249420989920867,8212.2958984375,12.617335513170485,0.39256277680397034,0.002512905513867736,0.3849624060150376,0.4,12,1.0
/home/iams/ramlab_ws/src/unitree_rl_mjlab/logs/rsl_rl/h1_2_velocity_a1_v2/2026-08-26_10-02-56_a1a_fullmirror_jacc1e-7_standing15_s42/model_10000.pt,td3,"['velocity', 'orientation', 'height']",8,43,0.14506343007087708,0.08990242332220078,0.112613745033741,0.09494979679584503,0.0866113007068634,1.18,0.0,300.5,1.2075445652008057,1.031973123550415,44.00537109375,59.55812454223633,32.76017761230469,116.76329040527344,43.81541442871094,27940.41796875,69132.4375,17358.09765625,42407.9453125,0.25799328088760376,0.04157884791493416,0.023811891674995422,0.009573034010827541,0.5191936492919922,471.7607421875,0.9579687714576721,0.7248280630953774,8211.51953125,12.616439874785312,0.39262959361076355,0.0025168554857373238,0.3852520692249812,0.4,12,1.0
/home/iams/ramlab_ws/src/unitree_rl_mjlab/logs/rsl_rl/h1_2_velocity_a1_v2/2026-08-26_10-02-56_a1a_fullmirror_jacc1e-7_standing15_s42/model_10000.pt,td3,"['velocity', 'orientation', 'height']",8,42,0.14314335584640503,0.10357623547315598,0.11749733239412308,0.09465313702821732,0.10039977729320526,1.1,0.0,300.5,1.2158186435699463,1.0184199810028076,46.8083381652832,63.28037643432617,34.96185302734375,118.5916976928711,46.25212860107422,28300.771484375,79378.1953125,19764.638671875,42501.41015625,0.2546049952507019,0.043307796120643616,0.027270829305052757,0.009653483517467976,0.549286425113678,517.2001953125,0.8913151025772095,0.7769461716044335,9014.6396484375,13.541934314057384,0.4143446981906891,0.0031293376814574003,0.43316412859560066,0.45,12,1.0
/home/iams/ramlab_ws/src/unitree_rl_mjlab/logs/rsl_rl/h1_2_velocity_a1_v2/2026-08-26_10-02-56_a1a_fullmirror_jacc1e-7_standing15_s42/model_10000.pt,td3,"['velocity', 'orientation', 'height']",8,43,0.141536146402359,0.0975964143872261,0.1167449951171875,0.09432309865951538,0.09778672456741333,1.2,0.0,300.5,1.2142468690872192,1.016103744506836,46.604679107666016,62.745750427246094,35.034122467041016,116.5444107055664,46.44650650024414,28286.19140625,81167.9140625,19558.267578125,42737.2265625,0.254025936126709,0.04272748902440071,0.027132362127304077,0.009654246270656586,0.5476629734039307,515.4067993164062,0.8948047161102295,0.775453391500866,8964.1728515625,13.487013865143858,0.4145004153251648,0.0031012925319373608,0.44201438848920865,0.45,12,1.0
/home/iams/ramlab_ws/src/unitree_rl_mjlab/logs/rsl_rl/h1_2_velocity_a1_v2/2026-08-26_10-02-56_a1a_fullmirror_jacc1e-7_standing15_s42/model_10000.pt,td3,"['velocity', 'orientation', 'height']",8,42,0.1400405466556549,0.1168258935213089,0.14841081202030182,0.09594264626502991,0.11094460636377335,0.96,0.0,300.5,1.350437045097351,1.0811998844146729,53.13581085205078,66.28287506103516,44.43504333496094,109.30671691894531,58.288902282714844,29977.970703125,81026.9375,20093.9609375,42897.51171875,0.2702999711036682,0.046731989830732346,0.03297997638583183,0.0094218160957098,0.614804744720459,607.7230224609375,0.8247656226158142,0.8561850458069492,10065.4072265625,14.180557552966322,0.4386070668697357,0.005285405553877354,0.46814995428223105,0.5,12,1.0
/home/iams/ramlab_ws/src/unitree_rl_mjlab/logs/rsl_rl/h1_2_velocity_a1_v2/2026-08-26_10-02-56_a1a_fullmirror_jacc1e-7_standing15_s42/model_10000.pt,td3,"['velocity', 'orientation', 'height']",8,43,0.14002421498298645,0.11643501371145248,0.14782576262950897,0.09599921852350235,0.11043990403413773,0.96,0.0,300.5,1.3502298593521118,1.08087158203125,53.26369094848633,66.57257080078125,44.43206024169922,112.6856918334961,58.2591438293457,30012.267578125,81018.1875,20303.08203125,42980.6328125,0.2702178955078125,0.04670768231153488,0.0329771563410759,0.009413369931280613,0.614500880241394,607.6686401367188,0.8251302242279053,0.8561730171014093,10060.62109375,14.174882042314575,0.438321590423584,0.005302976351231337,0.4663023679417122,0.5,12,1.0
/home/iams/ramlab_ws/src/unitree_rl_mjlab/logs/rsl_rl/h1_2_velocity_a1_v2/2026-08-26_10-02-56_a1a_fullmirror_jacc1e-7_standing15_s42/model_10000.pt,td3,"['velocity', 'orientation', 'height']",8,42,0.15717023611068726,0.13927243649959564,0.25945600867271423,0.12009721994400024,0.14030061662197113,1.02,0.0001302083401242271,293.7120361328125,1.4836385250091553,1.095945954322815,63.91627502441406,72.62200164794922,59.15202331542969,117.0964584350586,82.0940170288086,30808.080078125,69581.1796875,23293.9609375,46778.08203125,0.27398648858070374,0.0546288937330246,0.04354662448167801,0.010993222706019878,0.6920056939125061,677.5850219726562,0.7322396039962769,0.9214086383420288,10716.5888671875,14.572867930045787,0.48838597536087036,0.014178283512592316,0.4803001876172608,0.55,12,1.0
/home/iams/ramlab_ws/src/unitree_rl_mjlab/logs/rsl_rl/h1_2_velocity_a1_v2/2026-08-26_10-02-56_a1a_fullmirror_jacc1e-7_standing15_s42/model_10000.pt,td3,"['velocity', 'orientation', 'height']",8,43,0.15600121021270752,0.13263259828090668,0.2568049132823944,0.1186419427394867,0.1372297704219818,0.88,0.00010416666918899864,295.2261047363281,1.4855601787567139,1.0988318920135498,63.92108154296875,72.47760772705078,59.27878952026367,113.70887756347656,82.22557830810547,30789.296875,67880.8046875,23183.787109375,47137.6796875,0.27470797300338745,0.05405757948756218,0.043104853481054306,0.010873897932469845,0.6942014694213867,679.7169189453125,0.7384244799613953,0.928973868098913,10725.224609375,14.658238685763433,0.4920634925365448,0.010820725001394749,0.4828670229487583,0.55,12,1.0
/home/iams/ramlab_ws/src/unitree_rl_mjlab/logs/rsl_rl/h1_2_velocity_a1_v2/2026-08-26_10-02-56_a1a_fullmirror_jacc1e-7_standing15_s42/model_10000.pt,td3,"['velocity', 'orientation', 'height']",8,42,0.1919526755809784,0.1749526709318161,0.3657759726047516,0.1656891107559204,0.18187133967876434,1.06,0.0005729166441597044,271.4475402832031,1.535784125328064,1.0848346948623657,70.2608642578125,80.48262023925781,64.44841766357422,109.03524017333984,83.48731231689453,30318.595703125,57556.34765625,27909.626953125,44673.26171875,0.27120867371559143,0.06628675758838654,0.05350542813539505,0.014465800486505032,0.7220735549926758,750.363037109375,0.6434114575386047,1.0112560221972562,11195.0087890625,15.087390740334207,0.5760627388954163,0.055478859692811966,0.4387317909168809,0.6,12,1.0
/home/iams/ramlab_ws/src/unitree_rl_mjlab/logs/rsl_rl/h1_2_velocity_a1_v2/2026-08-26_10-02-56_a1a_fullmirror_jacc1e-7_standing15_s42/model_10000.pt,td3,"['velocity', 'orientation', 'height']",8,43,0.19147828221321106,0.17551401257514954,0.36091935634613037,0.1634729951620102,0.18178468942642212,1.06,0.0005989583441987634,267.7193298339844,1.5334006547927856,1.0827490091323853,69.95220947265625,79.87129974365234,64.3891372680664,107.89107513427734,84.12149047851562,30110.890625,56579.47265625,27461.326171875,44283.984375,0.2706872522830963,0.06634650379419327,0.05364716798067093,0.014099400490522385,0.71921706199646,748.0067749023438,0.6444791555404663,1.0138795935301477,11215.046875,15.201343649005059,0.5779580473899841,0.04987994208931923,0.4394849785407725,0.6,12,1.0
/home/iams/ramlab_ws/src/unitree_rl_mjlab/logs/rsl_rl/h1_2_velocity_a1_v2/2026-08-26_10-02-56_a1a_fullmirror_jacc1e-7_standing15_s42/model_10000.pt,td3,"['velocity', 'orientation', 'height']",8,42,0.2682192325592041,0.23915362358093262,0.48967283964157104,0.2603644132614136,0.25482839345932007,0.86,0.0018749999580904841,202.38134765625,1.679050087928772,1.1389950513839722,79.1762466430664,92.3943099975586,71.1488037109375,120.16421508789062,89.25153350830078,33381.5859375,56106.84375,34315.23828125,48498.5390625,0.28474876284599304,0.09876305609941483,0.06392723321914673,0.020979315042495728,0.779635488986969,868.9163818359375,0.5674609541893005,1.1177289084913338,11573.7646484375,14.887890962291296,0.7240002155303955,0.13145875930786133,0.3803863298662704,0.7,12,1.0
/home/iams/ramlab_ws/src/unitree_rl_mjlab/logs/rsl_rl/h1_2_velocity_a1_v2/2026-08-26_10-02-56_a1a_fullmirror_jacc1e-7_standing15_s42/model_10000.pt,td3,"['velocity', 'orientation', 'height']",8,43,0.2803352475166321,0.24290995299816132,0.5020763874053955,0.2613562345504761,0.25372380018234253,0.8200000000000001,0.0024218750186264515,174.37208557128906,1.6933385133743286,1.1351666450500488,79.39665222167969,92.6289291381836,71.37138366699219,123.78854370117188,89.37716674804688,34064.2734375,58451.796875,34750.01953125,49459.4921875,0.2837916612625122,0.10433901846408844,0.06659951061010361,0.022249557077884674,0.7776299118995667,867.9067993164062,0.5792708396911621,1.1308314938011812,11534.3544921875,15.028584654757395,0.7415058016777039,0.1361822932958603,0.3860266398592611,0.7,12,1.0
/home/iams/ramlab_ws/src/unitree_rl_mjlab/logs/rsl_rl/h1_2_velocity_a1_v2/2026-08-26_10-02-56_a1a_fullmirror_jacc1e-7_standing15_s42/model_10000.pt,td3,"['velocity', 'orientation', 'height']",8,42,0.34435170888900757,0.26298120617866516,0.5389307737350464,0.3389177620410919,0.27192723751068115,0.88,0.0034895832650363445,145.086669921875,1.8350847959518433,1.2186806201934814,84.92327117919922,100.05289459228516,75.48454284667969,135.0980682373047,97.27923583984375,38740.14453125,66260.859375,38734.8984375,54849.96875,0.30467015504837036,0.12363304197788239,0.0762438178062439,0.026965415105223656,0.8250260353088379,950.0875244140625,0.5143880248069763,1.1802712243502071,11956.9619140625,14.853848572166916,0.8299195170402527,0.2105105221271515,0.3396727111897391,0.8,12,1.0
/home/iams/ramlab_ws/src/unitree_rl_mjlab/logs/rsl_rl/h1_2_velocity_a1_v2/2026-08-26_10-02-56_a1a_fullmirror_jacc1e-7_standing15_s42/model_10000.pt,td3,"['velocity', 'orientation', 'height']",8,43,0.3312924802303314,0.25562503933906555,0.506574809551239,0.31827518343925476,0.2591342628002167,0.88,0.0032291666138917208,147.572998046875,1.8072389364242554,1.2100356817245483,83.49433135986328,98.84789276123047,73.81488800048828,137.62889099121094,95.6826400756836,38011.41796875,66249.140625,38121.74609375,57939.5625,0.3025089204311371,0.11745695769786835,0.07269909232854843,0.02502533420920372,0.8056117296218872,925.9540405273438,0.5149219036102295,1.153158295225295,11801.5322265625,14.69731125372677,0.8151919841766357,0.18926891684532166,0.3369159903487607,0.8,12,1.0
/home/iams/ramlab_ws/src/unitree_rl_mjlab/logs/rsl_rl/h1_2_velocity_a1_v2/2026-08-26_10-02-56_a1a_fullmirror_jacc1e-7_standing15_s42/model_10000.pt,td3,"['velocity', 'orientation', 'height']",8,42,0.3046383857727051,0.22671659290790558,0.502787172794342,0.29894888401031494,0.23124448955059052,0.88,0.0030989584047347307,180.76577758789062,1.7725660800933838,1.1969181299209595,81.6421127319336,97.10713195800781,71.7193832397461,134.250244140625,90.79951477050781,38061.734375,64634.609375,38062.09765625,54679.44921875,0.29922953248023987,0.11290578544139862,0.06781056523323059,0.023285480216145515,0.7732378244400024,861.4508056640625,0.5400911569595337,1.0879245178325343,11165.505859375,14.100895646621813,0.7675873041152954,0.17471955716609955,0.33297203555170174,0.9,12,1.0
/home/iams/ramlab_ws/src/unitree_rl_mjlab/logs/rsl_rl/h1_2_velocity_a1_v2/2026-08-26_10-02-56_a1a_fullmirror_jacc1e-7_standing15_s42/model_10000.pt,td3,"['velocity', 'orientation', 'height']",8,43,0.3597114384174347,0.24815984070301056,0.5779405236244202,0.31298691034317017,0.2585119307041168,0.8,0.004765625111758709,126.0675277709961,1.8582947254180908,1.2067523002624512,85.02191162109375,99.98321533203125,75.69630432128906,144.58937072753906,100.96491241455078,40436.98046875,70844.7578125,39128.65625,58776.390625,0.3016880750656128,0.1308518797159195,0.07843513786792755,0.02788715437054634,0.795960009098053,899.7103881835938,0.5514843463897705,1.1515898678628633,11332.103515625,14.504594754774327,0.8295586705207825,0.18646776676177979,0.3289783679588777,0.9,12,1.0
